2026-05-22 09:42:59.583 | INFO     | app.main:log_requests:66 - Incoming request: POST http://127.0.0.1:8000/frontend-log
2026-05-22 09:42:59.584 | INFO     | app.main:log_requests:66 - Incoming request: POST http://127.0.0.1:8000/get_sets
2026-05-22 09:42:59.585 | INFO     | app.routers.logs:receive_frontend_logs:10 - [INFO] Sets screen render start {}
2026-05-22 09:42:59.586 | INFO     | app.routers.get_sets:get_sets:11 - Getting Sets attempt: name='Sergey'
2026-05-22 09:42:59.594 | INFO     | app.main:log_requests:74 - Response status: 200
2026-05-22 09:42:59.605 | INFO     | app.routers.get_sets:get_sets:16 - Getting Sets success: [{'id': 1, 'name': 'Set-1', 'word_ids': [6, 5, 4, 3, 2, 1]}, {'id': 2, 'name': 'Set-2', 'word_ids': [12, 11, 10, 9, 8, 7]}, {'id': 5, 'name': 'Set-3', 'word_ids': [30, 29, 28, 27, 26, 25]}, {'id': 6, 'name': 'Set-4', 'word_ids': [36, 35, 34, 33, 32, 31]}, {'id': 7, 'name': 'Set-5', 'word_ids': [42, 41, 40, 39, 38, 37]}, {'id': 8, 'name': 'Set-6', 'word_ids': [48, 47, 46, 45, 44, 43]}]
2026-05-22 09:42:59.606 | INFO     | app.main:log_requests:74 - Response status: 200
2026-05-22 09:42:59.609 | INFO     | app.main:log_requests:66 - Incoming request: POST http://127.0.0.1:8000/frontend-log
2026-05-22 09:42:59.610 | INFO     | app.routers.logs:receive_frontend_logs:10 - [INFO] Get sets of Sergey request sent {}
2026-05-22 09:42:59.610 | INFO     | app.main:log_requests:74 - Response status: 200
2026-05-22 09:43:00.644 | INFO     | app.main:log_requests:66 - Incoming request: POST http://127.0.0.1:8000/get_words
2026-05-22 09:43:00.647 | INFO     | app.routers.get_words_from_set:get_words:11 - Getting Sets attempt: word_ids=[6, 5, 4, 3, 2, 1]
2026-05-22 09:43:00.647 | INFO     | app.services.set_service:get_words_from_set:128 - [GET WORDS] Start fetching words for IDs: [6, 5, 4, 3, 2, 1]
2026-05-22 09:43:00.647 | INFO     | app.services.set_service:get_words_from_set:131 - [GET WORDS] Fetching words for ID: 6
2026-05-22 09:43:00.651 | INFO     | app.services.set_service:get_words_from_set:139 - [GET WORDS] Found word: id=6, word='seize'
2026-05-22 09:43:00.651 | INFO     | app.services.set_service:get_words_from_set:131 - [GET WORDS] Fetching words for ID: 5
2026-05-22 09:43:00.652 | INFO     | app.services.set_service:get_words_from_set:139 - [GET WORDS] Found word: id=5, word='settle'
2026-05-22 09:43:00.652 | INFO     | app.services.set_service:get_words_from_set:131 - [GET WORDS] Fetching words for ID: 4
2026-05-22 09:43:00.654 | INFO     | app.services.set_service:get_words_from_set:139 - [GET WORDS] Found word: id=4, word='suit'
2026-05-22 09:43:00.654 | INFO     | app.services.set_service:get_words_from_set:131 - [GET WORDS] Fetching words for ID: 3
2026-05-22 09:43:00.655 | INFO     | app.services.set_service:get_words_from_set:139 - [GET WORDS] Found word: id=3, word='request'
2026-05-22 09:43:00.655 | INFO     | app.services.set_service:get_words_from_set:131 - [GET WORDS] Fetching words for ID: 2
2026-05-22 09:43:00.657 | INFO     | app.services.set_service:get_words_from_set:139 - [GET WORDS] Found word: id=2, word='rise'
2026-05-22 09:43:00.657 | INFO     | app.services.set_service:get_words_from_set:131 - [GET WORDS] Fetching words for ID: 1
2026-05-22 09:43:00.658 | INFO     | app.services.set_service:get_words_from_set:139 - [GET WORDS] Found word: id=1, word='enterprise'
2026-05-22 09:43:00.659 | INFO     | app.services.set_service:get_words_from_set:141 - [GET WORDS] Final result list: [{'id': 6, 'word': 'seize'}, {'id': 5, 'word': 'settle'}, {'id': 4, 'word': 'suit'}, {'id': 3, 'word': 'request'}, {'id': 2, 'word': 'rise'}, {'id': 1, 'word': 'enterprise'}]
2026-05-22 09:43:00.659 | INFO     | app.routers.get_words_from_set:get_words:16 - Getting Sets success: [{'id': 6, 'word': 'seize'}, {'id': 5, 'word': 'settle'}, {'id': 4, 'word': 'suit'}, {'id': 3, 'word': 'request'}, {'id': 2, 'word': 'rise'}, {'id': 1, 'word': 'enterprise'}]
2026-05-22 09:43:00.659 | INFO     | app.main:log_requests:74 - Response status: 200
2026-05-22 09:43:00.662 | INFO     | app.main:log_requests:66 - Incoming request: POST http://127.0.0.1:8000/frontend-log
2026-05-22 09:43:00.663 | INFO     | app.routers.logs:receive_frontend_logs:10 - [INFO] Get words from Set-1 request sent {}
2026-05-22 09:43:00.663 | INFO     | app.main:log_requests:74 - Response status: 200
2026-05-22 09:43:02.263 | INFO     | app.main:log_requests:66 - Incoming request: POST http://127.0.0.1:8000/frontend-log
2026-05-22 09:43:02.264 | INFO     | app.main:log_requests:66 - Incoming request: POST http://127.0.0.1:8000/frontend-log
2026-05-22 09:43:02.267 | INFO     | app.routers.logs:receive_frontend_logs:10 - [INFO] Word { word } clicked {'word': 'seize'}
2026-05-22 09:43:02.268 | INFO     | app.main:log_requests:66 - Incoming request: POST http://127.0.0.1:8000/frontend-log
2026-05-22 09:43:02.268 | INFO     | app.main:log_requests:66 - Incoming request: POST http://127.0.0.1:8000/frontend-log
2026-05-22 09:43:02.268 | INFO     | app.main:log_requests:66 - Incoming request: POST http://127.0.0.1:8000/frontend-log
2026-05-22 09:43:02.268 | INFO     | app.main:log_requests:66 - Incoming request: POST http://127.0.0.1:8000/frontend-log
2026-05-22 09:43:02.269 | INFO     | app.main:log_requests:74 - Response status: 200
2026-05-22 09:43:02.270 | INFO     | app.routers.logs:receive_frontend_logs:10 - [INFO] Word screen render start {}
2026-05-22 09:43:02.270 | INFO     | app.main:log_requests:74 - Response status: 200
2026-05-22 09:43:02.271 | INFO     | app.routers.logs:receive_frontend_logs:10 - [INFO] Word screen node {'found': True}
2026-05-22 09:43:02.272 | INFO     | app.routers.logs:receive_frontend_logs:10 - [INFO] Word request from the base {}
2026-05-22 09:43:02.272 | INFO     | app.routers.logs:receive_frontend_logs:10 - [INFO] Word request start {'word': 'seize', 'user_id': 2}
2026-05-22 09:43:02.272 | INFO     | app.routers.logs:receive_frontend_logs:10 - [INFO] get_word request shape {'endpoint': '/get_word', 'method': 'POST', 'hasToken': True}
2026-05-22 09:43:02.273 | INFO     | app.main:log_requests:66 - Incoming request: POST http://127.0.0.1:8000/get_word
2026-05-22 09:43:02.273 | INFO     | app.main:log_requests:74 - Response status: 200
2026-05-22 09:43:02.274 | INFO     | app.main:log_requests:74 - Response status: 200
2026-05-22 09:43:02.274 | INFO     | app.main:log_requests:74 - Response status: 200
2026-05-22 09:43:02.275 | INFO     | app.main:log_requests:74 - Response status: 200
2026-05-22 09:43:02.277 | INFO     | app.routers.get_word:get_word:11 - Reading Word attempt: user_id=2 word='seize'
2026-05-22 09:43:02.280 | INFO     | app.routers.get_word:get_word:16 - Reading word success: seize
2026-05-22 09:43:02.280 | ERROR    | app.main:log_requests:71 - Unhandled error: app.schemas.word.WordReadResponse() argument after ** must be a mapping, not Word
Traceback (most recent call last):

  File "<string>", line 1, in <module>
  File "/usr/lib/python3.12/multiprocessing/spawn.py", line 122, in spawn_main
    exitcode = _main(fd, parent_sentinel)
               │     │   └ 4
               │     └ 7
               └ <function _main at 0x7fe4513e1c60>
  File "/usr/lib/python3.12/multiprocessing/spawn.py", line 135, in _main
    return self._bootstrap(parent_sentinel)
           │    │          └ 4
           │    └ <function BaseProcess._bootstrap at 0x7fe4514bff60>
           └ <SpawnProcess name='SpawnProcess-2' parent=4711 started>
  File "/usr/lib/python3.12/multiprocessing/process.py", line 314, in _bootstrap
    self.run()
    │    └ <function BaseProcess.run at 0x7fe4514bf4c0>
    └ <SpawnProcess name='SpawnProcess-2' parent=4711 started>
  File "/usr/lib/python3.12/multiprocessing/process.py", line 108, in run
    self._target(*self._args, **self._kwargs)
    │    │        │    │        │    └ {'config': <uvicorn.config.Config object at 0x7fe4508a12e0>, 'target': <bound method Server.run of <uvicorn.server.Server obj...
    │    │        │    │        └ <SpawnProcess name='SpawnProcess-2' parent=4711 started>
    │    │        │    └ ()
    │    │        └ <SpawnProcess name='SpawnProcess-2' parent=4711 started>
    │    └ <function subprocess_started at 0x7fe45069db20>
    └ <SpawnProcess name='SpawnProcess-2' parent=4711 started>
  File "/home/serg/PycharmProjects/WordChain/backend/.venv/lib/python3.12/site-packages/uvicorn/_subprocess.py", line 80, in subprocess_started
    target(sockets=sockets)
    │              └ [<socket.socket fd=3, family=2, type=1, proto=0, laddr=('127.0.0.1', 8000)>]
    └ <bound method Server.run of <uvicorn.server.Server object at 0x7fe4506e6150>>
  File "/home/serg/PycharmProjects/WordChain/backend/.venv/lib/python3.12/site-packages/uvicorn/server.py", line 67, in run
    return asyncio_run(self.serve(sockets=sockets), loop_factory=self.config.get_loop_factory())
           │           │    │             │                      │    │      └ <function Config.get_loop_factory at 0x7fe450888d60>
           │           │    │             │                      │    └ <uvicorn.config.Config object at 0x7fe4508a12e0>
           │           │    │             │                      └ <uvicorn.server.Server object at 0x7fe4506e6150>
           │           │    │             └ [<socket.socket fd=3, family=2, type=1, proto=0, laddr=('127.0.0.1', 8000)>]
           │           │    └ <function Server.serve at 0x7fe45069cea0>
           │           └ <uvicorn.server.Server object at 0x7fe4506e6150>
           └ <function run at 0x7fe450f36c00>
  File "/usr/lib/python3.12/asyncio/runners.py", line 194, in run
    return runner.run(main)
           │      │   └ <coroutine object Server.serve at 0x7fe4514449e0>
           │      └ <function Runner.run at 0x7fe450f96340>
           └ <asyncio.runners.Runner object at 0x7fe4508a0140>
  File "/usr/lib/python3.12/asyncio/runners.py", line 118, in run
    return self._loop.run_until_complete(task)
           │    │     │                  └ <Task pending name='Task-1' coro=<Server.serve() running at /home/serg/PycharmProjects/WordChain/backend/.venv/lib/python3.12...
           │    │     └ <function BaseEventLoop.run_until_complete at 0x7fe450f8ff60>
           │    └ <_UnixSelectorEventLoop running=True closed=False debug=False>
           └ <asyncio.runners.Runner object at 0x7fe4508a0140>
  File "/usr/lib/python3.12/asyncio/base_events.py", line 674, in run_until_complete
    self.run_forever()
    │    └ <function BaseEventLoop.run_forever at 0x7fe450f8fec0>
    └ <_UnixSelectorEventLoop running=True closed=False debug=False>
  File "/usr/lib/python3.12/asyncio/base_events.py", line 641, in run_forever
    self._run_once()
    │    └ <function BaseEventLoop._run_once at 0x7fe450f95d00>
    └ <_UnixSelectorEventLoop running=True closed=False debug=False>
  File "/usr/lib/python3.12/asyncio/base_events.py", line 1987, in _run_once
    handle._run()
    │      └ <function Handle._run at 0x7fe4511ca200>
    └ <Handle Task.task_wakeup(<Future finished result=True>)>
  File "/usr/lib/python3.12/asyncio/events.py", line 88, in _run
    self._context.run(self._callback, *self._args)
    │    │            │    │           │    └ <member '_args' of 'Handle' objects>
    │    │            │    │           └ <Handle Task.task_wakeup(<Future finished result=True>)>
    │    │            │    └ <member '_callback' of 'Handle' objects>
    │    │            └ <Handle Task.task_wakeup(<Future finished result=True>)>
    │    └ <member '_context' of 'Handle' objects>
    └ <Handle Task.task_wakeup(<Future finished result=True>)>
  File "/home/serg/PycharmProjects/WordChain/backend/.venv/lib/python3.12/site-packages/uvicorn/protocols/http/h11_impl.py", line 410, in run_asgi
    result = await app(  # type: ignore[func-returns-value]
                   └ <uvicorn.middleware.proxy_headers.ProxyHeadersMiddleware object at 0x7fe4506e62d0>
  File "/home/serg/PycharmProjects/WordChain/backend/.venv/lib/python3.12/site-packages/uvicorn/middleware/proxy_headers.py", line 60, in __call__
    return await self.app(scope, receive, send)
                 │    │   │      │        └ <bound method RequestResponseCycle.send of <uvicorn.protocols.http.h11_impl.RequestResponseCycle object at 0x7fe44c1d6720>>
                 │    │   │      └ <bound method RequestResponseCycle.receive of <uvicorn.protocols.http.h11_impl.RequestResponseCycle object at 0x7fe44c1d6720>>
                 │    │   └ {'type': 'http', 'asgi': {'version': '3.0', 'spec_version': '2.3'}, 'http_version': '1.1', 'server': ('127.0.0.1', 8000), 'cl...
                 │    └ <fastapi.applications.FastAPI object at 0x7fe45076d160>
                 └ <uvicorn.middleware.proxy_headers.ProxyHeadersMiddleware object at 0x7fe4506e62d0>
  File "/home/serg/PycharmProjects/WordChain/backend/.venv/lib/python3.12/site-packages/fastapi/applications.py", line 1135, in __call__
    await super().__call__(scope, receive, send)
                           │      │        └ <bound method RequestResponseCycle.send of <uvicorn.protocols.http.h11_impl.RequestResponseCycle object at 0x7fe44c1d6720>>
                           │      └ <bound method RequestResponseCycle.receive of <uvicorn.protocols.http.h11_impl.RequestResponseCycle object at 0x7fe44c1d6720>>
                           └ {'type': 'http', 'asgi': {'version': '3.0', 'spec_version': '2.3'}, 'http_version': '1.1', 'server': ('127.0.0.1', 8000), 'cl...
  File "/home/serg/PycharmProjects/WordChain/backend/.venv/lib/python3.12/site-packages/starlette/applications.py", line 107, in __call__
    await self.middleware_stack(scope, receive, send)
          │    │                │      │        └ <bound method RequestResponseCycle.send of <uvicorn.protocols.http.h11_impl.RequestResponseCycle object at 0x7fe44c1d6720>>
          │    │                │      └ <bound method RequestResponseCycle.receive of <uvicorn.protocols.http.h11_impl.RequestResponseCycle object at 0x7fe44c1d6720>>
          │    │                └ {'type': 'http', 'asgi': {'version': '3.0', 'spec_version': '2.3'}, 'http_version': '1.1', 'server': ('127.0.0.1', 8000), 'cl...
          │    └ <starlette.middleware.errors.ServerErrorMiddleware object at 0x7fe44c288b30>
          └ <fastapi.applications.FastAPI object at 0x7fe45076d160>
  File "/home/serg/PycharmProjects/WordChain/backend/.venv/lib/python3.12/site-packages/starlette/middleware/errors.py", line 164, in __call__
    await self.app(scope, receive, _send)
          │    │   │      │        └ <function ServerErrorMiddleware.__call__.<locals>._send at 0x7fe44c314ae0>
          │    │   │      └ <bound method RequestResponseCycle.receive of <uvicorn.protocols.http.h11_impl.RequestResponseCycle object at 0x7fe44c1d6720>>
          │    │   └ {'type': 'http', 'asgi': {'version': '3.0', 'spec_version': '2.3'}, 'http_version': '1.1', 'server': ('127.0.0.1', 8000), 'cl...
          │    └ <starlette.middleware.base.BaseHTTPMiddleware object at 0x7fe44c288b00>
          └ <starlette.middleware.errors.ServerErrorMiddleware object at 0x7fe44c288b30>
  File "/home/serg/PycharmProjects/WordChain/backend/.venv/lib/python3.12/site-packages/starlette/middleware/base.py", line 193, in __call__
    response = await self.dispatch_func(request, call_next)
                     │    │             │        └ <function BaseHTTPMiddleware.__call__.<locals>.call_next at 0x7fe44c314a40>
                     │    │             └ <starlette.middleware.base._CachedRequest object at 0x7fe44c1c10a0>
                     │    └ <function log_requests at 0x7fe44c266a20>
                     └ <starlette.middleware.base.BaseHTTPMiddleware object at 0x7fe44c288b00>

> File "/home/serg/PycharmProjects/WordChain/backend/app/main.py", line 69, in log_requests
    response = await call_next(request)
                     │         └ <starlette.middleware.base._CachedRequest object at 0x7fe44c1c10a0>
                     └ <function BaseHTTPMiddleware.__call__.<locals>.call_next at 0x7fe44c314a40>

  File "/home/serg/PycharmProjects/WordChain/backend/.venv/lib/python3.12/site-packages/starlette/middleware/base.py", line 168, in call_next
    raise app_exc from app_exc.__cause__ or app_exc.__context__
          │            │       │            │       └ <attribute '__context__' of 'BaseException' objects>
          │            │       │            └ TypeError('app.schemas.word.WordReadResponse() argument after ** must be a mapping, not Word')
          │            │       └ <attribute '__cause__' of 'BaseException' objects>
          │            └ TypeError('app.schemas.word.WordReadResponse() argument after ** must be a mapping, not Word')
          └ TypeError('app.schemas.word.WordReadResponse() argument after ** must be a mapping, not Word')
  File "/home/serg/PycharmProjects/WordChain/backend/.venv/lib/python3.12/site-packages/starlette/middleware/base.py", line 144, in coro
    await self.app(scope, receive_or_disconnect, send_no_error)
          │    │   │      │                      └ <function BaseHTTPMiddleware.__call__.<locals>.call_next.<locals>.send_no_error at 0x7fe44c314ea0>
          │    │   │      └ <function BaseHTTPMiddleware.__call__.<locals>.call_next.<locals>.receive_or_disconnect at 0x7fe44c314900>
          │    │   └ {'type': 'http', 'asgi': {'version': '3.0', 'spec_version': '2.3'}, 'http_version': '1.1', 'server': ('127.0.0.1', 8000), 'cl...
          │    └ <starlette.middleware.cors.CORSMiddleware object at 0x7fe44c288ad0>
          └ <starlette.middleware.base.BaseHTTPMiddleware object at 0x7fe44c288b00>
  File "/home/serg/PycharmProjects/WordChain/backend/.venv/lib/python3.12/site-packages/starlette/middleware/cors.py", line 93, in __call__
    await self.simple_response(scope, receive, send, request_headers=headers)
          │    │               │      │        │                     └ Headers({'host': '127.0.0.1:8000', 'connection': 'keep-alive', 'content-length': '28', 'sec-ch-ua-platform': '"Linux"', 'auth...
          │    │               │      │        └ <function BaseHTTPMiddleware.__call__.<locals>.call_next.<locals>.send_no_error at 0x7fe44c314ea0>
          │    │               │      └ <function BaseHTTPMiddleware.__call__.<locals>.call_next.<locals>.receive_or_disconnect at 0x7fe44c314900>
          │    │               └ {'type': 'http', 'asgi': {'version': '3.0', 'spec_version': '2.3'}, 'http_version': '1.1', 'server': ('127.0.0.1', 8000), 'cl...
          │    └ <function CORSMiddleware.simple_response at 0x7fe44f85f740>
          └ <starlette.middleware.cors.CORSMiddleware object at 0x7fe44c288ad0>
  File "/home/serg/PycharmProjects/WordChain/backend/.venv/lib/python3.12/site-packages/starlette/middleware/cors.py", line 144, in simple_response
    await self.app(scope, receive, send)
          │    │   │      │        └ functools.partial(<bound method CORSMiddleware.send of <starlette.middleware.cors.CORSMiddleware object at 0x7fe44c288ad0>>, ...
          │    │   │      └ <function BaseHTTPMiddleware.__call__.<locals>.call_next.<locals>.receive_or_disconnect at 0x7fe44c314900>
          │    │   └ {'type': 'http', 'asgi': {'version': '3.0', 'spec_version': '2.3'}, 'http_version': '1.1', 'server': ('127.0.0.1', 8000), 'cl...
          │    └ <starlette.middleware.exceptions.ExceptionMiddleware object at 0x7fe44c288aa0>
          └ <starlette.middleware.cors.CORSMiddleware object at 0x7fe44c288ad0>
  File "/home/serg/PycharmProjects/WordChain/backend/.venv/lib/python3.12/site-packages/starlette/middleware/exceptions.py", line 63, in __call__
    await wrap_app_handling_exceptions(self.app, conn)(scope, receive, send)
          │                            │    │    │     │      │        └ functools.partial(<bound method CORSMiddleware.send of <starlette.middleware.cors.CORSMiddleware object at 0x7fe44c288ad0>>, ...
          │                            │    │    │     │      └ <function BaseHTTPMiddleware.__call__.<locals>.call_next.<locals>.receive_or_disconnect at 0x7fe44c314900>
          │                            │    │    │     └ {'type': 'http', 'asgi': {'version': '3.0', 'spec_version': '2.3'}, 'http_version': '1.1', 'server': ('127.0.0.1', 8000), 'cl...
          │                            │    │    └ <starlette.requests.Request object at 0x7fe44c199340>
          │                            │    └ <fastapi.middleware.asyncexitstack.AsyncExitStackMiddleware object at 0x7fe44c288710>
          │                            └ <starlette.middleware.exceptions.ExceptionMiddleware object at 0x7fe44c288aa0>
          └ <function wrap_app_handling_exceptions at 0x7fe44f80d6c0>
  File "/home/serg/PycharmProjects/WordChain/backend/.venv/lib/python3.12/site-packages/starlette/_exception_handler.py", line 53, in wrapped_app
    raise exc
  File "/home/serg/PycharmProjects/WordChain/backend/.venv/lib/python3.12/site-packages/starlette/_exception_handler.py", line 42, in wrapped_app
    await app(scope, receive, sender)
          │   │      │        └ <function wrap_app_handling_exceptions.<locals>.wrapped_app.<locals>.sender at 0x7fe44c190fe0>
          │   │      └ <function BaseHTTPMiddleware.__call__.<locals>.call_next.<locals>.receive_or_disconnect at 0x7fe44c314900>
          │   └ {'type': 'http', 'asgi': {'version': '3.0', 'spec_version': '2.3'}, 'http_version': '1.1', 'server': ('127.0.0.1', 8000), 'cl...
          └ <fastapi.middleware.asyncexitstack.AsyncExitStackMiddleware object at 0x7fe44c288710>
  File "/home/serg/PycharmProjects/WordChain/backend/.venv/lib/python3.12/site-packages/fastapi/middleware/asyncexitstack.py", line 18, in __call__
    await self.app(scope, receive, send)
          │    │   │      │        └ <function wrap_app_handling_exceptions.<locals>.wrapped_app.<locals>.sender at 0x7fe44c190fe0>
          │    │   │      └ <function BaseHTTPMiddleware.__call__.<locals>.call_next.<locals>.receive_or_disconnect at 0x7fe44c314900>
          │    │   └ {'type': 'http', 'asgi': {'version': '3.0', 'spec_version': '2.3'}, 'http_version': '1.1', 'server': ('127.0.0.1', 8000), 'cl...
          │    └ <fastapi.routing.APIRouter object at 0x7fe44c37ad50>
          └ <fastapi.middleware.asyncexitstack.AsyncExitStackMiddleware object at 0x7fe44c288710>
  File "/home/serg/PycharmProjects/WordChain/backend/.venv/lib/python3.12/site-packages/starlette/routing.py", line 716, in __call__
    await self.middleware_stack(scope, receive, send)
          │    │                │      │        └ <function wrap_app_handling_exceptions.<locals>.wrapped_app.<locals>.sender at 0x7fe44c190fe0>
          │    │                │      └ <function BaseHTTPMiddleware.__call__.<locals>.call_next.<locals>.receive_or_disconnect at 0x7fe44c314900>
          │    │                └ {'type': 'http', 'asgi': {'version': '3.0', 'spec_version': '2.3'}, 'http_version': '1.1', 'server': ('127.0.0.1', 8000), 'cl...
          │    └ <bound method Router.app of <fastapi.routing.APIRouter object at 0x7fe44c37ad50>>
          └ <fastapi.routing.APIRouter object at 0x7fe44c37ad50>
  File "/home/serg/PycharmProjects/WordChain/backend/.venv/lib/python3.12/site-packages/starlette/routing.py", line 736, in app
    await route.handle(scope, receive, send)
          │     │      │      │        └ <function wrap_app_handling_exceptions.<locals>.wrapped_app.<locals>.sender at 0x7fe44c190fe0>
          │     │      │      └ <function BaseHTTPMiddleware.__call__.<locals>.call_next.<locals>.receive_or_disconnect at 0x7fe44c314900>
          │     │      └ {'type': 'http', 'asgi': {'version': '3.0', 'spec_version': '2.3'}, 'http_version': '1.1', 'server': ('127.0.0.1', 8000), 'cl...
          │     └ <function Route.handle at 0x7fe44f80eca0>
          └ APIRoute(path='/get_word', name='get_word', methods=['POST'])
  File "/home/serg/PycharmProjects/WordChain/backend/.venv/lib/python3.12/site-packages/starlette/routing.py", line 290, in handle
    await self.app(scope, receive, send)
          │    │   │      │        └ <function wrap_app_handling_exceptions.<locals>.wrapped_app.<locals>.sender at 0x7fe44c190fe0>
          │    │   │      └ <function BaseHTTPMiddleware.__call__.<locals>.call_next.<locals>.receive_or_disconnect at 0x7fe44c314900>
          │    │   └ {'type': 'http', 'asgi': {'version': '3.0', 'spec_version': '2.3'}, 'http_version': '1.1', 'server': ('127.0.0.1', 8000), 'cl...
          │    └ <function request_response.<locals>.app at 0x7fe44c2667a0>
          └ APIRoute(path='/get_word', name='get_word', methods=['POST'])
  File "/home/serg/PycharmProjects/WordChain/backend/.venv/lib/python3.12/site-packages/fastapi/routing.py", line 120, in app
    await wrap_app_handling_exceptions(app, request)(scope, receive, send)
          │                            │    │        │      │        └ <function wrap_app_handling_exceptions.<locals>.wrapped_app.<locals>.sender at 0x7fe44c190fe0>
          │                            │    │        │      └ <function BaseHTTPMiddleware.__call__.<locals>.call_next.<locals>.receive_or_disconnect at 0x7fe44c314900>
          │                            │    │        └ {'type': 'http', 'asgi': {'version': '3.0', 'spec_version': '2.3'}, 'http_version': '1.1', 'server': ('127.0.0.1', 8000), 'cl...
          │                            │    └ <starlette.requests.Request object at 0x7fe44c19bb30>
          │                            └ <function request_response.<locals>.app.<locals>.app at 0x7fe44c191b20>
          └ <function wrap_app_handling_exceptions at 0x7fe44f80d6c0>
  File "/home/serg/PycharmProjects/WordChain/backend/.venv/lib/python3.12/site-packages/starlette/_exception_handler.py", line 53, in wrapped_app
    raise exc
  File "/home/serg/PycharmProjects/WordChain/backend/.venv/lib/python3.12/site-packages/starlette/_exception_handler.py", line 42, in wrapped_app
    await app(scope, receive, sender)
          │   │      │        └ <function wrap_app_handling_exceptions.<locals>.wrapped_app.<locals>.sender at 0x7fe44c192b60>
          │   │      └ <function BaseHTTPMiddleware.__call__.<locals>.call_next.<locals>.receive_or_disconnect at 0x7fe44c314900>
          │   └ {'type': 'http', 'asgi': {'version': '3.0', 'spec_version': '2.3'}, 'http_version': '1.1', 'server': ('127.0.0.1', 8000), 'cl...
          └ <function request_response.<locals>.app.<locals>.app at 0x7fe44c191b20>
  File "/home/serg/PycharmProjects/WordChain/backend/.venv/lib/python3.12/site-packages/fastapi/routing.py", line 106, in app
    response = await f(request)
                     │ └ <starlette.requests.Request object at 0x7fe44c19bb30>
                     └ <function get_request_handler.<locals>.app at 0x7fe44c266660>
  File "/home/serg/PycharmProjects/WordChain/backend/.venv/lib/python3.12/site-packages/fastapi/routing.py", line 427, in app
    raw_response = await run_endpoint_function(
                         └ <function run_endpoint_function at 0x7fe44f824c20>
  File "/home/serg/PycharmProjects/WordChain/backend/.venv/lib/python3.12/site-packages/fastapi/routing.py", line 313, in run_endpoint_function
    return await dependant.call(**values)
                 │         │      └ {'req': WordReadRequest(user_id=2, word='seize')}
                 │         └ <function get_word at 0x7fe44d36d800>
                 └ Dependant(path_params=[], query_params=[], header_params=[], cookie_params=[], body_params=[ModelField(field_info=Body(Pydant...

  File "/home/serg/PycharmProjects/WordChain/backend/app/routers/get_word.py", line 17, in get_word
    return WordReadResponse(**result)
           │                  └ <app.db.models.word.Word object at 0x7fe44c1c1760>
           └ <class 'app.schemas.word.WordReadResponse'>

TypeError: app.schemas.word.WordReadResponse() argument after ** must be a mapping, not Word
2026-05-22 09:43:02.291 | INFO     | app.main:log_requests:66 - Incoming request: POST http://127.0.0.1:8000/frontend-log
2026-05-22 09:43:02.292 | INFO     | app.main:log_requests:66 - Incoming request: POST http://127.0.0.1:8000/frontend-log
2026-05-22 09:43:02.292 | INFO     | app.main:log_requests:66 - Incoming request: POST http://127.0.0.1:8000/frontend-log
2026-05-22 09:43:02.293 | INFO     | app.routers.logs:receive_frontend_logs:10 - [ERROR] get_word request failed {'error': 'Failed to fetch'}
2026-05-22 09:43:02.293 | INFO     | app.routers.logs:receive_frontend_logs:10 - [ERROR] Word request failed in UI {'error': 'Failed to fetch'}
2026-05-22 09:43:02.294 | INFO     | app.routers.logs:receive_frontend_logs:10 - [INFO] Word details loaded {'word': 'seize', 'hasData': False}
2026-05-22 09:43:02.294 | INFO     | app.main:log_requests:74 - Response status: 200
2026-05-22 09:43:02.295 | INFO     | app.main:log_requests:74 - Response status: 200
2026-05-22 09:43:02.295 | INFO     | app.main:log_requests:74 - Response status: 200
2026-05-22 09:45:03.329 | INFO     | app.main:log_requests:66 - Incoming request: OPTIONS http://127.0.0.1:8000/frontend-log
2026-05-22 09:45:03.330 | INFO     | app.main:log_requests:66 - Incoming request: POST http://127.0.0.1:8000/get_sets
2026-05-22 09:45:03.330 | INFO     | app.main:log_requests:74 - Response status: 200
2026-05-22 09:45:03.332 | INFO     | app.routers.get_sets:get_sets:11 - Getting Sets attempt: name='Sergey'
2026-05-22 09:45:03.340 | INFO     | app.main:log_requests:66 - Incoming request: POST http://127.0.0.1:8000/frontend-log
2026-05-22 09:45:03.341 | INFO     | app.routers.logs:receive_frontend_logs:10 - [INFO] Sets screen render start {}
2026-05-22 09:45:03.341 | INFO     | app.main:log_requests:74 - Response status: 200
2026-05-22 09:45:03.351 | INFO     | app.routers.get_sets:get_sets:16 - Getting Sets success: [{'id': 1, 'name': 'Set-1', 'word_ids': [6, 5, 4, 3, 2, 1]}, {'id': 2, 'name': 'Set-2', 'word_ids': [12, 11, 10, 9, 8, 7]}, {'id': 5, 'name': 'Set-3', 'word_ids': [30, 29, 28, 27, 26, 25]}, {'id': 6, 'name': 'Set-4', 'word_ids': [36, 35, 34, 33, 32, 31]}, {'id': 7, 'name': 'Set-5', 'word_ids': [42, 41, 40, 39, 38, 37]}, {'id': 8, 'name': 'Set-6', 'word_ids': [48, 47, 46, 45, 44, 43]}]
2026-05-22 09:45:03.351 | INFO     | app.main:log_requests:74 - Response status: 200
2026-05-22 09:45:03.354 | INFO     | app.main:log_requests:66 - Incoming request: POST http://127.0.0.1:8000/frontend-log
2026-05-22 09:45:03.355 | INFO     | app.routers.logs:receive_frontend_logs:10 - [INFO] Get sets of Sergey request sent {}
2026-05-22 09:45:03.355 | INFO     | app.main:log_requests:74 - Response status: 200
2026-05-22 09:45:04.326 | INFO     | app.main:log_requests:66 - Incoming request: POST http://127.0.0.1:8000/get_words
2026-05-22 09:45:04.327 | INFO     | app.routers.get_words_from_set:get_words:11 - Getting Sets attempt: word_ids=[6, 5, 4, 3, 2, 1]
2026-05-22 09:45:04.329 | INFO     | app.services.set_service:get_words_from_set:128 - [GET WORDS] Start fetching words for IDs: [6, 5, 4, 3, 2, 1]
2026-05-22 09:45:04.329 | INFO     | app.services.set_service:get_words_from_set:131 - [GET WORDS] Fetching words for ID: 6
2026-05-22 09:45:04.334 | INFO     | app.services.set_service:get_words_from_set:139 - [GET WORDS] Found word: id=6, word='seize'
2026-05-22 09:45:04.334 | INFO     | app.services.set_service:get_words_from_set:131 - [GET WORDS] Fetching words for ID: 5
2026-05-22 09:45:04.336 | INFO     | app.services.set_service:get_words_from_set:139 - [GET WORDS] Found word: id=5, word='settle'
2026-05-22 09:45:04.336 | INFO     | app.services.set_service:get_words_from_set:131 - [GET WORDS] Fetching words for ID: 4
2026-05-22 09:45:04.337 | INFO     | app.services.set_service:get_words_from_set:139 - [GET WORDS] Found word: id=4, word='suit'
2026-05-22 09:45:04.337 | INFO     | app.services.set_service:get_words_from_set:131 - [GET WORDS] Fetching words for ID: 3
2026-05-22 09:45:04.339 | INFO     | app.services.set_service:get_words_from_set:139 - [GET WORDS] Found word: id=3, word='request'
2026-05-22 09:45:04.340 | INFO     | app.services.set_service:get_words_from_set:131 - [GET WORDS] Fetching words for ID: 2
2026-05-22 09:45:04.341 | INFO     | app.services.set_service:get_words_from_set:139 - [GET WORDS] Found word: id=2, word='rise'
2026-05-22 09:45:04.341 | INFO     | app.services.set_service:get_words_from_set:131 - [GET WORDS] Fetching words for ID: 1
2026-05-22 09:45:04.343 | INFO     | app.services.set_service:get_words_from_set:139 - [GET WORDS] Found word: id=1, word='enterprise'
2026-05-22 09:45:04.343 | INFO     | app.services.set_service:get_words_from_set:141 - [GET WORDS] Final result list: [{'id': 6, 'word': 'seize'}, {'id': 5, 'word': 'settle'}, {'id': 4, 'word': 'suit'}, {'id': 3, 'word': 'request'}, {'id': 2, 'word': 'rise'}, {'id': 1, 'word': 'enterprise'}]
2026-05-22 09:45:04.344 | INFO     | app.routers.get_words_from_set:get_words:16 - Getting Sets success: [{'id': 6, 'word': 'seize'}, {'id': 5, 'word': 'settle'}, {'id': 4, 'word': 'suit'}, {'id': 3, 'word': 'request'}, {'id': 2, 'word': 'rise'}, {'id': 1, 'word': 'enterprise'}]
2026-05-22 09:45:04.344 | INFO     | app.main:log_requests:74 - Response status: 200
2026-05-22 09:45:04.347 | INFO     | app.main:log_requests:66 - Incoming request: POST http://127.0.0.1:8000/frontend-log
2026-05-22 09:45:04.347 | INFO     | app.routers.logs:receive_frontend_logs:10 - [INFO] Get words from Set-1 request sent {}
2026-05-22 09:45:04.348 | INFO     | app.main:log_requests:74 - Response status: 200
2026-05-22 09:45:06.497 | INFO     | app.main:log_requests:66 - Incoming request: POST http://127.0.0.1:8000/frontend-log
2026-05-22 09:45:06.498 | INFO     | app.main:log_requests:66 - Incoming request: POST http://127.0.0.1:8000/frontend-log
2026-05-22 09:45:06.499 | INFO     | app.main:log_requests:66 - Incoming request: POST http://127.0.0.1:8000/frontend-log
2026-05-22 09:45:06.502 | INFO     | app.routers.logs:receive_frontend_logs:10 - [INFO] Word { word } clicked {'word': 'suit'}
2026-05-22 09:45:06.502 | INFO     | app.main:log_requests:66 - Incoming request: POST http://127.0.0.1:8000/frontend-log
2026-05-22 09:45:06.502 | INFO     | app.main:log_requests:66 - Incoming request: POST http://127.0.0.1:8000/frontend-log
2026-05-22 09:45:06.502 | INFO     | app.main:log_requests:66 - Incoming request: POST http://127.0.0.1:8000/frontend-log
2026-05-22 09:45:06.503 | INFO     | app.routers.logs:receive_frontend_logs:10 - [INFO] Word screen render start {}
2026-05-22 09:45:06.503 | INFO     | app.main:log_requests:74 - Response status: 200
2026-05-22 09:45:06.504 | INFO     | app.routers.logs:receive_frontend_logs:10 - [INFO] Word screen node {'found': True}
2026-05-22 09:45:06.504 | INFO     | app.main:log_requests:74 - Response status: 200
2026-05-22 09:45:06.505 | INFO     | app.main:log_requests:74 - Response status: 200
2026-05-22 09:45:06.506 | INFO     | app.routers.logs:receive_frontend_logs:10 - [INFO] Word request from the base {}
2026-05-22 09:45:06.506 | INFO     | app.routers.logs:receive_frontend_logs:10 - [INFO] Word request start {'word': 'suit', 'user_id': 2}
2026-05-22 09:45:06.506 | INFO     | app.routers.logs:receive_frontend_logs:10 - [INFO] get_word request shape {'endpoint': '/get_word', 'method': 'POST', 'hasToken': True}
2026-05-22 09:45:06.507 | INFO     | app.main:log_requests:66 - Incoming request: POST http://127.0.0.1:8000/get_word
2026-05-22 09:45:06.508 | INFO     | app.main:log_requests:74 - Response status: 200
2026-05-22 09:45:06.508 | INFO     | app.main:log_requests:74 - Response status: 200
2026-05-22 09:45:06.509 | INFO     | app.main:log_requests:74 - Response status: 200
2026-05-22 09:45:06.509 | INFO     | app.routers.get_word:get_word:11 - Reading Word attempt: user_id=2 word='suit'
2026-05-22 09:45:06.512 | INFO     | app.routers.get_word:get_word:16 - Reading word success: suit
2026-05-22 09:45:06.513 | ERROR    | app.main:log_requests:71 - Unhandled error: BaseModel.__init__() takes 1 positional argument but 2 were given
Traceback (most recent call last):

  File "<string>", line 1, in <module>
  File "/usr/lib/python3.12/multiprocessing/spawn.py", line 122, in spawn_main
    exitcode = _main(fd, parent_sentinel)
               │     │   └ 4
               │     └ 7
               └ <function _main at 0x7c5ab53e1c60>
  File "/usr/lib/python3.12/multiprocessing/spawn.py", line 135, in _main
    return self._bootstrap(parent_sentinel)
           │    │          └ 4
           │    └ <function BaseProcess._bootstrap at 0x7c5ab54bff60>
           └ <SpawnProcess name='SpawnProcess-3' parent=4711 started>
  File "/usr/lib/python3.12/multiprocessing/process.py", line 314, in _bootstrap
    self.run()
    │    └ <function BaseProcess.run at 0x7c5ab54bf4c0>
    └ <SpawnProcess name='SpawnProcess-3' parent=4711 started>
  File "/usr/lib/python3.12/multiprocessing/process.py", line 108, in run
    self._target(*self._args, **self._kwargs)
    │    │        │    │        │    └ {'config': <uvicorn.config.Config object at 0x7c5ab48a8110>, 'target': <bound method Server.run of <uvicorn.server.Server obj...
    │    │        │    │        └ <SpawnProcess name='SpawnProcess-3' parent=4711 started>
    │    │        │    └ ()
    │    │        └ <SpawnProcess name='SpawnProcess-3' parent=4711 started>
    │    └ <function subprocess_started at 0x7c5ab46a1b20>
    └ <SpawnProcess name='SpawnProcess-3' parent=4711 started>
  File "/home/serg/PycharmProjects/WordChain/backend/.venv/lib/python3.12/site-packages/uvicorn/_subprocess.py", line 80, in subprocess_started
    target(sockets=sockets)
    │              └ [<socket.socket fd=3, family=2, type=1, proto=0, laddr=('127.0.0.1', 8000)>]
    └ <bound method Server.run of <uvicorn.server.Server object at 0x7c5ab46ea3f0>>
  File "/home/serg/PycharmProjects/WordChain/backend/.venv/lib/python3.12/site-packages/uvicorn/server.py", line 67, in run
    return asyncio_run(self.serve(sockets=sockets), loop_factory=self.config.get_loop_factory())
           │           │    │             │                      │    │      └ <function Config.get_loop_factory at 0x7c5ab4890d60>
           │           │    │             │                      │    └ <uvicorn.config.Config object at 0x7c5ab48a8110>
           │           │    │             │                      └ <uvicorn.server.Server object at 0x7c5ab46ea3f0>
           │           │    │             └ [<socket.socket fd=3, family=2, type=1, proto=0, laddr=('127.0.0.1', 8000)>]
           │           │    └ <function Server.serve at 0x7c5ab46a0ea0>
           │           └ <uvicorn.server.Server object at 0x7c5ab46ea3f0>
           └ <function run at 0x7c5ab4f2ac00>
  File "/usr/lib/python3.12/asyncio/runners.py", line 194, in run
    return runner.run(main)
           │      │   └ <coroutine object Server.serve at 0x7c5ab54449e0>
           │      └ <function Runner.run at 0x7c5ab4f8a340>
           └ <asyncio.runners.Runner object at 0x7c5ab51bf800>
  File "/usr/lib/python3.12/asyncio/runners.py", line 118, in run
    return self._loop.run_until_complete(task)
           │    │     │                  └ <Task pending name='Task-1' coro=<Server.serve() running at /home/serg/PycharmProjects/WordChain/backend/.venv/lib/python3.12...
           │    │     └ <function BaseEventLoop.run_until_complete at 0x7c5ab4f83f60>
           │    └ <_UnixSelectorEventLoop running=True closed=False debug=False>
           └ <asyncio.runners.Runner object at 0x7c5ab51bf800>
  File "/usr/lib/python3.12/asyncio/base_events.py", line 674, in run_until_complete
    self.run_forever()
    │    └ <function BaseEventLoop.run_forever at 0x7c5ab4f83ec0>
    └ <_UnixSelectorEventLoop running=True closed=False debug=False>
  File "/usr/lib/python3.12/asyncio/base_events.py", line 641, in run_forever
    self._run_once()
    │    └ <function BaseEventLoop._run_once at 0x7c5ab4f89d00>
    └ <_UnixSelectorEventLoop running=True closed=False debug=False>
  File "/usr/lib/python3.12/asyncio/base_events.py", line 1987, in _run_once
    handle._run()
    │      └ <function Handle._run at 0x7c5ab51f6200>
    └ <Handle Task.task_wakeup(<Future finished result=True>)>
  File "/usr/lib/python3.12/asyncio/events.py", line 88, in _run
    self._context.run(self._callback, *self._args)
    │    │            │    │           │    └ <member '_args' of 'Handle' objects>
    │    │            │    │           └ <Handle Task.task_wakeup(<Future finished result=True>)>
    │    │            │    └ <member '_callback' of 'Handle' objects>
    │    │            └ <Handle Task.task_wakeup(<Future finished result=True>)>
    │    └ <member '_context' of 'Handle' objects>
    └ <Handle Task.task_wakeup(<Future finished result=True>)>
  File "/home/serg/PycharmProjects/WordChain/backend/.venv/lib/python3.12/site-packages/uvicorn/protocols/http/h11_impl.py", line 410, in run_asgi
    result = await app(  # type: ignore[func-returns-value]
                   └ <uvicorn.middleware.proxy_headers.ProxyHeadersMiddleware object at 0x7c5ab46e94f0>
  File "/home/serg/PycharmProjects/WordChain/backend/.venv/lib/python3.12/site-packages/uvicorn/middleware/proxy_headers.py", line 60, in __call__
    return await self.app(scope, receive, send)
                 │    │   │      │        └ <bound method RequestResponseCycle.send of <uvicorn.protocols.http.h11_impl.RequestResponseCycle object at 0x7c5ab0235340>>
                 │    │   │      └ <bound method RequestResponseCycle.receive of <uvicorn.protocols.http.h11_impl.RequestResponseCycle object at 0x7c5ab0235340>>
                 │    │   └ {'type': 'http', 'asgi': {'version': '3.0', 'spec_version': '2.3'}, 'http_version': '1.1', 'server': ('127.0.0.1', 8000), 'cl...
                 │    └ <fastapi.applications.FastAPI object at 0x7c5ab0506a50>
                 └ <uvicorn.middleware.proxy_headers.ProxyHeadersMiddleware object at 0x7c5ab46e94f0>
  File "/home/serg/PycharmProjects/WordChain/backend/.venv/lib/python3.12/site-packages/fastapi/applications.py", line 1135, in __call__
    await super().__call__(scope, receive, send)
                           │      │        └ <bound method RequestResponseCycle.send of <uvicorn.protocols.http.h11_impl.RequestResponseCycle object at 0x7c5ab0235340>>
                           │      └ <bound method RequestResponseCycle.receive of <uvicorn.protocols.http.h11_impl.RequestResponseCycle object at 0x7c5ab0235340>>
                           └ {'type': 'http', 'asgi': {'version': '3.0', 'spec_version': '2.3'}, 'http_version': '1.1', 'server': ('127.0.0.1', 8000), 'cl...
  File "/home/serg/PycharmProjects/WordChain/backend/.venv/lib/python3.12/site-packages/starlette/applications.py", line 107, in __call__
    await self.middleware_stack(scope, receive, send)
          │    │                │      │        └ <bound method RequestResponseCycle.send of <uvicorn.protocols.http.h11_impl.RequestResponseCycle object at 0x7c5ab0235340>>
          │    │                │      └ <bound method RequestResponseCycle.receive of <uvicorn.protocols.http.h11_impl.RequestResponseCycle object at 0x7c5ab0235340>>
          │    │                └ {'type': 'http', 'asgi': {'version': '3.0', 'spec_version': '2.3'}, 'http_version': '1.1', 'server': ('127.0.0.1', 8000), 'cl...
          │    └ <starlette.middleware.errors.ServerErrorMiddleware object at 0x7c5ab02e5010>
          └ <fastapi.applications.FastAPI object at 0x7c5ab0506a50>
  File "/home/serg/PycharmProjects/WordChain/backend/.venv/lib/python3.12/site-packages/starlette/middleware/errors.py", line 164, in __call__
    await self.app(scope, receive, _send)
          │    │   │      │        └ <function ServerErrorMiddleware.__call__.<locals>._send at 0x7c5ab0305a80>
          │    │   │      └ <bound method RequestResponseCycle.receive of <uvicorn.protocols.http.h11_impl.RequestResponseCycle object at 0x7c5ab0235340>>
          │    │   └ {'type': 'http', 'asgi': {'version': '3.0', 'spec_version': '2.3'}, 'http_version': '1.1', 'server': ('127.0.0.1', 8000), 'cl...
          │    └ <starlette.middleware.base.BaseHTTPMiddleware object at 0x7c5ab02e4fe0>
          └ <starlette.middleware.errors.ServerErrorMiddleware object at 0x7c5ab02e5010>
  File "/home/serg/PycharmProjects/WordChain/backend/.venv/lib/python3.12/site-packages/starlette/middleware/base.py", line 193, in __call__
    response = await self.dispatch_func(request, call_next)
                     │    │             │        └ <function BaseHTTPMiddleware.__call__.<locals>.call_next at 0x7c5ab0171080>
                     │    │             └ <starlette.middleware.base._CachedRequest object at 0x7c5ab0235370>
                     │    └ <function log_requests at 0x7c5ab02c6a20>
                     └ <starlette.middleware.base.BaseHTTPMiddleware object at 0x7c5ab02e4fe0>

> File "/home/serg/PycharmProjects/WordChain/backend/app/main.py", line 69, in log_requests
    response = await call_next(request)
                     │         └ <starlette.middleware.base._CachedRequest object at 0x7c5ab0235370>
                     └ <function BaseHTTPMiddleware.__call__.<locals>.call_next at 0x7c5ab0171080>

  File "/home/serg/PycharmProjects/WordChain/backend/.venv/lib/python3.12/site-packages/starlette/middleware/base.py", line 168, in call_next
    raise app_exc from app_exc.__cause__ or app_exc.__context__
          │            │       │            │       └ <attribute '__context__' of 'BaseException' objects>
          │            │       │            └ TypeError('BaseModel.__init__() takes 1 positional argument but 2 were given')
          │            │       └ <attribute '__cause__' of 'BaseException' objects>
          │            └ TypeError('BaseModel.__init__() takes 1 positional argument but 2 were given')
          └ TypeError('BaseModel.__init__() takes 1 positional argument but 2 were given')
  File "/home/serg/PycharmProjects/WordChain/backend/.venv/lib/python3.12/site-packages/starlette/middleware/base.py", line 144, in coro
    await self.app(scope, receive_or_disconnect, send_no_error)
          │    │   │      │                      └ <function BaseHTTPMiddleware.__call__.<locals>.call_next.<locals>.send_no_error at 0x7c5ab01ed260>
          │    │   │      └ <function BaseHTTPMiddleware.__call__.<locals>.call_next.<locals>.receive_or_disconnect at 0x7c5ab01eeac0>
          │    │   └ {'type': 'http', 'asgi': {'version': '3.0', 'spec_version': '2.3'}, 'http_version': '1.1', 'server': ('127.0.0.1', 8000), 'cl...
          │    └ <starlette.middleware.cors.CORSMiddleware object at 0x7c5ab02e4f20>
          └ <starlette.middleware.base.BaseHTTPMiddleware object at 0x7c5ab02e4fe0>
  File "/home/serg/PycharmProjects/WordChain/backend/.venv/lib/python3.12/site-packages/starlette/middleware/cors.py", line 93, in __call__
    await self.simple_response(scope, receive, send, request_headers=headers)
          │    │               │      │        │                     └ Headers({'host': '127.0.0.1:8000', 'connection': 'keep-alive', 'content-length': '27', 'sec-ch-ua-platform': '"Linux"', 'auth...
          │    │               │      │        └ <function BaseHTTPMiddleware.__call__.<locals>.call_next.<locals>.send_no_error at 0x7c5ab01ed260>
          │    │               │      └ <function BaseHTTPMiddleware.__call__.<locals>.call_next.<locals>.receive_or_disconnect at 0x7c5ab01eeac0>
          │    │               └ {'type': 'http', 'asgi': {'version': '3.0', 'spec_version': '2.3'}, 'http_version': '1.1', 'server': ('127.0.0.1', 8000), 'cl...
          │    └ <function CORSMiddleware.simple_response at 0x7c5ab3853740>
          └ <starlette.middleware.cors.CORSMiddleware object at 0x7c5ab02e4f20>
  File "/home/serg/PycharmProjects/WordChain/backend/.venv/lib/python3.12/site-packages/starlette/middleware/cors.py", line 144, in simple_response
    await self.app(scope, receive, send)
          │    │   │      │        └ functools.partial(<bound method CORSMiddleware.send of <starlette.middleware.cors.CORSMiddleware object at 0x7c5ab02e4f20>>, ...
          │    │   │      └ <function BaseHTTPMiddleware.__call__.<locals>.call_next.<locals>.receive_or_disconnect at 0x7c5ab01eeac0>
          │    │   └ {'type': 'http', 'asgi': {'version': '3.0', 'spec_version': '2.3'}, 'http_version': '1.1', 'server': ('127.0.0.1', 8000), 'cl...
          │    └ <starlette.middleware.exceptions.ExceptionMiddleware object at 0x7c5ab02e4f80>
          └ <starlette.middleware.cors.CORSMiddleware object at 0x7c5ab02e4f20>
  File "/home/serg/PycharmProjects/WordChain/backend/.venv/lib/python3.12/site-packages/starlette/middleware/exceptions.py", line 63, in __call__
    await wrap_app_handling_exceptions(self.app, conn)(scope, receive, send)
          │                            │    │    │     │      │        └ functools.partial(<bound method CORSMiddleware.send of <starlette.middleware.cors.CORSMiddleware object at 0x7c5ab02e4f20>>, ...
          │                            │    │    │     │      └ <function BaseHTTPMiddleware.__call__.<locals>.call_next.<locals>.receive_or_disconnect at 0x7c5ab01eeac0>
          │                            │    │    │     └ {'type': 'http', 'asgi': {'version': '3.0', 'spec_version': '2.3'}, 'http_version': '1.1', 'server': ('127.0.0.1', 8000), 'cl...
          │                            │    │    └ <starlette.requests.Request object at 0x7c5ab07ab620>
          │                            │    └ <fastapi.middleware.asyncexitstack.AsyncExitStackMiddleware object at 0x7c5ab02e4ec0>
          │                            └ <starlette.middleware.exceptions.ExceptionMiddleware object at 0x7c5ab02e4f80>
          └ <function wrap_app_handling_exceptions at 0x7c5ab38016c0>
  File "/home/serg/PycharmProjects/WordChain/backend/.venv/lib/python3.12/site-packages/starlette/_exception_handler.py", line 53, in wrapped_app
    raise exc
  File "/home/serg/PycharmProjects/WordChain/backend/.venv/lib/python3.12/site-packages/starlette/_exception_handler.py", line 42, in wrapped_app
    await app(scope, receive, sender)
          │   │      │        └ <function wrap_app_handling_exceptions.<locals>.wrapped_app.<locals>.sender at 0x7c5ab0170a40>
          │   │      └ <function BaseHTTPMiddleware.__call__.<locals>.call_next.<locals>.receive_or_disconnect at 0x7c5ab01eeac0>
          │   └ {'type': 'http', 'asgi': {'version': '3.0', 'spec_version': '2.3'}, 'http_version': '1.1', 'server': ('127.0.0.1', 8000), 'cl...
          └ <fastapi.middleware.asyncexitstack.AsyncExitStackMiddleware object at 0x7c5ab02e4ec0>
  File "/home/serg/PycharmProjects/WordChain/backend/.venv/lib/python3.12/site-packages/fastapi/middleware/asyncexitstack.py", line 18, in __call__
    await self.app(scope, receive, send)
          │    │   │      │        └ <function wrap_app_handling_exceptions.<locals>.wrapped_app.<locals>.sender at 0x7c5ab0170a40>
          │    │   │      └ <function BaseHTTPMiddleware.__call__.<locals>.call_next.<locals>.receive_or_disconnect at 0x7c5ab01eeac0>
          │    │   └ {'type': 'http', 'asgi': {'version': '3.0', 'spec_version': '2.3'}, 'http_version': '1.1', 'server': ('127.0.0.1', 8000), 'cl...
          │    └ <fastapi.routing.APIRouter object at 0x7c5ab03d73b0>
          └ <fastapi.middleware.asyncexitstack.AsyncExitStackMiddleware object at 0x7c5ab02e4ec0>
  File "/home/serg/PycharmProjects/WordChain/backend/.venv/lib/python3.12/site-packages/starlette/routing.py", line 716, in __call__
    await self.middleware_stack(scope, receive, send)
          │    │                │      │        └ <function wrap_app_handling_exceptions.<locals>.wrapped_app.<locals>.sender at 0x7c5ab0170a40>
          │    │                │      └ <function BaseHTTPMiddleware.__call__.<locals>.call_next.<locals>.receive_or_disconnect at 0x7c5ab01eeac0>
          │    │                └ {'type': 'http', 'asgi': {'version': '3.0', 'spec_version': '2.3'}, 'http_version': '1.1', 'server': ('127.0.0.1', 8000), 'cl...
          │    └ <bound method Router.app of <fastapi.routing.APIRouter object at 0x7c5ab03d73b0>>
          └ <fastapi.routing.APIRouter object at 0x7c5ab03d73b0>
  File "/home/serg/PycharmProjects/WordChain/backend/.venv/lib/python3.12/site-packages/starlette/routing.py", line 736, in app
    await route.handle(scope, receive, send)
          │     │      │      │        └ <function wrap_app_handling_exceptions.<locals>.wrapped_app.<locals>.sender at 0x7c5ab0170a40>
          │     │      │      └ <function BaseHTTPMiddleware.__call__.<locals>.call_next.<locals>.receive_or_disconnect at 0x7c5ab01eeac0>
          │     │      └ {'type': 'http', 'asgi': {'version': '3.0', 'spec_version': '2.3'}, 'http_version': '1.1', 'server': ('127.0.0.1', 8000), 'cl...
          │     └ <function Route.handle at 0x7c5ab3802ca0>
          └ APIRoute(path='/get_word', name='get_word', methods=['POST'])
  File "/home/serg/PycharmProjects/WordChain/backend/.venv/lib/python3.12/site-packages/starlette/routing.py", line 290, in handle
    await self.app(scope, receive, send)
          │    │   │      │        └ <function wrap_app_handling_exceptions.<locals>.wrapped_app.<locals>.sender at 0x7c5ab0170a40>
          │    │   │      └ <function BaseHTTPMiddleware.__call__.<locals>.call_next.<locals>.receive_or_disconnect at 0x7c5ab01eeac0>
          │    │   └ {'type': 'http', 'asgi': {'version': '3.0', 'spec_version': '2.3'}, 'http_version': '1.1', 'server': ('127.0.0.1', 8000), 'cl...
          │    └ <function request_response.<locals>.app at 0x7c5ab02c67a0>
          └ APIRoute(path='/get_word', name='get_word', methods=['POST'])
  File "/home/serg/PycharmProjects/WordChain/backend/.venv/lib/python3.12/site-packages/fastapi/routing.py", line 120, in app
    await wrap_app_handling_exceptions(app, request)(scope, receive, send)
          │                            │    │        │      │        └ <function wrap_app_handling_exceptions.<locals>.wrapped_app.<locals>.sender at 0x7c5ab0170a40>
          │                            │    │        │      └ <function BaseHTTPMiddleware.__call__.<locals>.call_next.<locals>.receive_or_disconnect at 0x7c5ab01eeac0>
          │                            │    │        └ {'type': 'http', 'asgi': {'version': '3.0', 'spec_version': '2.3'}, 'http_version': '1.1', 'server': ('127.0.0.1', 8000), 'cl...
          │                            │    └ <starlette.requests.Request object at 0x7c5ab01f1940>
          │                            └ <function request_response.<locals>.app.<locals>.app at 0x7c5ab01c2160>
          └ <function wrap_app_handling_exceptions at 0x7c5ab38016c0>
  File "/home/serg/PycharmProjects/WordChain/backend/.venv/lib/python3.12/site-packages/starlette/_exception_handler.py", line 53, in wrapped_app
    raise exc
  File "/home/serg/PycharmProjects/WordChain/backend/.venv/lib/python3.12/site-packages/starlette/_exception_handler.py", line 42, in wrapped_app
    await app(scope, receive, sender)
          │   │      │        └ <function wrap_app_handling_exceptions.<locals>.wrapped_app.<locals>.sender at 0x7c5ab01ed300>
          │   │      └ <function BaseHTTPMiddleware.__call__.<locals>.call_next.<locals>.receive_or_disconnect at 0x7c5ab01eeac0>
          │   └ {'type': 'http', 'asgi': {'version': '3.0', 'spec_version': '2.3'}, 'http_version': '1.1', 'server': ('127.0.0.1', 8000), 'cl...
          └ <function request_response.<locals>.app.<locals>.app at 0x7c5ab01c2160>
  File "/home/serg/PycharmProjects/WordChain/backend/.venv/lib/python3.12/site-packages/fastapi/routing.py", line 106, in app
    response = await f(request)
                     │ └ <starlette.requests.Request object at 0x7c5ab01f1940>
                     └ <function get_request_handler.<locals>.app at 0x7c5ab02c6660>
  File "/home/serg/PycharmProjects/WordChain/backend/.venv/lib/python3.12/site-packages/fastapi/routing.py", line 427, in app
    raw_response = await run_endpoint_function(
                         └ <function run_endpoint_function at 0x7c5ab3818c20>
  File "/home/serg/PycharmProjects/WordChain/backend/.venv/lib/python3.12/site-packages/fastapi/routing.py", line 313, in run_endpoint_function
    return await dependant.call(**values)
                 │         │      └ {'req': WordReadRequest(user_id=2, word='suit')}
                 │         └ <function get_word at 0x7c5ab13c9800>
                 └ Dependant(path_params=[], query_params=[], header_params=[], cookie_params=[], body_params=[ModelField(field_info=Body(Pydant...

  File "/home/serg/PycharmProjects/WordChain/backend/app/routers/get_word.py", line 17, in get_word
    return WordReadResponse(result)
           │                └ <app.db.models.word.Word object at 0x7c5ab0222f30>
           └ <class 'app.schemas.word.WordReadResponse'>

TypeError: BaseModel.__init__() takes 1 positional argument but 2 were given
2026-05-22 09:45:06.523 | INFO     | app.main:log_requests:66 - Incoming request: POST http://127.0.0.1:8000/frontend-log
2026-05-22 09:45:06.524 | INFO     | app.main:log_requests:66 - Incoming request: POST http://127.0.0.1:8000/frontend-log
2026-05-22 09:45:06.525 | INFO     | app.main:log_requests:66 - Incoming request: POST http://127.0.0.1:8000/frontend-log
2026-05-22 09:45:06.526 | INFO     | app.routers.logs:receive_frontend_logs:10 - [ERROR] get_word request failed {'error': 'Failed to fetch'}
2026-05-22 09:45:06.527 | INFO     | app.main:log_requests:74 - Response status: 200
2026-05-22 09:45:06.527 | INFO     | app.routers.logs:receive_frontend_logs:10 - [ERROR] Word request failed in UI {'error': 'Failed to fetch'}
2026-05-22 09:45:06.528 | INFO     | app.routers.logs:receive_frontend_logs:10 - [INFO] Word details loaded {'word': 'suit', 'hasData': False}
2026-05-22 09:45:06.528 | INFO     | app.main:log_requests:74 - Response status: 200
2026-05-22 09:45:06.529 | INFO     | app.main:log_requests:74 - Response status: 200
2026-05-22 10:00:09.406 | INFO     | app.main:log_requests:66 - Incoming request: OPTIONS http://127.0.0.1:8000/frontend-log
2026-05-22 10:00:09.407 | INFO     | app.main:log_requests:66 - Incoming request: OPTIONS http://127.0.0.1:8000/get_sets
2026-05-22 10:00:09.407 | INFO     | app.main:log_requests:74 - Response status: 200
2026-05-22 10:00:09.408 | INFO     | app.main:log_requests:74 - Response status: 200
2026-05-22 10:00:09.410 | INFO     | app.main:log_requests:66 - Incoming request: POST http://127.0.0.1:8000/get_sets
2026-05-22 10:00:09.411 | INFO     | app.main:log_requests:66 - Incoming request: POST http://127.0.0.1:8000/frontend-log
2026-05-22 10:00:09.412 | INFO     | app.routers.get_sets:get_sets:11 - Getting Sets attempt: name='Sergey'
2026-05-22 10:00:09.419 | INFO     | app.routers.logs:receive_frontend_logs:10 - [INFO] Sets screen render start {}
2026-05-22 10:00:09.420 | INFO     | app.main:log_requests:74 - Response status: 200
2026-05-22 10:00:09.429 | INFO     | app.routers.get_sets:get_sets:16 - Getting Sets success: [{'id': 1, 'name': 'Set-1', 'word_ids': [6, 5, 4, 3, 2, 1]}, {'id': 2, 'name': 'Set-2', 'word_ids': [12, 11, 10, 9, 8, 7]}, {'id': 5, 'name': 'Set-3', 'word_ids': [30, 29, 28, 27, 26, 25]}, {'id': 6, 'name': 'Set-4', 'word_ids': [36, 35, 34, 33, 32, 31]}, {'id': 7, 'name': 'Set-5', 'word_ids': [42, 41, 40, 39, 38, 37]}, {'id': 8, 'name': 'Set-6', 'word_ids': [48, 47, 46, 45, 44, 43]}]
2026-05-22 10:00:09.429 | INFO     | app.main:log_requests:74 - Response status: 200
2026-05-22 10:00:09.473 | INFO     | app.main:log_requests:66 - Incoming request: POST http://127.0.0.1:8000/frontend-log
2026-05-22 10:00:09.474 | INFO     | app.routers.logs:receive_frontend_logs:10 - [INFO] Get sets of Sergey request sent {}
2026-05-22 10:00:09.474 | INFO     | app.main:log_requests:74 - Response status: 200
2026-05-22 10:00:10.458 | INFO     | app.main:log_requests:66 - Incoming request: OPTIONS http://127.0.0.1:8000/get_words
2026-05-22 10:00:10.458 | INFO     | app.main:log_requests:74 - Response status: 200
2026-05-22 10:00:10.462 | INFO     | app.main:log_requests:66 - Incoming request: POST http://127.0.0.1:8000/get_words
2026-05-22 10:00:10.463 | INFO     | app.routers.get_words_from_set:get_words:11 - Getting Sets attempt: word_ids=[6, 5, 4, 3, 2, 1]
2026-05-22 10:00:10.463 | INFO     | app.services.set_service:get_words_from_set:128 - [GET WORDS] Start fetching words for IDs: [6, 5, 4, 3, 2, 1]
2026-05-22 10:00:10.463 | INFO     | app.services.set_service:get_words_from_set:131 - [GET WORDS] Fetching words for ID: 6
2026-05-22 10:00:10.467 | INFO     | app.services.set_service:get_words_from_set:139 - [GET WORDS] Found word: id=6, word='seize'
2026-05-22 10:00:10.467 | INFO     | app.services.set_service:get_words_from_set:131 - [GET WORDS] Fetching words for ID: 5
2026-05-22 10:00:10.469 | INFO     | app.services.set_service:get_words_from_set:139 - [GET WORDS] Found word: id=5, word='settle'
2026-05-22 10:00:10.469 | INFO     | app.services.set_service:get_words_from_set:131 - [GET WORDS] Fetching words for ID: 4
2026-05-22 10:00:10.470 | INFO     | app.services.set_service:get_words_from_set:139 - [GET WORDS] Found word: id=4, word='suit'
2026-05-22 10:00:10.470 | INFO     | app.services.set_service:get_words_from_set:131 - [GET WORDS] Fetching words for ID: 3
2026-05-22 10:00:10.472 | INFO     | app.services.set_service:get_words_from_set:139 - [GET WORDS] Found word: id=3, word='request'
2026-05-22 10:00:10.472 | INFO     | app.services.set_service:get_words_from_set:131 - [GET WORDS] Fetching words for ID: 2
2026-05-22 10:00:10.473 | INFO     | app.services.set_service:get_words_from_set:139 - [GET WORDS] Found word: id=2, word='rise'
2026-05-22 10:00:10.473 | INFO     | app.services.set_service:get_words_from_set:131 - [GET WORDS] Fetching words for ID: 1
2026-05-22 10:00:10.475 | INFO     | app.services.set_service:get_words_from_set:139 - [GET WORDS] Found word: id=1, word='enterprise'
2026-05-22 10:00:10.475 | INFO     | app.services.set_service:get_words_from_set:141 - [GET WORDS] Final result list: [{'id': 6, 'word': 'seize'}, {'id': 5, 'word': 'settle'}, {'id': 4, 'word': 'suit'}, {'id': 3, 'word': 'request'}, {'id': 2, 'word': 'rise'}, {'id': 1, 'word': 'enterprise'}]
2026-05-22 10:00:10.475 | INFO     | app.routers.get_words_from_set:get_words:16 - Getting Sets success: [{'id': 6, 'word': 'seize'}, {'id': 5, 'word': 'settle'}, {'id': 4, 'word': 'suit'}, {'id': 3, 'word': 'request'}, {'id': 2, 'word': 'rise'}, {'id': 1, 'word': 'enterprise'}]
2026-05-22 10:00:10.476 | INFO     | app.main:log_requests:74 - Response status: 200
2026-05-22 10:00:10.478 | INFO     | app.main:log_requests:66 - Incoming request: POST http://127.0.0.1:8000/frontend-log
2026-05-22 10:00:10.479 | INFO     | app.routers.logs:receive_frontend_logs:10 - [INFO] Get words from Set-1 request sent {}
2026-05-22 10:00:10.479 | INFO     | app.main:log_requests:74 - Response status: 200
2026-05-22 10:00:13.364 | INFO     | app.main:log_requests:66 - Incoming request: POST http://127.0.0.1:8000/frontend-log
2026-05-22 10:00:13.365 | INFO     | app.main:log_requests:66 - Incoming request: POST http://127.0.0.1:8000/frontend-log
2026-05-22 10:00:13.368 | INFO     | app.main:log_requests:66 - Incoming request: POST http://127.0.0.1:8000/frontend-log
2026-05-22 10:00:13.369 | INFO     | app.routers.logs:receive_frontend_logs:10 - [INFO] Word { word } clicked {'word': 'rise'}
2026-05-22 10:00:13.370 | INFO     | app.main:log_requests:66 - Incoming request: POST http://127.0.0.1:8000/frontend-log
2026-05-22 10:00:13.370 | INFO     | app.main:log_requests:66 - Incoming request: POST http://127.0.0.1:8000/frontend-log
2026-05-22 10:00:13.370 | INFO     | app.main:log_requests:66 - Incoming request: POST http://127.0.0.1:8000/frontend-log
2026-05-22 10:00:13.371 | INFO     | app.main:log_requests:74 - Response status: 200
2026-05-22 10:00:13.372 | INFO     | app.routers.logs:receive_frontend_logs:10 - [INFO] Word screen render start {}
2026-05-22 10:00:13.372 | INFO     | app.routers.logs:receive_frontend_logs:10 - [INFO] Word screen node {'found': True}
2026-05-22 10:00:13.372 | INFO     | app.main:log_requests:74 - Response status: 200
2026-05-22 10:00:13.373 | INFO     | app.main:log_requests:74 - Response status: 200
2026-05-22 10:00:13.374 | INFO     | app.routers.logs:receive_frontend_logs:10 - [INFO] Word request from the base {}
2026-05-22 10:00:13.374 | INFO     | app.routers.logs:receive_frontend_logs:10 - [INFO] Word request start {'word': 'rise', 'user_id': 2}
2026-05-22 10:00:13.374 | INFO     | app.routers.logs:receive_frontend_logs:10 - [INFO] get_word request shape {'endpoint': '/get_word', 'method': 'POST', 'hasToken': True}
2026-05-22 10:00:13.374 | INFO     | app.main:log_requests:66 - Incoming request: OPTIONS http://127.0.0.1:8000/get_word
2026-05-22 10:00:13.375 | INFO     | app.main:log_requests:74 - Response status: 200
2026-05-22 10:00:13.376 | INFO     | app.main:log_requests:74 - Response status: 200
2026-05-22 10:00:13.376 | INFO     | app.main:log_requests:74 - Response status: 200
2026-05-22 10:00:13.377 | INFO     | app.main:log_requests:74 - Response status: 200
2026-05-22 10:00:13.380 | INFO     | app.main:log_requests:66 - Incoming request: POST http://127.0.0.1:8000/get_word
2026-05-22 10:00:13.380 | INFO     | app.routers.get_word:get_word:11 - Reading Word attempt: user_id=2 word='rise'
2026-05-22 10:00:13.383 | INFO     | app.routers.get_word:get_word:17 - Reading word success: rise
2026-05-22 10:00:13.384 | INFO     | app.main:log_requests:74 - Response status: 200
2026-05-22 10:00:13.427 | INFO     | app.main:log_requests:66 - Incoming request: POST http://127.0.0.1:8000/frontend-log
2026-05-22 10:00:13.428 | INFO     | app.main:log_requests:66 - Incoming request: POST http://127.0.0.1:8000/frontend-log
2026-05-22 10:00:13.428 | INFO     | app.routers.logs:receive_frontend_logs:10 - [INFO] getWord response shape {'keys': ['word', 'translation', 'part_of_speech', 'transcription', 'examples', 'synonyms'], 'isGuest': False}
2026-05-22 10:00:13.429 | INFO     | app.routers.logs:receive_frontend_logs:10 - [ERROR] Word details request failed {'word': 'rise', 'error': 'result is not defined'}
2026-05-22 10:00:13.429 | INFO     | app.main:log_requests:74 - Response status: 200
2026-05-22 10:00:13.429 | INFO     | app.main:log_requests:74 - Response status: 200
2026-05-22 10:03:40.975 | INFO     | app.main:log_requests:66 - Incoming request: POST http://127.0.0.1:8000/frontend-log
2026-05-22 10:03:40.976 | INFO     | app.main:log_requests:66 - Incoming request: POST http://127.0.0.1:8000/frontend-log
2026-05-22 10:03:40.977 | INFO     | app.routers.logs:receive_frontend_logs:10 - [INFO] Translate screen render start {}
2026-05-22 10:03:40.978 | INFO     | app.main:log_requests:74 - Response status: 200
2026-05-22 10:03:40.979 | INFO     | app.routers.logs:receive_frontend_logs:10 - [INFO] Translate screen node {'found': True}
2026-05-22 10:03:40.979 | INFO     | app.main:log_requests:66 - Incoming request: POST http://127.0.0.1:8000/frontend-log
2026-05-22 10:03:40.980 | INFO     | app.main:log_requests:66 - Incoming request: OPTIONS http://127.0.0.1:8000/me
2026-05-22 10:03:40.980 | INFO     | app.main:log_requests:74 - Response status: 200
2026-05-22 10:03:40.981 | INFO     | app.main:log_requests:74 - Response status: 200
2026-05-22 10:03:40.982 | INFO     | app.routers.logs:receive_frontend_logs:10 - [INFO] Me request shape {'endpoint': '/me', 'method': 'GET', 'hasToken': True}
2026-05-22 10:03:40.983 | INFO     | app.main:log_requests:74 - Response status: 200
2026-05-22 10:03:40.986 | INFO     | app.main:log_requests:66 - Incoming request: GET http://127.0.0.1:8000/me
2026-05-22 10:03:40.991 | INFO     | app.routers.auth:get_me:53 - Get current user. 2 - Sergey
2026-05-22 10:03:40.991 | INFO     | app.main:log_requests:74 - Response status: 200
2026-05-22 10:03:41.034 | INFO     | app.main:log_requests:66 - Incoming request: POST http://127.0.0.1:8000/frontend-log
2026-05-22 10:03:41.035 | INFO     | app.main:log_requests:66 - Incoming request: POST http://127.0.0.1:8000/frontend-log
2026-05-22 10:03:41.037 | INFO     | app.routers.logs:receive_frontend_logs:10 - [INFO] Me response shape {'keys': ['nickname', 'email', 'avatar_url', 'is_guest', 'is_premium', 'id', 'created_at', 'last_login'], 'isGuest': False}
2026-05-22 10:03:41.037 | INFO     | app.routers.logs:receive_frontend_logs:10 - [INFO] Init user success {'hasUser': True}
2026-05-22 10:03:41.038 | INFO     | app.main:log_requests:74 - Response status: 200
2026-05-22 10:03:41.038 | INFO     | app.main:log_requests:74 - Response status: 200
2026-05-22 10:04:24.667 | INFO     | app.main:log_requests:66 - Incoming request: POST http://127.0.0.1:8000/frontend-log
2026-05-22 10:04:24.668 | INFO     | app.routers.logs:receive_frontend_logs:10 - [INFO] Translate screen render start {}
2026-05-22 10:04:24.669 | INFO     | app.main:log_requests:66 - Incoming request: POST http://127.0.0.1:8000/frontend-log
2026-05-22 10:04:24.669 | INFO     | app.main:log_requests:74 - Response status: 200
2026-05-22 10:04:24.670 | INFO     | app.main:log_requests:66 - Incoming request: POST http://127.0.0.1:8000/frontend-log
2026-05-22 10:04:24.671 | INFO     | app.main:log_requests:66 - Incoming request: GET http://127.0.0.1:8000/me
2026-05-22 10:04:24.673 | INFO     | app.routers.logs:receive_frontend_logs:10 - [INFO] Translate screen node {'found': True}
2026-05-22 10:04:24.674 | INFO     | app.routers.logs:receive_frontend_logs:10 - [INFO] Me request shape {'endpoint': '/me', 'method': 'GET', 'hasToken': True}
2026-05-22 10:04:24.674 | INFO     | app.main:log_requests:74 - Response status: 200
2026-05-22 10:04:24.674 | INFO     | app.main:log_requests:74 - Response status: 200
2026-05-22 10:04:24.676 | INFO     | app.routers.auth:get_me:53 - Get current user. 2 - Sergey
2026-05-22 10:04:24.676 | INFO     | app.main:log_requests:74 - Response status: 200
2026-05-22 10:04:24.679 | INFO     | app.main:log_requests:66 - Incoming request: POST http://127.0.0.1:8000/frontend-log
2026-05-22 10:04:24.680 | INFO     | app.main:log_requests:66 - Incoming request: POST http://127.0.0.1:8000/frontend-log
2026-05-22 10:04:24.681 | INFO     | app.routers.logs:receive_frontend_logs:10 - [INFO] Me response shape {'keys': ['nickname', 'email', 'avatar_url', 'is_guest', 'is_premium', 'id', 'created_at', 'last_login'], 'isGuest': False}
2026-05-22 10:04:24.682 | INFO     | app.routers.logs:receive_frontend_logs:10 - [INFO] Init user success {'hasUser': True}
2026-05-22 10:04:24.682 | INFO     | app.main:log_requests:74 - Response status: 200
2026-05-22 10:04:24.683 | INFO     | app.main:log_requests:74 - Response status: 200
2026-05-22 10:04:31.596 | INFO     | app.main:log_requests:66 - Incoming request: POST http://127.0.0.1:8000/frontend-log
2026-05-22 10:04:31.597 | INFO     | app.main:log_requests:66 - Incoming request: POST http://127.0.0.1:8000/get_sets
2026-05-22 10:04:31.600 | INFO     | app.routers.logs:receive_frontend_logs:10 - [INFO] Sets screen render start {}
2026-05-22 10:04:31.600 | INFO     | app.routers.get_sets:get_sets:11 - Getting Sets attempt: name='Sergey'
2026-05-22 10:04:31.601 | INFO     | app.main:log_requests:74 - Response status: 200
2026-05-22 10:04:31.607 | INFO     | app.routers.get_sets:get_sets:16 - Getting Sets success: [{'id': 1, 'name': 'Set-1', 'word_ids': [6, 5, 4, 3, 2, 1]}, {'id': 2, 'name': 'Set-2', 'word_ids': [12, 11, 10, 9, 8, 7]}, {'id': 5, 'name': 'Set-3', 'word_ids': [30, 29, 28, 27, 26, 25]}, {'id': 6, 'name': 'Set-4', 'word_ids': [36, 35, 34, 33, 32, 31]}, {'id': 7, 'name': 'Set-5', 'word_ids': [42, 41, 40, 39, 38, 37]}, {'id': 8, 'name': 'Set-6', 'word_ids': [48, 47, 46, 45, 44, 43]}]
2026-05-22 10:04:31.607 | INFO     | app.main:log_requests:74 - Response status: 200
2026-05-22 10:04:31.610 | INFO     | app.main:log_requests:66 - Incoming request: POST http://127.0.0.1:8000/frontend-log
2026-05-22 10:04:31.610 | INFO     | app.routers.logs:receive_frontend_logs:10 - [INFO] Get sets of Sergey request sent {}
2026-05-22 10:04:31.611 | INFO     | app.main:log_requests:74 - Response status: 200
2026-05-22 10:04:32.287 | INFO     | app.main:log_requests:66 - Incoming request: POST http://127.0.0.1:8000/get_words
2026-05-22 10:04:32.288 | INFO     | app.routers.get_words_from_set:get_words:11 - Getting Sets attempt: word_ids=[6, 5, 4, 3, 2, 1]
2026-05-22 10:04:32.288 | INFO     | app.services.set_service:get_words_from_set:128 - [GET WORDS] Start fetching words for IDs: [6, 5, 4, 3, 2, 1]
2026-05-22 10:04:32.289 | INFO     | app.services.set_service:get_words_from_set:131 - [GET WORDS] Fetching words for ID: 6
2026-05-22 10:04:32.292 | INFO     | app.services.set_service:get_words_from_set:139 - [GET WORDS] Found word: id=6, word='seize'
2026-05-22 10:04:32.292 | INFO     | app.services.set_service:get_words_from_set:131 - [GET WORDS] Fetching words for ID: 5
2026-05-22 10:04:32.293 | INFO     | app.services.set_service:get_words_from_set:139 - [GET WORDS] Found word: id=5, word='settle'
2026-05-22 10:04:32.293 | INFO     | app.services.set_service:get_words_from_set:131 - [GET WORDS] Fetching words for ID: 4
2026-05-22 10:04:32.295 | INFO     | app.services.set_service:get_words_from_set:139 - [GET WORDS] Found word: id=4, word='suit'
2026-05-22 10:04:32.295 | INFO     | app.services.set_service:get_words_from_set:131 - [GET WORDS] Fetching words for ID: 3
2026-05-22 10:04:32.296 | INFO     | app.services.set_service:get_words_from_set:139 - [GET WORDS] Found word: id=3, word='request'
2026-05-22 10:04:32.296 | INFO     | app.services.set_service:get_words_from_set:131 - [GET WORDS] Fetching words for ID: 2
2026-05-22 10:04:32.298 | INFO     | app.services.set_service:get_words_from_set:139 - [GET WORDS] Found word: id=2, word='rise'
2026-05-22 10:04:32.298 | INFO     | app.services.set_service:get_words_from_set:131 - [GET WORDS] Fetching words for ID: 1
2026-05-22 10:04:32.299 | INFO     | app.services.set_service:get_words_from_set:139 - [GET WORDS] Found word: id=1, word='enterprise'
2026-05-22 10:04:32.299 | INFO     | app.services.set_service:get_words_from_set:141 - [GET WORDS] Final result list: [{'id': 6, 'word': 'seize'}, {'id': 5, 'word': 'settle'}, {'id': 4, 'word': 'suit'}, {'id': 3, 'word': 'request'}, {'id': 2, 'word': 'rise'}, {'id': 1, 'word': 'enterprise'}]
2026-05-22 10:04:32.300 | INFO     | app.routers.get_words_from_set:get_words:16 - Getting Sets success: [{'id': 6, 'word': 'seize'}, {'id': 5, 'word': 'settle'}, {'id': 4, 'word': 'suit'}, {'id': 3, 'word': 'request'}, {'id': 2, 'word': 'rise'}, {'id': 1, 'word': 'enterprise'}]
2026-05-22 10:04:32.300 | INFO     | app.main:log_requests:74 - Response status: 200
2026-05-22 10:04:32.303 | INFO     | app.main:log_requests:66 - Incoming request: POST http://127.0.0.1:8000/frontend-log
2026-05-22 10:04:32.303 | INFO     | app.routers.logs:receive_frontend_logs:10 - [INFO] Get words from Set-1 request sent {}
2026-05-22 10:04:32.304 | INFO     | app.main:log_requests:74 - Response status: 200
2026-05-22 10:04:33.024 | INFO     | app.main:log_requests:66 - Incoming request: POST http://127.0.0.1:8000/frontend-log
2026-05-22 10:04:33.025 | INFO     | app.main:log_requests:66 - Incoming request: POST http://127.0.0.1:8000/frontend-log
2026-05-22 10:04:33.029 | INFO     | app.routers.logs:receive_frontend_logs:10 - [INFO] Word { word } clicked {'word': 'seize'}
2026-05-22 10:04:33.029 | INFO     | app.main:log_requests:66 - Incoming request: POST http://127.0.0.1:8000/frontend-log
2026-05-22 10:04:33.029 | INFO     | app.main:log_requests:66 - Incoming request: POST http://127.0.0.1:8000/frontend-log
2026-05-22 10:04:33.029 | INFO     | app.main:log_requests:66 - Incoming request: POST http://127.0.0.1:8000/frontend-log
2026-05-22 10:04:33.030 | INFO     | app.main:log_requests:66 - Incoming request: POST http://127.0.0.1:8000/frontend-log
2026-05-22 10:04:33.030 | INFO     | app.main:log_requests:74 - Response status: 200
2026-05-22 10:04:33.031 | INFO     | app.routers.logs:receive_frontend_logs:10 - [INFO] Word screen render start {}
2026-05-22 10:04:33.032 | INFO     | app.main:log_requests:74 - Response status: 200
2026-05-22 10:04:33.033 | INFO     | app.routers.logs:receive_frontend_logs:10 - [INFO] Word screen node {'found': True}
2026-05-22 10:04:33.033 | INFO     | app.routers.logs:receive_frontend_logs:10 - [INFO] Word request from the base {}
2026-05-22 10:04:33.034 | INFO     | app.routers.logs:receive_frontend_logs:10 - [INFO] Word request start {'word': 'seize', 'user_id': 2}
2026-05-22 10:04:33.034 | INFO     | app.routers.logs:receive_frontend_logs:10 - [INFO] get_word request shape {'endpoint': '/get_word', 'method': 'POST', 'hasToken': True}
2026-05-22 10:04:33.034 | INFO     | app.main:log_requests:74 - Response status: 200
2026-05-22 10:04:33.035 | INFO     | app.main:log_requests:74 - Response status: 200
2026-05-22 10:04:33.035 | INFO     | app.main:log_requests:74 - Response status: 200
2026-05-22 10:04:33.036 | INFO     | app.main:log_requests:74 - Response status: 200
2026-05-22 10:04:33.036 | INFO     | app.main:log_requests:66 - Incoming request: POST http://127.0.0.1:8000/get_word
2026-05-22 10:04:33.037 | INFO     | app.routers.get_word:get_word:11 - Reading Word attempt: user_id=2 word='seize'
2026-05-22 10:04:33.041 | INFO     | app.routers.get_word:get_word:17 - Reading word success: seize
2026-05-22 10:04:33.041 | INFO     | app.main:log_requests:74 - Response status: 200
2026-05-22 10:04:33.084 | INFO     | app.main:log_requests:66 - Incoming request: POST http://127.0.0.1:8000/frontend-log
2026-05-22 10:04:33.085 | INFO     | app.main:log_requests:66 - Incoming request: POST http://127.0.0.1:8000/frontend-log
2026-05-22 10:04:33.085 | INFO     | app.routers.logs:receive_frontend_logs:10 - [INFO] getWord response shape {'keys': ['word', 'translation', 'part_of_speech', 'transcription', 'examples', 'synonyms']}
2026-05-22 10:04:33.086 | INFO     | app.routers.logs:receive_frontend_logs:10 - [ERROR] Word details request failed {'word': 'seize', 'error': "Cannot read properties of undefined (reading 'translation')"}
2026-05-22 10:04:33.086 | INFO     | app.main:log_requests:74 - Response status: 200
2026-05-22 10:04:33.086 | INFO     | app.main:log_requests:74 - Response status: 200
2026-05-22 10:11:24.501 | INFO     | app.main:log_requests:66 - Incoming request: OPTIONS http://127.0.0.1:8000/frontend-log
2026-05-22 10:11:24.502 | INFO     | app.main:log_requests:74 - Response status: 200
2026-05-22 10:11:24.503 | INFO     | app.main:log_requests:66 - Incoming request: OPTIONS http://127.0.0.1:8000/frontend-log
2026-05-22 10:11:24.503 | INFO     | app.main:log_requests:74 - Response status: 200
2026-05-22 10:11:24.504 | INFO     | app.main:log_requests:66 - Incoming request: OPTIONS http://127.0.0.1:8000/frontend-log
2026-05-22 10:11:24.505 | INFO     | app.main:log_requests:66 - Incoming request: GET http://127.0.0.1:8000/me
2026-05-22 10:11:24.505 | INFO     | app.main:log_requests:74 - Response status: 200
2026-05-22 10:11:24.508 | INFO     | app.main:log_requests:66 - Incoming request: POST http://127.0.0.1:8000/frontend-log
2026-05-22 10:11:24.508 | INFO     | app.main:log_requests:66 - Incoming request: POST http://127.0.0.1:8000/frontend-log
2026-05-22 10:11:24.509 | INFO     | app.main:log_requests:66 - Incoming request: POST http://127.0.0.1:8000/frontend-log
2026-05-22 10:11:24.510 | INFO     | app.routers.logs:receive_frontend_logs:10 - [INFO] Translate screen render start {}
2026-05-22 10:11:24.510 | INFO     | app.routers.logs:receive_frontend_logs:10 - [INFO] Translate screen node {'found': True}
2026-05-22 10:11:24.511 | INFO     | app.routers.logs:receive_frontend_logs:10 - [INFO] Me request shape {'endpoint': '/me', 'method': 'GET', 'hasToken': True}
2026-05-22 10:11:24.511 | INFO     | app.main:log_requests:74 - Response status: 200
2026-05-22 10:11:24.511 | INFO     | app.main:log_requests:74 - Response status: 200
2026-05-22 10:11:24.512 | INFO     | app.main:log_requests:74 - Response status: 200
2026-05-22 10:11:24.512 | INFO     | app.routers.auth:get_me:53 - Get current user. 2 - Sergey
2026-05-22 10:11:24.513 | INFO     | app.main:log_requests:74 - Response status: 200
2026-05-22 10:11:24.516 | INFO     | app.main:log_requests:66 - Incoming request: POST http://127.0.0.1:8000/frontend-log
2026-05-22 10:11:24.517 | INFO     | app.main:log_requests:66 - Incoming request: POST http://127.0.0.1:8000/frontend-log
2026-05-22 10:11:24.517 | INFO     | app.routers.logs:receive_frontend_logs:10 - [INFO] Me response shape {'keys': ['nickname', 'email', 'avatar_url', 'is_guest', 'is_premium', 'id', 'created_at', 'last_login'], 'isGuest': False}
2026-05-22 10:11:24.518 | INFO     | app.main:log_requests:74 - Response status: 200
2026-05-22 10:11:24.518 | INFO     | app.routers.logs:receive_frontend_logs:10 - [INFO] Init user success {'hasUser': True}
2026-05-22 10:11:24.519 | INFO     | app.main:log_requests:74 - Response status: 200
2026-05-22 10:11:29.718 | INFO     | app.main:log_requests:66 - Incoming request: OPTIONS http://127.0.0.1:8000/frontend-log
2026-05-22 10:11:29.719 | INFO     | app.main:log_requests:66 - Incoming request: OPTIONS http://127.0.0.1:8000/get_sets
2026-05-22 10:11:29.720 | INFO     | app.main:log_requests:74 - Response status: 200
2026-05-22 10:11:29.721 | INFO     | app.main:log_requests:74 - Response status: 200
2026-05-22 10:11:29.723 | INFO     | app.main:log_requests:66 - Incoming request: POST http://127.0.0.1:8000/get_sets
2026-05-22 10:11:29.724 | INFO     | app.main:log_requests:66 - Incoming request: POST http://127.0.0.1:8000/frontend-log
2026-05-22 10:11:29.724 | INFO     | app.routers.get_sets:get_sets:11 - Getting Sets attempt: name='Sergey'
2026-05-22 10:11:29.725 | INFO     | app.routers.logs:receive_frontend_logs:10 - [INFO] Sets screen render start {}
2026-05-22 10:11:29.725 | INFO     | app.main:log_requests:74 - Response status: 200
2026-05-22 10:11:29.731 | INFO     | app.routers.get_sets:get_sets:16 - Getting Sets success: [{'id': 1, 'name': 'Set-1', 'word_ids': [6, 5, 4, 3, 2, 1]}, {'id': 2, 'name': 'Set-2', 'word_ids': [12, 11, 10, 9, 8, 7]}, {'id': 5, 'name': 'Set-3', 'word_ids': [30, 29, 28, 27, 26, 25]}, {'id': 6, 'name': 'Set-4', 'word_ids': [36, 35, 34, 33, 32, 31]}, {'id': 7, 'name': 'Set-5', 'word_ids': [42, 41, 40, 39, 38, 37]}, {'id': 8, 'name': 'Set-6', 'word_ids': [48, 47, 46, 45, 44, 43]}]
2026-05-22 10:11:29.731 | INFO     | app.main:log_requests:74 - Response status: 200
2026-05-22 10:11:29.774 | INFO     | app.main:log_requests:66 - Incoming request: POST http://127.0.0.1:8000/frontend-log
2026-05-22 10:11:29.774 | INFO     | app.routers.logs:receive_frontend_logs:10 - [INFO] Get sets of Sergey request sent {}
2026-05-22 10:11:29.775 | INFO     | app.main:log_requests:74 - Response status: 200
2026-05-22 10:11:30.281 | INFO     | app.main:log_requests:66 - Incoming request: OPTIONS http://127.0.0.1:8000/get_words
2026-05-22 10:11:30.281 | INFO     | app.main:log_requests:74 - Response status: 200
2026-05-22 10:11:30.284 | INFO     | app.main:log_requests:66 - Incoming request: POST http://127.0.0.1:8000/get_words
2026-05-22 10:11:30.285 | INFO     | app.routers.get_words_from_set:get_words:11 - Getting Sets attempt: word_ids=[6, 5, 4, 3, 2, 1]
2026-05-22 10:11:30.285 | INFO     | app.services.set_service:get_words_from_set:128 - [GET WORDS] Start fetching words for IDs: [6, 5, 4, 3, 2, 1]
2026-05-22 10:11:30.285 | INFO     | app.services.set_service:get_words_from_set:131 - [GET WORDS] Fetching words for ID: 6
2026-05-22 10:11:30.287 | INFO     | app.services.set_service:get_words_from_set:139 - [GET WORDS] Found word: id=6, word='seize'
2026-05-22 10:11:30.287 | INFO     | app.services.set_service:get_words_from_set:131 - [GET WORDS] Fetching words for ID: 5
2026-05-22 10:11:30.288 | INFO     | app.services.set_service:get_words_from_set:139 - [GET WORDS] Found word: id=5, word='settle'
2026-05-22 10:11:30.288 | INFO     | app.services.set_service:get_words_from_set:131 - [GET WORDS] Fetching words for ID: 4
2026-05-22 10:11:30.289 | INFO     | app.services.set_service:get_words_from_set:139 - [GET WORDS] Found word: id=4, word='suit'
2026-05-22 10:11:30.290 | INFO     | app.services.set_service:get_words_from_set:131 - [GET WORDS] Fetching words for ID: 3
2026-05-22 10:11:30.291 | INFO     | app.services.set_service:get_words_from_set:139 - [GET WORDS] Found word: id=3, word='request'
2026-05-22 10:11:30.291 | INFO     | app.services.set_service:get_words_from_set:131 - [GET WORDS] Fetching words for ID: 2
2026-05-22 10:11:30.292 | INFO     | app.services.set_service:get_words_from_set:139 - [GET WORDS] Found word: id=2, word='rise'
2026-05-22 10:11:30.292 | INFO     | app.services.set_service:get_words_from_set:131 - [GET WORDS] Fetching words for ID: 1
2026-05-22 10:11:30.293 | INFO     | app.services.set_service:get_words_from_set:139 - [GET WORDS] Found word: id=1, word='enterprise'
2026-05-22 10:11:30.293 | INFO     | app.services.set_service:get_words_from_set:141 - [GET WORDS] Final result list: [{'id': 6, 'word': 'seize'}, {'id': 5, 'word': 'settle'}, {'id': 4, 'word': 'suit'}, {'id': 3, 'word': 'request'}, {'id': 2, 'word': 'rise'}, {'id': 1, 'word': 'enterprise'}]
2026-05-22 10:11:30.294 | INFO     | app.routers.get_words_from_set:get_words:16 - Getting Sets success: [{'id': 6, 'word': 'seize'}, {'id': 5, 'word': 'settle'}, {'id': 4, 'word': 'suit'}, {'id': 3, 'word': 'request'}, {'id': 2, 'word': 'rise'}, {'id': 1, 'word': 'enterprise'}]
2026-05-22 10:11:30.294 | INFO     | app.main:log_requests:74 - Response status: 200
2026-05-22 10:11:30.297 | INFO     | app.main:log_requests:66 - Incoming request: POST http://127.0.0.1:8000/frontend-log
2026-05-22 10:11:30.297 | INFO     | app.routers.logs:receive_frontend_logs:10 - [INFO] Get words from Set-1 request sent {}
2026-05-22 10:11:30.297 | INFO     | app.main:log_requests:74 - Response status: 200
2026-05-22 10:11:31.257 | INFO     | app.main:log_requests:66 - Incoming request: POST http://127.0.0.1:8000/frontend-log
2026-05-22 10:11:31.258 | INFO     | app.main:log_requests:66 - Incoming request: POST http://127.0.0.1:8000/frontend-log
2026-05-22 10:11:31.258 | INFO     | app.main:log_requests:66 - Incoming request: POST http://127.0.0.1:8000/frontend-log
2026-05-22 10:11:31.261 | INFO     | app.routers.logs:receive_frontend_logs:10 - [INFO] Word { word } clicked {'word': 'seize'}
2026-05-22 10:11:31.262 | INFO     | app.main:log_requests:66 - Incoming request: POST http://127.0.0.1:8000/frontend-log
2026-05-22 10:11:31.262 | INFO     | app.main:log_requests:66 - Incoming request: POST http://127.0.0.1:8000/frontend-log
2026-05-22 10:11:31.262 | INFO     | app.main:log_requests:66 - Incoming request: POST http://127.0.0.1:8000/frontend-log
2026-05-22 10:11:31.263 | INFO     | app.main:log_requests:74 - Response status: 200
2026-05-22 10:11:31.263 | INFO     | app.routers.logs:receive_frontend_logs:10 - [INFO] Word screen render start {}
2026-05-22 10:11:31.263 | INFO     | app.routers.logs:receive_frontend_logs:10 - [INFO] Word screen node {'found': True}
2026-05-22 10:11:31.264 | INFO     | app.main:log_requests:74 - Response status: 200
2026-05-22 10:11:31.264 | INFO     | app.main:log_requests:74 - Response status: 200
2026-05-22 10:11:31.265 | INFO     | app.routers.logs:receive_frontend_logs:10 - [INFO] Word request from the base {}
2026-05-22 10:11:31.265 | INFO     | app.routers.logs:receive_frontend_logs:10 - [INFO] Word request start {'word': 'seize', 'user_id': 2}
2026-05-22 10:11:31.265 | INFO     | app.routers.logs:receive_frontend_logs:10 - [INFO] get_word request shape {'endpoint': '/get_word', 'method': 'POST', 'hasToken': True}
2026-05-22 10:11:31.266 | INFO     | app.main:log_requests:66 - Incoming request: OPTIONS http://127.0.0.1:8000/get_word
2026-05-22 10:11:31.266 | INFO     | app.main:log_requests:74 - Response status: 200
2026-05-22 10:11:31.266 | INFO     | app.main:log_requests:74 - Response status: 200
2026-05-22 10:11:31.267 | INFO     | app.main:log_requests:74 - Response status: 200
2026-05-22 10:11:31.268 | INFO     | app.main:log_requests:74 - Response status: 200
2026-05-22 10:11:31.270 | INFO     | app.main:log_requests:66 - Incoming request: POST http://127.0.0.1:8000/get_word
2026-05-22 10:11:31.271 | INFO     | app.routers.get_word:get_word:11 - Reading Word attempt: user_id=2 word='seize'
2026-05-22 10:11:31.273 | INFO     | app.routers.get_word:get_word:17 - Reading word success: seize
2026-05-22 10:11:31.274 | INFO     | app.main:log_requests:74 - Response status: 200
2026-05-22 10:11:31.317 | INFO     | app.main:log_requests:66 - Incoming request: POST http://127.0.0.1:8000/frontend-log
2026-05-22 10:11:31.318 | INFO     | app.main:log_requests:66 - Incoming request: POST http://127.0.0.1:8000/frontend-log
2026-05-22 10:11:31.318 | INFO     | app.routers.logs:receive_frontend_logs:10 - [INFO] getWord response shape {'keys': ['word', 'translation', 'part_of_speech', 'transcription', 'examples', 'synonyms']}
2026-05-22 10:11:31.318 | INFO     | app.routers.logs:receive_frontend_logs:10 - [INFO] Word details loaded {'word': 'seize', 'hasData': False}
2026-05-22 10:11:31.319 | INFO     | app.main:log_requests:74 - Response status: 200
2026-05-22 10:11:31.319 | INFO     | app.main:log_requests:74 - Response status: 200
2026-05-22 10:19:21.494 | INFO     | app.main:log_requests:66 - Incoming request: POST http://127.0.0.1:8000/frontend-log
2026-05-22 10:19:21.494 | INFO     | app.main:log_requests:66 - Incoming request: POST http://127.0.0.1:8000/frontend-log
2026-05-22 10:19:21.495 | INFO     | app.main:log_requests:66 - Incoming request: POST http://127.0.0.1:8000/frontend-log
2026-05-22 10:19:21.495 | INFO     | app.main:log_requests:66 - Incoming request: OPTIONS http://127.0.0.1:8000/translate
2026-05-22 10:19:21.496 | INFO     | app.routers.logs:receive_frontend_logs:10 - [INFO] Translate button clicked {}
2026-05-22 10:19:21.496 | INFO     | app.routers.logs:receive_frontend_logs:10 - [INFO] Translate request start {'word': 'sentences', 'sourceLang': 'en', 'targetLang': 'ru'}
2026-05-22 10:19:21.496 | INFO     | app.main:log_requests:74 - Response status: 200
2026-05-22 10:19:21.496 | INFO     | app.routers.logs:receive_frontend_logs:10 - [INFO] Translate request shape {'endpoint': '/translate', 'method': 'POST', 'bodyShape': ['word', 'source_lang', 'target_lang'], 'bodyPreview': {'word': 'sentences', 'source_lang': 'en', 'target_lang': 'ru'}}
2026-05-22 10:19:21.497 | INFO     | app.main:log_requests:74 - Response status: 200
2026-05-22 10:19:21.497 | INFO     | app.main:log_requests:74 - Response status: 200
2026-05-22 10:19:21.497 | INFO     | app.main:log_requests:74 - Response status: 200
2026-05-22 10:19:21.500 | INFO     | app.main:log_requests:66 - Incoming request: POST http://127.0.0.1:8000/translate
2026-05-22 10:19:21.501 | INFO     | app.routers.translation:translate:10 - Translation attempt: sentences
2026-05-22 10:19:21.503 | SUCCESS  | app.routers.translation:translate:19 - Translation success: sentences
2026-05-22 10:19:21.503 | INFO     | app.main:log_requests:74 - Response status: 200
2026-05-22 10:19:21.509 | INFO     | app.main:log_requests:66 - Incoming request: POST http://127.0.0.1:8000/frontend-log
2026-05-22 10:19:21.509 | INFO     | app.main:log_requests:66 - Incoming request: POST http://127.0.0.1:8000/frontend-log
2026-05-22 10:19:21.510 | INFO     | app.routers.logs:receive_frontend_logs:10 - [INFO] Translate response shape {'status': None, 'keys': ['word', 'translation', 'part_of_speech', 'transcription', 'examples', 'synonyms'], 'hasTranslation': True, 'hasTranscription': True, 'hasPartOfSpeech': True}
2026-05-22 10:19:21.510 | INFO     | app.routers.logs:receive_frontend_logs:10 - [INFO] Translate request success {'hasTranslation': True}
2026-05-22 10:19:21.510 | INFO     | app.main:log_requests:74 - Response status: 200
2026-05-22 10:19:21.511 | INFO     | app.main:log_requests:74 - Response status: 200
2026-05-22 10:19:28.252 | INFO     | app.main:log_requests:66 - Incoming request: POST http://127.0.0.1:8000/frontend-log
2026-05-22 10:19:28.252 | INFO     | app.main:log_requests:66 - Incoming request: POST http://127.0.0.1:8000/get_sets
2026-05-22 10:19:28.254 | INFO     | app.routers.logs:receive_frontend_logs:10 - [INFO] Sets screen render start {}
2026-05-22 10:19:28.254 | INFO     | app.routers.get_sets:get_sets:11 - Getting Sets attempt: name='Sergey'
2026-05-22 10:19:28.257 | INFO     | app.main:log_requests:74 - Response status: 200
2026-05-22 10:19:28.264 | INFO     | app.routers.get_sets:get_sets:16 - Getting Sets success: [{'id': 1, 'name': 'Set-1', 'word_ids': [6, 5, 4, 3, 2, 1]}, {'id': 2, 'name': 'Set-2', 'word_ids': [12, 11, 10, 9, 8, 7]}, {'id': 5, 'name': 'Set-3', 'word_ids': [30, 29, 28, 27, 26, 25]}, {'id': 6, 'name': 'Set-4', 'word_ids': [36, 35, 34, 33, 32, 31]}, {'id': 7, 'name': 'Set-5', 'word_ids': [42, 41, 40, 39, 38, 37]}, {'id': 8, 'name': 'Set-6', 'word_ids': [48, 47, 46, 45, 44, 43]}]
2026-05-22 10:19:28.264 | INFO     | app.main:log_requests:74 - Response status: 200
2026-05-22 10:19:28.267 | INFO     | app.main:log_requests:66 - Incoming request: POST http://127.0.0.1:8000/frontend-log
2026-05-22 10:19:28.268 | INFO     | app.routers.logs:receive_frontend_logs:10 - [INFO] Get sets of Sergey request sent {}
2026-05-22 10:19:28.268 | INFO     | app.main:log_requests:74 - Response status: 200
2026-05-22 10:19:29.189 | INFO     | app.main:log_requests:66 - Incoming request: POST http://127.0.0.1:8000/get_words
2026-05-22 10:19:29.192 | INFO     | app.routers.get_words_from_set:get_words:11 - Getting Sets attempt: word_ids=[36, 35, 34, 33, 32, 31]
2026-05-22 10:19:29.192 | INFO     | app.services.set_service:get_words_from_set:128 - [GET WORDS] Start fetching words for IDs: [36, 35, 34, 33, 32, 31]
2026-05-22 10:19:29.192 | INFO     | app.services.set_service:get_words_from_set:131 - [GET WORDS] Fetching words for ID: 36
2026-05-22 10:19:29.195 | INFO     | app.services.set_service:get_words_from_set:139 - [GET WORDS] Found word: id=36, word='payload'
2026-05-22 10:19:29.195 | INFO     | app.services.set_service:get_words_from_set:131 - [GET WORDS] Fetching words for ID: 35
2026-05-22 10:19:29.196 | INFO     | app.services.set_service:get_words_from_set:139 - [GET WORDS] Found word: id=35, word='table'
2026-05-22 10:19:29.196 | INFO     | app.services.set_service:get_words_from_set:131 - [GET WORDS] Fetching words for ID: 34
2026-05-22 10:19:29.197 | INFO     | app.services.set_service:get_words_from_set:139 - [GET WORDS] Found word: id=34, word='infinity'
2026-05-22 10:19:29.197 | INFO     | app.services.set_service:get_words_from_set:131 - [GET WORDS] Fetching words for ID: 33
2026-05-22 10:19:29.199 | INFO     | app.services.set_service:get_words_from_set:139 - [GET WORDS] Found word: id=33, word='correct'
2026-05-22 10:19:29.199 | INFO     | app.services.set_service:get_words_from_set:131 - [GET WORDS] Fetching words for ID: 32
2026-05-22 10:19:29.200 | INFO     | app.services.set_service:get_words_from_set:139 - [GET WORDS] Found word: id=32, word='elephant'
2026-05-22 10:19:29.200 | INFO     | app.services.set_service:get_words_from_set:131 - [GET WORDS] Fetching words for ID: 31
2026-05-22 10:19:29.201 | INFO     | app.services.set_service:get_words_from_set:139 - [GET WORDS] Found word: id=31, word='georgious'
2026-05-22 10:19:29.201 | INFO     | app.services.set_service:get_words_from_set:141 - [GET WORDS] Final result list: [{'id': 36, 'word': 'payload'}, {'id': 35, 'word': 'table'}, {'id': 34, 'word': 'infinity'}, {'id': 33, 'word': 'correct'}, {'id': 32, 'word': 'elephant'}, {'id': 31, 'word': 'georgious'}]
2026-05-22 10:19:29.202 | INFO     | app.routers.get_words_from_set:get_words:16 - Getting Sets success: [{'id': 36, 'word': 'payload'}, {'id': 35, 'word': 'table'}, {'id': 34, 'word': 'infinity'}, {'id': 33, 'word': 'correct'}, {'id': 32, 'word': 'elephant'}, {'id': 31, 'word': 'georgious'}]
2026-05-22 10:19:29.202 | INFO     | app.main:log_requests:74 - Response status: 200
2026-05-22 10:19:29.205 | INFO     | app.main:log_requests:66 - Incoming request: POST http://127.0.0.1:8000/frontend-log
2026-05-22 10:19:29.205 | INFO     | app.routers.logs:receive_frontend_logs:10 - [INFO] Get words from Set-4 request sent {}
2026-05-22 10:19:29.206 | INFO     | app.main:log_requests:74 - Response status: 200
2026-05-22 10:19:30.451 | INFO     | app.main:log_requests:66 - Incoming request: POST http://127.0.0.1:8000/get_words
2026-05-22 10:19:30.452 | INFO     | app.routers.get_words_from_set:get_words:11 - Getting Sets attempt: word_ids=[12, 11, 10, 9, 8, 7]
2026-05-22 10:19:30.452 | INFO     | app.services.set_service:get_words_from_set:128 - [GET WORDS] Start fetching words for IDs: [12, 11, 10, 9, 8, 7]
2026-05-22 10:19:30.452 | INFO     | app.services.set_service:get_words_from_set:131 - [GET WORDS] Fetching words for ID: 12
2026-05-22 10:19:30.456 | INFO     | app.services.set_service:get_words_from_set:139 - [GET WORDS] Found word: id=12, word='prodigy'
2026-05-22 10:19:30.457 | INFO     | app.services.set_service:get_words_from_set:131 - [GET WORDS] Fetching words for ID: 11
2026-05-22 10:19:30.458 | INFO     | app.services.set_service:get_words_from_set:139 - [GET WORDS] Found word: id=11, word='quiet'
2026-05-22 10:19:30.458 | INFO     | app.services.set_service:get_words_from_set:131 - [GET WORDS] Fetching words for ID: 10
2026-05-22 10:19:30.459 | INFO     | app.services.set_service:get_words_from_set:139 - [GET WORDS] Found word: id=10, word='wind'
2026-05-22 10:19:30.459 | INFO     | app.services.set_service:get_words_from_set:131 - [GET WORDS] Fetching words for ID: 9
2026-05-22 10:19:30.460 | INFO     | app.services.set_service:get_words_from_set:139 - [GET WORDS] Found word: id=9, word='cosy'
2026-05-22 10:19:30.460 | INFO     | app.services.set_service:get_words_from_set:131 - [GET WORDS] Fetching words for ID: 8
2026-05-22 10:19:30.461 | INFO     | app.services.set_service:get_words_from_set:139 - [GET WORDS] Found word: id=8, word='fate'
2026-05-22 10:19:30.461 | INFO     | app.services.set_service:get_words_from_set:131 - [GET WORDS] Fetching words for ID: 7
2026-05-22 10:19:30.463 | INFO     | app.services.set_service:get_words_from_set:139 - [GET WORDS] Found word: id=7, word='faforite'
2026-05-22 10:19:30.463 | INFO     | app.services.set_service:get_words_from_set:141 - [GET WORDS] Final result list: [{'id': 12, 'word': 'prodigy'}, {'id': 11, 'word': 'quiet'}, {'id': 10, 'word': 'wind'}, {'id': 9, 'word': 'cosy'}, {'id': 8, 'word': 'fate'}, {'id': 7, 'word': 'faforite'}]
2026-05-22 10:19:30.464 | INFO     | app.routers.get_words_from_set:get_words:16 - Getting Sets success: [{'id': 12, 'word': 'prodigy'}, {'id': 11, 'word': 'quiet'}, {'id': 10, 'word': 'wind'}, {'id': 9, 'word': 'cosy'}, {'id': 8, 'word': 'fate'}, {'id': 7, 'word': 'faforite'}]
2026-05-22 10:19:30.464 | INFO     | app.main:log_requests:74 - Response status: 200
2026-05-22 10:19:30.468 | INFO     | app.main:log_requests:66 - Incoming request: POST http://127.0.0.1:8000/frontend-log
2026-05-22 10:19:30.468 | INFO     | app.routers.logs:receive_frontend_logs:10 - [INFO] Get words from Set-2 request sent {}
2026-05-22 10:19:30.469 | INFO     | app.main:log_requests:74 - Response status: 200
2026-05-22 10:19:31.349 | INFO     | app.main:log_requests:66 - Incoming request: POST http://127.0.0.1:8000/frontend-log
2026-05-22 10:19:31.351 | INFO     | app.main:log_requests:66 - Incoming request: POST http://127.0.0.1:8000/frontend-log
2026-05-22 10:19:31.353 | INFO     | app.routers.logs:receive_frontend_logs:10 - [INFO] Word { word } clicked {'word': 'prodigy'}
2026-05-22 10:19:31.354 | INFO     | app.main:log_requests:66 - Incoming request: POST http://127.0.0.1:8000/frontend-log
2026-05-22 10:19:31.354 | INFO     | app.main:log_requests:66 - Incoming request: POST http://127.0.0.1:8000/frontend-log
2026-05-22 10:19:31.354 | INFO     | app.main:log_requests:66 - Incoming request: POST http://127.0.0.1:8000/frontend-log
2026-05-22 10:19:31.355 | INFO     | app.main:log_requests:66 - Incoming request: POST http://127.0.0.1:8000/frontend-log
2026-05-22 10:19:31.355 | INFO     | app.main:log_requests:74 - Response status: 200
2026-05-22 10:19:31.356 | INFO     | app.routers.logs:receive_frontend_logs:10 - [INFO] Word screen render start {}
2026-05-22 10:19:31.356 | INFO     | app.main:log_requests:74 - Response status: 200
2026-05-22 10:19:31.356 | INFO     | app.routers.logs:receive_frontend_logs:10 - [INFO] Word screen node {'found': True}
2026-05-22 10:19:31.357 | INFO     | app.routers.logs:receive_frontend_logs:10 - [INFO] Word request from the base {}
2026-05-22 10:19:31.357 | INFO     | app.routers.logs:receive_frontend_logs:10 - [INFO] Word request start {'word': 'prodigy', 'user_id': 2}
2026-05-22 10:19:31.357 | INFO     | app.routers.logs:receive_frontend_logs:10 - [INFO] get_word request shape {'endpoint': '/get_word', 'method': 'POST', 'hasToken': True}
2026-05-22 10:19:31.357 | INFO     | app.main:log_requests:74 - Response status: 200
2026-05-22 10:19:31.358 | INFO     | app.main:log_requests:74 - Response status: 200
2026-05-22 10:19:31.358 | INFO     | app.main:log_requests:74 - Response status: 200
2026-05-22 10:19:31.358 | INFO     | app.main:log_requests:74 - Response status: 200
2026-05-22 10:19:31.359 | INFO     | app.main:log_requests:66 - Incoming request: POST http://127.0.0.1:8000/get_word
2026-05-22 10:19:31.360 | INFO     | app.routers.get_word:get_word:11 - Reading Word attempt: user_id=2 word='prodigy'
2026-05-22 10:19:31.363 | INFO     | app.routers.get_word:get_word:17 - Reading word success: prodigy
2026-05-22 10:19:31.363 | INFO     | app.main:log_requests:74 - Response status: 200
2026-05-22 10:19:31.406 | INFO     | app.main:log_requests:66 - Incoming request: POST http://127.0.0.1:8000/frontend-log
2026-05-22 10:19:31.407 | INFO     | app.main:log_requests:66 - Incoming request: POST http://127.0.0.1:8000/frontend-log
2026-05-22 10:19:31.407 | INFO     | app.routers.logs:receive_frontend_logs:10 - [INFO] getWord response shape {'keys': ['word', 'translation', 'part_of_speech', 'transcription', 'examples', 'synonyms']}
2026-05-22 10:19:31.408 | INFO     | app.routers.logs:receive_frontend_logs:10 - [INFO] Word details loaded {'word': 'prodigy', 'hasData': False}
2026-05-22 10:19:31.408 | INFO     | app.main:log_requests:74 - Response status: 200
2026-05-22 10:19:31.408 | INFO     | app.main:log_requests:74 - Response status: 200
2026-05-22 10:19:41.510 | INFO     | app.main:log_requests:66 - Incoming request: POST http://127.0.0.1:8000/frontend-log
2026-05-22 10:19:41.511 | INFO     | app.main:log_requests:66 - Incoming request: POST http://127.0.0.1:8000/frontend-log
2026-05-22 10:19:41.512 | INFO     | app.main:log_requests:66 - Incoming request: POST http://127.0.0.1:8000/frontend-log
2026-05-22 10:19:41.513 | INFO     | app.main:log_requests:66 - Incoming request: OPTIONS http://127.0.0.1:8000/me
2026-05-22 10:19:41.514 | INFO     | app.routers.logs:receive_frontend_logs:10 - [INFO] Translate screen render start {}
2026-05-22 10:19:41.514 | INFO     | app.main:log_requests:74 - Response status: 200
2026-05-22 10:19:41.515 | INFO     | app.routers.logs:receive_frontend_logs:10 - [INFO] Translate screen node {'found': True}
2026-05-22 10:19:41.516 | INFO     | app.main:log_requests:74 - Response status: 200
2026-05-22 10:19:41.516 | INFO     | app.routers.logs:receive_frontend_logs:10 - [INFO] Me request shape {'endpoint': '/me', 'method': 'GET', 'hasToken': True}
2026-05-22 10:19:41.517 | INFO     | app.main:log_requests:74 - Response status: 200
2026-05-22 10:19:41.518 | INFO     | app.main:log_requests:74 - Response status: 200
2026-05-22 10:19:41.519 | INFO     | app.main:log_requests:66 - Incoming request: GET http://127.0.0.1:8000/me
2026-05-22 10:19:41.522 | INFO     | app.routers.auth:get_me:53 - Get current user. 2 - Sergey
2026-05-22 10:19:41.522 | INFO     | app.main:log_requests:74 - Response status: 200
2026-05-22 10:19:41.527 | INFO     | app.main:log_requests:66 - Incoming request: POST http://127.0.0.1:8000/frontend-log
2026-05-22 10:19:41.528 | INFO     | app.main:log_requests:66 - Incoming request: POST http://127.0.0.1:8000/frontend-log
2026-05-22 10:19:41.529 | INFO     | app.routers.logs:receive_frontend_logs:10 - [INFO] Me response shape {'keys': ['nickname', 'email', 'avatar_url', 'is_guest', 'is_premium', 'id', 'created_at', 'last_login'], 'isGuest': False}
2026-05-22 10:19:41.529 | INFO     | app.routers.logs:receive_frontend_logs:10 - [INFO] Init user success {'hasUser': True}
2026-05-22 10:19:41.530 | INFO     | app.main:log_requests:74 - Response status: 200
2026-05-22 10:19:41.530 | INFO     | app.main:log_requests:74 - Response status: 200
2026-05-22 10:19:45.440 | INFO     | app.main:log_requests:66 - Incoming request: POST http://127.0.0.1:8000/frontend-log
2026-05-22 10:19:45.442 | INFO     | app.main:log_requests:66 - Incoming request: POST http://127.0.0.1:8000/get_sets
2026-05-22 10:19:45.443 | INFO     | app.routers.logs:receive_frontend_logs:10 - [INFO] Sets screen render start {}
2026-05-22 10:19:45.444 | INFO     | app.routers.get_sets:get_sets:11 - Getting Sets attempt: name='Sergey'
2026-05-22 10:19:45.445 | INFO     | app.main:log_requests:74 - Response status: 200
2026-05-22 10:19:45.451 | INFO     | app.routers.get_sets:get_sets:16 - Getting Sets success: [{'id': 1, 'name': 'Set-1', 'word_ids': [6, 5, 4, 3, 2, 1]}, {'id': 2, 'name': 'Set-2', 'word_ids': [12, 11, 10, 9, 8, 7]}, {'id': 5, 'name': 'Set-3', 'word_ids': [30, 29, 28, 27, 26, 25]}, {'id': 6, 'name': 'Set-4', 'word_ids': [36, 35, 34, 33, 32, 31]}, {'id': 7, 'name': 'Set-5', 'word_ids': [42, 41, 40, 39, 38, 37]}, {'id': 8, 'name': 'Set-6', 'word_ids': [48, 47, 46, 45, 44, 43]}]
2026-05-22 10:19:45.451 | INFO     | app.main:log_requests:74 - Response status: 200
2026-05-22 10:19:45.454 | INFO     | app.main:log_requests:66 - Incoming request: POST http://127.0.0.1:8000/frontend-log
2026-05-22 10:19:45.455 | INFO     | app.routers.logs:receive_frontend_logs:10 - [INFO] Get sets of Sergey request sent {}
2026-05-22 10:19:45.455 | INFO     | app.main:log_requests:74 - Response status: 200
2026-05-22 10:19:46.080 | INFO     | app.main:log_requests:66 - Incoming request: POST http://127.0.0.1:8000/get_words
2026-05-22 10:19:46.081 | INFO     | app.routers.get_words_from_set:get_words:11 - Getting Sets attempt: word_ids=[12, 11, 10, 9, 8, 7]
2026-05-22 10:19:46.081 | INFO     | app.services.set_service:get_words_from_set:128 - [GET WORDS] Start fetching words for IDs: [12, 11, 10, 9, 8, 7]
2026-05-22 10:19:46.082 | INFO     | app.services.set_service:get_words_from_set:131 - [GET WORDS] Fetching words for ID: 12
2026-05-22 10:19:46.085 | INFO     | app.services.set_service:get_words_from_set:139 - [GET WORDS] Found word: id=12, word='prodigy'
2026-05-22 10:19:46.085 | INFO     | app.services.set_service:get_words_from_set:131 - [GET WORDS] Fetching words for ID: 11
2026-05-22 10:19:46.086 | INFO     | app.services.set_service:get_words_from_set:139 - [GET WORDS] Found word: id=11, word='quiet'
2026-05-22 10:19:46.086 | INFO     | app.services.set_service:get_words_from_set:131 - [GET WORDS] Fetching words for ID: 10
2026-05-22 10:19:46.087 | INFO     | app.services.set_service:get_words_from_set:139 - [GET WORDS] Found word: id=10, word='wind'
2026-05-22 10:19:46.087 | INFO     | app.services.set_service:get_words_from_set:131 - [GET WORDS] Fetching words for ID: 9
2026-05-22 10:19:46.089 | INFO     | app.services.set_service:get_words_from_set:139 - [GET WORDS] Found word: id=9, word='cosy'
2026-05-22 10:19:46.089 | INFO     | app.services.set_service:get_words_from_set:131 - [GET WORDS] Fetching words for ID: 8
2026-05-22 10:19:46.090 | INFO     | app.services.set_service:get_words_from_set:139 - [GET WORDS] Found word: id=8, word='fate'
2026-05-22 10:19:46.090 | INFO     | app.services.set_service:get_words_from_set:131 - [GET WORDS] Fetching words for ID: 7
2026-05-22 10:19:46.091 | INFO     | app.services.set_service:get_words_from_set:139 - [GET WORDS] Found word: id=7, word='faforite'
2026-05-22 10:19:46.091 | INFO     | app.services.set_service:get_words_from_set:141 - [GET WORDS] Final result list: [{'id': 12, 'word': 'prodigy'}, {'id': 11, 'word': 'quiet'}, {'id': 10, 'word': 'wind'}, {'id': 9, 'word': 'cosy'}, {'id': 8, 'word': 'fate'}, {'id': 7, 'word': 'faforite'}]
2026-05-22 10:19:46.091 | INFO     | app.routers.get_words_from_set:get_words:16 - Getting Sets success: [{'id': 12, 'word': 'prodigy'}, {'id': 11, 'word': 'quiet'}, {'id': 10, 'word': 'wind'}, {'id': 9, 'word': 'cosy'}, {'id': 8, 'word': 'fate'}, {'id': 7, 'word': 'faforite'}]
2026-05-22 10:19:46.092 | INFO     | app.main:log_requests:74 - Response status: 200
2026-05-22 10:19:46.094 | INFO     | app.main:log_requests:66 - Incoming request: POST http://127.0.0.1:8000/frontend-log
2026-05-22 10:19:46.095 | INFO     | app.routers.logs:receive_frontend_logs:10 - [INFO] Get words from Set-2 request sent {}
2026-05-22 10:19:46.095 | INFO     | app.main:log_requests:74 - Response status: 200
2026-05-22 10:19:46.849 | INFO     | app.main:log_requests:66 - Incoming request: POST http://127.0.0.1:8000/frontend-log
2026-05-22 10:19:46.851 | INFO     | app.main:log_requests:66 - Incoming request: POST http://127.0.0.1:8000/frontend-log
2026-05-22 10:19:46.854 | INFO     | app.routers.logs:receive_frontend_logs:10 - [INFO] Word { word } clicked {'word': 'prodigy'}
2026-05-22 10:19:46.854 | INFO     | app.main:log_requests:66 - Incoming request: POST http://127.0.0.1:8000/frontend-log
2026-05-22 10:19:46.854 | INFO     | app.main:log_requests:66 - Incoming request: POST http://127.0.0.1:8000/frontend-log
2026-05-22 10:19:46.855 | INFO     | app.main:log_requests:66 - Incoming request: POST http://127.0.0.1:8000/frontend-log
2026-05-22 10:19:46.855 | INFO     | app.main:log_requests:66 - Incoming request: POST http://127.0.0.1:8000/frontend-log
2026-05-22 10:19:46.856 | INFO     | app.main:log_requests:74 - Response status: 200
2026-05-22 10:19:46.857 | INFO     | app.routers.logs:receive_frontend_logs:10 - [INFO] Word screen render start {}
2026-05-22 10:19:46.857 | INFO     | app.main:log_requests:74 - Response status: 200
2026-05-22 10:19:46.858 | INFO     | app.routers.logs:receive_frontend_logs:10 - [INFO] Word screen node {'found': True}
2026-05-22 10:19:46.858 | INFO     | app.routers.logs:receive_frontend_logs:10 - [INFO] Word request from the base {}
2026-05-22 10:19:46.858 | INFO     | app.routers.logs:receive_frontend_logs:10 - [INFO] Word request start {'word': 'prodigy', 'user_id': 2}
2026-05-22 10:19:46.859 | INFO     | app.routers.logs:receive_frontend_logs:10 - [INFO] get_word request shape {'endpoint': '/get_word', 'method': 'POST', 'hasToken': True}
2026-05-22 10:19:46.859 | INFO     | app.main:log_requests:74 - Response status: 200
2026-05-22 10:19:46.860 | INFO     | app.main:log_requests:74 - Response status: 200
2026-05-22 10:19:46.860 | INFO     | app.main:log_requests:66 - Incoming request: POST http://127.0.0.1:8000/get_word
2026-05-22 10:19:46.861 | INFO     | app.main:log_requests:74 - Response status: 200
2026-05-22 10:19:46.861 | INFO     | app.main:log_requests:74 - Response status: 200
2026-05-22 10:19:46.862 | INFO     | app.routers.get_word:get_word:11 - Reading Word attempt: user_id=2 word='prodigy'
2026-05-22 10:19:46.865 | INFO     | app.routers.get_word:get_word:17 - Reading word success: prodigy
2026-05-22 10:19:46.865 | INFO     | app.main:log_requests:74 - Response status: 200
2026-05-22 10:19:46.908 | INFO     | app.main:log_requests:66 - Incoming request: POST http://127.0.0.1:8000/frontend-log
2026-05-22 10:19:46.909 | INFO     | app.main:log_requests:66 - Incoming request: POST http://127.0.0.1:8000/frontend-log
2026-05-22 10:19:46.910 | INFO     | app.routers.logs:receive_frontend_logs:10 - [INFO] getWord response shape {'keys': ['word', 'translation', 'part_of_speech', 'transcription', 'examples', 'synonyms']}
2026-05-22 10:19:46.911 | INFO     | app.routers.logs:receive_frontend_logs:10 - [INFO] Word details loaded {'word': 'prodigy', 'hasData': False}
2026-05-22 10:19:46.912 | INFO     | app.main:log_requests:74 - Response status: 200
2026-05-22 10:19:46.913 | INFO     | app.main:log_requests:74 - Response status: 200
2026-05-22 10:49:41.932 | INFO     | app.main:log_requests:66 - Incoming request: OPTIONS http://127.0.0.1:8000/frontend-log
2026-05-22 10:49:41.933 | INFO     | app.main:log_requests:66 - Incoming request: OPTIONS http://127.0.0.1:8000/frontend-log
2026-05-22 10:49:41.934 | INFO     | app.main:log_requests:66 - Incoming request: OPTIONS http://127.0.0.1:8000/frontend-log
2026-05-22 10:49:41.934 | INFO     | app.main:log_requests:66 - Incoming request: OPTIONS http://127.0.0.1:8000/me
2026-05-22 10:49:41.935 | INFO     | app.main:log_requests:74 - Response status: 200
2026-05-22 10:49:41.936 | INFO     | app.main:log_requests:74 - Response status: 200
2026-05-22 10:49:41.937 | INFO     | app.main:log_requests:74 - Response status: 200
2026-05-22 10:49:41.937 | INFO     | app.main:log_requests:74 - Response status: 200
2026-05-22 10:49:41.941 | INFO     | app.main:log_requests:66 - Incoming request: POST http://127.0.0.1:8000/frontend-log
2026-05-22 10:49:41.942 | INFO     | app.main:log_requests:66 - Incoming request: POST http://127.0.0.1:8000/frontend-log
2026-05-22 10:49:41.942 | INFO     | app.main:log_requests:66 - Incoming request: POST http://127.0.0.1:8000/frontend-log
2026-05-22 10:49:41.942 | INFO     | app.main:log_requests:66 - Incoming request: GET http://127.0.0.1:8000/me
2026-05-22 10:49:41.946 | INFO     | app.routers.logs:receive_frontend_logs:10 - [INFO] Translate screen node {'found': True}
2026-05-22 10:49:41.946 | INFO     | app.routers.logs:receive_frontend_logs:10 - [INFO] Translate screen render start {}
2026-05-22 10:49:41.947 | INFO     | app.routers.logs:receive_frontend_logs:10 - [INFO] Me request shape {'endpoint': '/me', 'method': 'GET', 'hasToken': True}
2026-05-22 10:49:41.947 | INFO     | app.main:log_requests:74 - Response status: 200
2026-05-22 10:49:41.948 | INFO     | app.main:log_requests:74 - Response status: 200
2026-05-22 10:49:41.949 | INFO     | app.main:log_requests:74 - Response status: 200
2026-05-22 10:49:41.951 | INFO     | app.routers.auth:get_me:53 - Get current user. 2 - Sergey
2026-05-22 10:49:41.952 | INFO     | app.main:log_requests:74 - Response status: 200
2026-05-22 10:49:41.995 | INFO     | app.main:log_requests:66 - Incoming request: POST http://127.0.0.1:8000/frontend-log
2026-05-22 10:49:41.995 | INFO     | app.main:log_requests:66 - Incoming request: POST http://127.0.0.1:8000/frontend-log
2026-05-22 10:49:41.996 | INFO     | app.routers.logs:receive_frontend_logs:10 - [INFO] Me response shape {'keys': ['nickname', 'email', 'avatar_url', 'is_guest', 'is_premium', 'id', 'created_at', 'last_login'], 'isGuest': False}
2026-05-22 10:49:41.997 | INFO     | app.routers.logs:receive_frontend_logs:10 - [INFO] Init user success {'hasUser': True}
2026-05-22 10:49:41.997 | INFO     | app.main:log_requests:74 - Response status: 200
2026-05-22 10:49:41.997 | INFO     | app.main:log_requests:74 - Response status: 200
2026-05-22 10:49:46.832 | INFO     | app.main:log_requests:66 - Incoming request: OPTIONS http://127.0.0.1:8000/frontend-log
2026-05-22 10:49:46.833 | INFO     | app.main:log_requests:66 - Incoming request: OPTIONS http://127.0.0.1:8000/get_sets
2026-05-22 10:49:46.835 | INFO     | app.main:log_requests:74 - Response status: 200
2026-05-22 10:49:46.836 | INFO     | app.main:log_requests:74 - Response status: 200
2026-05-22 10:49:46.839 | INFO     | app.main:log_requests:66 - Incoming request: POST http://127.0.0.1:8000/frontend-log
2026-05-22 10:49:46.839 | INFO     | app.main:log_requests:66 - Incoming request: POST http://127.0.0.1:8000/get_sets
2026-05-22 10:49:46.840 | INFO     | app.routers.logs:receive_frontend_logs:10 - [INFO] Sets screen render start {}
2026-05-22 10:49:46.840 | INFO     | app.main:log_requests:74 - Response status: 200
2026-05-22 10:49:46.841 | INFO     | app.routers.get_sets:get_sets:11 - Getting Sets attempt: name='Sergey'
2026-05-22 10:49:46.846 | INFO     | app.routers.get_sets:get_sets:16 - Getting Sets success: [{'id': 1, 'name': 'Set-1', 'word_ids': [6, 5, 4, 3, 2, 1]}, {'id': 2, 'name': 'Set-2', 'word_ids': [12, 11, 10, 9, 8, 7]}, {'id': 5, 'name': 'Set-3', 'word_ids': [30, 29, 28, 27, 26, 25]}, {'id': 6, 'name': 'Set-4', 'word_ids': [36, 35, 34, 33, 32, 31]}, {'id': 7, 'name': 'Set-5', 'word_ids': [42, 41, 40, 39, 38, 37]}, {'id': 8, 'name': 'Set-6', 'word_ids': [48, 47, 46, 45, 44, 43]}]
2026-05-22 10:49:46.846 | INFO     | app.main:log_requests:74 - Response status: 200
2026-05-22 10:49:46.889 | INFO     | app.main:log_requests:66 - Incoming request: POST http://127.0.0.1:8000/frontend-log
2026-05-22 10:49:46.890 | INFO     | app.routers.logs:receive_frontend_logs:10 - [INFO] Get sets of Sergey request sent {}
2026-05-22 10:49:46.890 | INFO     | app.main:log_requests:74 - Response status: 200
2026-05-22 10:49:48.038 | INFO     | app.main:log_requests:66 - Incoming request: OPTIONS http://127.0.0.1:8000/get_words
2026-05-22 10:49:48.039 | INFO     | app.main:log_requests:74 - Response status: 200
2026-05-22 10:49:48.042 | INFO     | app.main:log_requests:66 - Incoming request: POST http://127.0.0.1:8000/get_words
2026-05-22 10:49:48.043 | INFO     | app.routers.get_words_from_set:get_words:11 - Getting Sets attempt: word_ids=[6, 5, 4, 3, 2, 1]
2026-05-22 10:49:48.043 | INFO     | app.services.set_service:get_words_from_set:128 - [GET WORDS] Start fetching words for IDs: [6, 5, 4, 3, 2, 1]
2026-05-22 10:49:48.043 | INFO     | app.services.set_service:get_words_from_set:131 - [GET WORDS] Fetching words for ID: 6
2026-05-22 10:49:48.045 | INFO     | app.services.set_service:get_words_from_set:139 - [GET WORDS] Found word: id=6, word='seize'
2026-05-22 10:49:48.045 | INFO     | app.services.set_service:get_words_from_set:131 - [GET WORDS] Fetching words for ID: 5
2026-05-22 10:49:48.046 | INFO     | app.services.set_service:get_words_from_set:139 - [GET WORDS] Found word: id=5, word='settle'
2026-05-22 10:49:48.046 | INFO     | app.services.set_service:get_words_from_set:131 - [GET WORDS] Fetching words for ID: 4
2026-05-22 10:49:48.047 | INFO     | app.services.set_service:get_words_from_set:139 - [GET WORDS] Found word: id=4, word='suit'
2026-05-22 10:49:48.047 | INFO     | app.services.set_service:get_words_from_set:131 - [GET WORDS] Fetching words for ID: 3
2026-05-22 10:49:48.048 | INFO     | app.services.set_service:get_words_from_set:139 - [GET WORDS] Found word: id=3, word='request'
2026-05-22 10:49:48.049 | INFO     | app.services.set_service:get_words_from_set:131 - [GET WORDS] Fetching words for ID: 2
2026-05-22 10:49:48.050 | INFO     | app.services.set_service:get_words_from_set:139 - [GET WORDS] Found word: id=2, word='rise'
2026-05-22 10:49:48.050 | INFO     | app.services.set_service:get_words_from_set:131 - [GET WORDS] Fetching words for ID: 1
2026-05-22 10:49:48.051 | INFO     | app.services.set_service:get_words_from_set:139 - [GET WORDS] Found word: id=1, word='enterprise'
2026-05-22 10:49:48.051 | INFO     | app.services.set_service:get_words_from_set:141 - [GET WORDS] Final result list: [{'id': 6, 'word': 'seize'}, {'id': 5, 'word': 'settle'}, {'id': 4, 'word': 'suit'}, {'id': 3, 'word': 'request'}, {'id': 2, 'word': 'rise'}, {'id': 1, 'word': 'enterprise'}]
2026-05-22 10:49:48.052 | INFO     | app.routers.get_words_from_set:get_words:16 - Getting Sets success: [{'id': 6, 'word': 'seize'}, {'id': 5, 'word': 'settle'}, {'id': 4, 'word': 'suit'}, {'id': 3, 'word': 'request'}, {'id': 2, 'word': 'rise'}, {'id': 1, 'word': 'enterprise'}]
2026-05-22 10:49:48.052 | INFO     | app.main:log_requests:74 - Response status: 200
2026-05-22 10:49:48.055 | INFO     | app.main:log_requests:66 - Incoming request: POST http://127.0.0.1:8000/frontend-log
2026-05-22 10:49:48.056 | INFO     | app.routers.logs:receive_frontend_logs:10 - [INFO] Get words from Set-1 request sent {}
2026-05-22 10:49:48.056 | INFO     | app.main:log_requests:74 - Response status: 200
2026-05-22 10:49:49.608 | INFO     | app.main:log_requests:66 - Incoming request: POST http://127.0.0.1:8000/frontend-log
2026-05-22 10:49:49.609 | INFO     | app.main:log_requests:66 - Incoming request: POST http://127.0.0.1:8000/frontend-log
2026-05-22 10:49:49.609 | INFO     | app.main:log_requests:66 - Incoming request: POST http://127.0.0.1:8000/frontend-log
2026-05-22 10:49:49.611 | INFO     | app.routers.logs:receive_frontend_logs:10 - [INFO] Word { word } clicked {'word': 'settle'}
2026-05-22 10:49:49.613 | INFO     | app.routers.logs:receive_frontend_logs:10 - [INFO] Word screen render start {}
2026-05-22 10:49:49.613 | INFO     | app.main:log_requests:66 - Incoming request: POST http://127.0.0.1:8000/frontend-log
2026-05-22 10:49:49.613 | INFO     | app.main:log_requests:66 - Incoming request: POST http://127.0.0.1:8000/frontend-log
2026-05-22 10:49:49.614 | INFO     | app.main:log_requests:66 - Incoming request: POST http://127.0.0.1:8000/frontend-log
2026-05-22 10:49:49.614 | INFO     | app.main:log_requests:74 - Response status: 200
2026-05-22 10:49:49.614 | INFO     | app.routers.logs:receive_frontend_logs:10 - [INFO] Word screen node {'found': True}
2026-05-22 10:49:49.615 | INFO     | app.main:log_requests:74 - Response status: 200
2026-05-22 10:49:49.616 | INFO     | app.main:log_requests:74 - Response status: 200
2026-05-22 10:49:49.617 | INFO     | app.routers.logs:receive_frontend_logs:10 - [INFO] Word request from the base {}
2026-05-22 10:49:49.617 | INFO     | app.routers.logs:receive_frontend_logs:10 - [INFO] Word request start {'word': 'settle', 'user_id': 2}
2026-05-22 10:49:49.618 | INFO     | app.routers.logs:receive_frontend_logs:10 - [INFO] get_word request shape {'endpoint': '/get_word', 'method': 'POST', 'hasToken': True}
2026-05-22 10:49:49.618 | INFO     | app.main:log_requests:74 - Response status: 200
2026-05-22 10:49:49.619 | INFO     | app.main:log_requests:74 - Response status: 200
2026-05-22 10:49:49.619 | INFO     | app.main:log_requests:74 - Response status: 200
2026-05-22 10:49:49.619 | INFO     | app.main:log_requests:66 - Incoming request: OPTIONS http://127.0.0.1:8000/get_word
2026-05-22 10:49:49.620 | INFO     | app.main:log_requests:74 - Response status: 200
2026-05-22 10:49:49.622 | INFO     | app.main:log_requests:66 - Incoming request: POST http://127.0.0.1:8000/get_word
2026-05-22 10:49:49.623 | INFO     | app.routers.get_word:get_word:11 - Reading Word attempt: user_id=2 word='settle'
2026-05-22 10:49:49.625 | INFO     | app.routers.get_word:get_word:17 - Reading word success: settle
2026-05-22 10:49:49.625 | INFO     | app.main:log_requests:74 - Response status: 200
2026-05-22 10:49:49.668 | INFO     | app.main:log_requests:66 - Incoming request: POST http://127.0.0.1:8000/frontend-log
2026-05-22 10:49:49.669 | INFO     | app.main:log_requests:66 - Incoming request: POST http://127.0.0.1:8000/frontend-log
2026-05-22 10:49:49.669 | INFO     | app.routers.logs:receive_frontend_logs:10 - [INFO] getWord response shape {'keys': ['word', 'translation', 'part_of_speech', 'transcription', 'examples', 'synonyms']}
2026-05-22 10:49:49.670 | INFO     | app.main:log_requests:74 - Response status: 200
2026-05-22 10:49:49.670 | INFO     | app.routers.logs:receive_frontend_logs:10 - [ERROR] Word details request failed {'word': 'settle', 'error': "Cannot read properties of null (reading 'appendChild')"}
2026-05-22 10:49:49.672 | INFO     | app.main:log_requests:74 - Response status: 200
2026-05-22 10:53:22.639 | INFO     | app.main:log_requests:66 - Incoming request: OPTIONS http://127.0.0.1:8000/frontend-log
2026-05-22 10:53:22.640 | INFO     | app.main:log_requests:66 - Incoming request: OPTIONS http://127.0.0.1:8000/frontend-log
2026-05-22 10:53:22.640 | INFO     | app.main:log_requests:74 - Response status: 200
2026-05-22 10:53:22.642 | INFO     | app.main:log_requests:74 - Response status: 200
2026-05-22 10:53:22.642 | INFO     | app.main:log_requests:66 - Incoming request: OPTIONS http://127.0.0.1:8000/frontend-log
2026-05-22 10:53:22.643 | INFO     | app.main:log_requests:66 - Incoming request: OPTIONS http://127.0.0.1:8000/me
2026-05-22 10:53:22.643 | INFO     | app.main:log_requests:74 - Response status: 200
2026-05-22 10:53:22.644 | INFO     | app.main:log_requests:74 - Response status: 200
2026-05-22 10:53:22.647 | INFO     | app.main:log_requests:66 - Incoming request: POST http://127.0.0.1:8000/frontend-log
2026-05-22 10:53:22.648 | INFO     | app.main:log_requests:66 - Incoming request: POST http://127.0.0.1:8000/frontend-log
2026-05-22 10:53:22.648 | INFO     | app.main:log_requests:66 - Incoming request: POST http://127.0.0.1:8000/frontend-log
2026-05-22 10:53:22.649 | INFO     | app.main:log_requests:66 - Incoming request: GET http://127.0.0.1:8000/me
2026-05-22 10:53:22.652 | INFO     | app.routers.logs:receive_frontend_logs:10 - [INFO] Translate screen render start {}
2026-05-22 10:53:22.652 | INFO     | app.routers.logs:receive_frontend_logs:10 - [INFO] Translate screen node {'found': True}
2026-05-22 10:53:22.653 | INFO     | app.routers.logs:receive_frontend_logs:10 - [INFO] Me request shape {'endpoint': '/me', 'method': 'GET', 'hasToken': True}
2026-05-22 10:53:22.653 | INFO     | app.main:log_requests:74 - Response status: 200
2026-05-22 10:53:22.655 | INFO     | app.main:log_requests:74 - Response status: 200
2026-05-22 10:53:22.655 | INFO     | app.main:log_requests:74 - Response status: 200
2026-05-22 10:53:22.657 | INFO     | app.routers.auth:get_me:53 - Get current user. 2 - Sergey
2026-05-22 10:53:22.658 | INFO     | app.main:log_requests:74 - Response status: 200
2026-05-22 10:53:22.701 | INFO     | app.main:log_requests:66 - Incoming request: POST http://127.0.0.1:8000/frontend-log
2026-05-22 10:53:22.701 | INFO     | app.main:log_requests:66 - Incoming request: POST http://127.0.0.1:8000/frontend-log
2026-05-22 10:53:22.702 | INFO     | app.routers.logs:receive_frontend_logs:10 - [INFO] Me response shape {'keys': ['nickname', 'email', 'avatar_url', 'is_guest', 'is_premium', 'id', 'created_at', 'last_login'], 'isGuest': False}
2026-05-22 10:53:22.702 | INFO     | app.routers.logs:receive_frontend_logs:10 - [INFO] Init user success {'hasUser': True}
2026-05-22 10:53:22.702 | INFO     | app.main:log_requests:74 - Response status: 200
2026-05-22 10:53:22.703 | INFO     | app.main:log_requests:74 - Response status: 200
2026-05-22 10:53:25.932 | INFO     | app.main:log_requests:66 - Incoming request: OPTIONS http://127.0.0.1:8000/frontend-log
2026-05-22 10:53:25.932 | INFO     | app.main:log_requests:66 - Incoming request: POST http://127.0.0.1:8000/get_sets
2026-05-22 10:53:25.933 | INFO     | app.main:log_requests:74 - Response status: 200
2026-05-22 10:53:25.935 | INFO     | app.routers.get_sets:get_sets:11 - Getting Sets attempt: name='Sergey'
2026-05-22 10:53:25.937 | INFO     | app.main:log_requests:66 - Incoming request: POST http://127.0.0.1:8000/frontend-log
2026-05-22 10:53:25.937 | INFO     | app.routers.logs:receive_frontend_logs:10 - [INFO] Sets screen render start {}
2026-05-22 10:53:25.938 | INFO     | app.main:log_requests:74 - Response status: 200
2026-05-22 10:53:25.943 | INFO     | app.routers.get_sets:get_sets:16 - Getting Sets success: [{'id': 1, 'name': 'Set-1', 'word_ids': [6, 5, 4, 3, 2, 1]}, {'id': 2, 'name': 'Set-2', 'word_ids': [12, 11, 10, 9, 8, 7]}, {'id': 5, 'name': 'Set-3', 'word_ids': [30, 29, 28, 27, 26, 25]}, {'id': 6, 'name': 'Set-4', 'word_ids': [36, 35, 34, 33, 32, 31]}, {'id': 7, 'name': 'Set-5', 'word_ids': [42, 41, 40, 39, 38, 37]}, {'id': 8, 'name': 'Set-6', 'word_ids': [48, 47, 46, 45, 44, 43]}]
2026-05-22 10:53:25.943 | INFO     | app.main:log_requests:74 - Response status: 200
2026-05-22 10:53:25.946 | INFO     | app.main:log_requests:66 - Incoming request: POST http://127.0.0.1:8000/frontend-log
2026-05-22 10:53:25.947 | INFO     | app.routers.logs:receive_frontend_logs:10 - [INFO] Get sets of Sergey request sent {}
2026-05-22 10:53:25.947 | INFO     | app.main:log_requests:74 - Response status: 200
2026-05-22 10:53:27.126 | INFO     | app.main:log_requests:66 - Incoming request: POST http://127.0.0.1:8000/get_words
2026-05-22 10:53:27.127 | INFO     | app.routers.get_words_from_set:get_words:11 - Getting Sets attempt: word_ids=[36, 35, 34, 33, 32, 31]
2026-05-22 10:53:27.127 | INFO     | app.services.set_service:get_words_from_set:128 - [GET WORDS] Start fetching words for IDs: [36, 35, 34, 33, 32, 31]
2026-05-22 10:53:27.127 | INFO     | app.services.set_service:get_words_from_set:131 - [GET WORDS] Fetching words for ID: 36
2026-05-22 10:53:27.131 | INFO     | app.services.set_service:get_words_from_set:139 - [GET WORDS] Found word: id=36, word='payload'
2026-05-22 10:53:27.131 | INFO     | app.services.set_service:get_words_from_set:131 - [GET WORDS] Fetching words for ID: 35
2026-05-22 10:53:27.132 | INFO     | app.services.set_service:get_words_from_set:139 - [GET WORDS] Found word: id=35, word='table'
2026-05-22 10:53:27.132 | INFO     | app.services.set_service:get_words_from_set:131 - [GET WORDS] Fetching words for ID: 34
2026-05-22 10:53:27.133 | INFO     | app.services.set_service:get_words_from_set:139 - [GET WORDS] Found word: id=34, word='infinity'
2026-05-22 10:53:27.133 | INFO     | app.services.set_service:get_words_from_set:131 - [GET WORDS] Fetching words for ID: 33
2026-05-22 10:53:27.134 | INFO     | app.services.set_service:get_words_from_set:139 - [GET WORDS] Found word: id=33, word='correct'
2026-05-22 10:53:27.134 | INFO     | app.services.set_service:get_words_from_set:131 - [GET WORDS] Fetching words for ID: 32
2026-05-22 10:53:27.136 | INFO     | app.services.set_service:get_words_from_set:139 - [GET WORDS] Found word: id=32, word='elephant'
2026-05-22 10:53:27.136 | INFO     | app.services.set_service:get_words_from_set:131 - [GET WORDS] Fetching words for ID: 31
2026-05-22 10:53:27.137 | INFO     | app.services.set_service:get_words_from_set:139 - [GET WORDS] Found word: id=31, word='georgious'
2026-05-22 10:53:27.137 | INFO     | app.services.set_service:get_words_from_set:141 - [GET WORDS] Final result list: [{'id': 36, 'word': 'payload'}, {'id': 35, 'word': 'table'}, {'id': 34, 'word': 'infinity'}, {'id': 33, 'word': 'correct'}, {'id': 32, 'word': 'elephant'}, {'id': 31, 'word': 'georgious'}]
2026-05-22 10:53:27.138 | INFO     | app.routers.get_words_from_set:get_words:16 - Getting Sets success: [{'id': 36, 'word': 'payload'}, {'id': 35, 'word': 'table'}, {'id': 34, 'word': 'infinity'}, {'id': 33, 'word': 'correct'}, {'id': 32, 'word': 'elephant'}, {'id': 31, 'word': 'georgious'}]
2026-05-22 10:53:27.138 | INFO     | app.main:log_requests:74 - Response status: 200
2026-05-22 10:53:27.141 | INFO     | app.main:log_requests:66 - Incoming request: POST http://127.0.0.1:8000/frontend-log
2026-05-22 10:53:27.142 | INFO     | app.routers.logs:receive_frontend_logs:10 - [INFO] Get words from Set-4 request sent {}
2026-05-22 10:53:27.142 | INFO     | app.main:log_requests:74 - Response status: 200
2026-05-22 10:53:28.766 | INFO     | app.main:log_requests:66 - Incoming request: POST http://127.0.0.1:8000/frontend-log
2026-05-22 10:53:28.767 | INFO     | app.main:log_requests:66 - Incoming request: POST http://127.0.0.1:8000/frontend-log
2026-05-22 10:53:28.767 | INFO     | app.main:log_requests:66 - Incoming request: POST http://127.0.0.1:8000/frontend-log
2026-05-22 10:53:28.768 | INFO     | app.routers.logs:receive_frontend_logs:10 - [INFO] Word { word } clicked {'word': 'correct'}
2026-05-22 10:53:28.769 | INFO     | app.main:log_requests:66 - Incoming request: POST http://127.0.0.1:8000/frontend-log
2026-05-22 10:53:28.769 | INFO     | app.main:log_requests:66 - Incoming request: POST http://127.0.0.1:8000/frontend-log
2026-05-22 10:53:28.769 | INFO     | app.main:log_requests:66 - Incoming request: POST http://127.0.0.1:8000/frontend-log
2026-05-22 10:53:28.769 | INFO     | app.main:log_requests:74 - Response status: 200
2026-05-22 10:53:28.770 | INFO     | app.routers.logs:receive_frontend_logs:10 - [INFO] Word screen render start {}
2026-05-22 10:53:28.770 | INFO     | app.routers.logs:receive_frontend_logs:10 - [INFO] Word screen node {'found': True}
2026-05-22 10:53:28.770 | INFO     | app.main:log_requests:74 - Response status: 200
2026-05-22 10:53:28.771 | INFO     | app.main:log_requests:74 - Response status: 200
2026-05-22 10:53:28.771 | INFO     | app.routers.logs:receive_frontend_logs:10 - [INFO] Word request from the base {}
2026-05-22 10:53:28.772 | INFO     | app.routers.logs:receive_frontend_logs:10 - [INFO] Word request start {'word': 'correct', 'user_id': 2}
2026-05-22 10:53:28.772 | INFO     | app.routers.logs:receive_frontend_logs:10 - [INFO] get_word request shape {'endpoint': '/get_word', 'method': 'POST', 'hasToken': True}
2026-05-22 10:53:28.772 | INFO     | app.main:log_requests:74 - Response status: 200
2026-05-22 10:53:28.773 | INFO     | app.main:log_requests:74 - Response status: 200
2026-05-22 10:53:28.773 | INFO     | app.main:log_requests:74 - Response status: 200
2026-05-22 10:53:28.774 | INFO     | app.main:log_requests:66 - Incoming request: POST http://127.0.0.1:8000/get_word
2026-05-22 10:53:28.775 | INFO     | app.routers.get_word:get_word:11 - Reading Word attempt: user_id=2 word='correct'
2026-05-22 10:53:28.777 | INFO     | app.routers.get_word:get_word:17 - Reading word success: correct
2026-05-22 10:53:28.778 | INFO     | app.main:log_requests:74 - Response status: 200
2026-05-22 10:53:28.821 | INFO     | app.main:log_requests:66 - Incoming request: POST http://127.0.0.1:8000/frontend-log
2026-05-22 10:53:28.822 | INFO     | app.main:log_requests:66 - Incoming request: POST http://127.0.0.1:8000/frontend-log
2026-05-22 10:53:28.822 | INFO     | app.routers.logs:receive_frontend_logs:10 - [INFO] getWord response shape {'keys': ['word', 'translation', 'part_of_speech', 'transcription', 'examples', 'synonyms']}
2026-05-22 10:53:28.823 | INFO     | app.routers.logs:receive_frontend_logs:10 - [ERROR] Word details request failed {'word': 'correct', 'error': "Cannot read properties of null (reading 'appendChild')"}
2026-05-22 10:53:28.823 | INFO     | app.main:log_requests:74 - Response status: 200
2026-05-22 10:53:28.825 | INFO     | app.main:log_requests:74 - Response status: 200
2026-05-22 10:54:47.092 | INFO     | app.main:log_requests:66 - Incoming request: POST http://127.0.0.1:8000/frontend-log
2026-05-22 10:54:47.094 | INFO     | app.main:log_requests:66 - Incoming request: POST http://127.0.0.1:8000/frontend-log
2026-05-22 10:54:47.095 | INFO     | app.routers.logs:receive_frontend_logs:10 - [INFO] Translate screen render start {}
2026-05-22 10:54:47.095 | INFO     | app.main:log_requests:66 - Incoming request: POST http://127.0.0.1:8000/frontend-log
2026-05-22 10:54:47.096 | INFO     | app.main:log_requests:66 - Incoming request: GET http://127.0.0.1:8000/me
2026-05-22 10:54:47.099 | INFO     | app.main:log_requests:74 - Response status: 200
2026-05-22 10:54:47.099 | INFO     | app.routers.logs:receive_frontend_logs:10 - [INFO] Translate screen node {'found': True}
2026-05-22 10:54:47.100 | INFO     | app.main:log_requests:74 - Response status: 200
2026-05-22 10:54:47.101 | INFO     | app.routers.logs:receive_frontend_logs:10 - [INFO] Me request shape {'endpoint': '/me', 'method': 'GET', 'hasToken': True}
2026-05-22 10:54:47.102 | INFO     | app.main:log_requests:74 - Response status: 200
2026-05-22 10:54:47.103 | INFO     | app.routers.auth:get_me:53 - Get current user. 2 - Sergey
2026-05-22 10:54:47.103 | INFO     | app.main:log_requests:74 - Response status: 200
2026-05-22 10:54:47.107 | INFO     | app.main:log_requests:66 - Incoming request: POST http://127.0.0.1:8000/frontend-log
2026-05-22 10:54:47.108 | INFO     | app.main:log_requests:66 - Incoming request: POST http://127.0.0.1:8000/frontend-log
2026-05-22 10:54:47.108 | INFO     | app.routers.logs:receive_frontend_logs:10 - [INFO] Me response shape {'keys': ['nickname', 'email', 'avatar_url', 'is_guest', 'is_premium', 'id', 'created_at', 'last_login'], 'isGuest': False}
2026-05-22 10:54:47.109 | INFO     | app.main:log_requests:74 - Response status: 200
2026-05-22 10:54:47.110 | INFO     | app.routers.logs:receive_frontend_logs:10 - [INFO] Init user success {'hasUser': True}
2026-05-22 10:54:47.110 | INFO     | app.main:log_requests:74 - Response status: 200
2026-05-22 10:54:52.302 | INFO     | app.main:log_requests:66 - Incoming request: POST http://127.0.0.1:8000/frontend-log
2026-05-22 10:54:52.303 | INFO     | app.main:log_requests:66 - Incoming request: POST http://127.0.0.1:8000/get_sets
2026-05-22 10:54:52.305 | INFO     | app.routers.logs:receive_frontend_logs:10 - [INFO] Sets screen render start {}
2026-05-22 10:54:52.305 | INFO     | app.routers.get_sets:get_sets:11 - Getting Sets attempt: name='Sergey'
2026-05-22 10:54:52.306 | INFO     | app.main:log_requests:74 - Response status: 200
2026-05-22 10:54:52.311 | INFO     | app.routers.get_sets:get_sets:16 - Getting Sets success: [{'id': 1, 'name': 'Set-1', 'word_ids': [6, 5, 4, 3, 2, 1]}, {'id': 2, 'name': 'Set-2', 'word_ids': [12, 11, 10, 9, 8, 7]}, {'id': 5, 'name': 'Set-3', 'word_ids': [30, 29, 28, 27, 26, 25]}, {'id': 6, 'name': 'Set-4', 'word_ids': [36, 35, 34, 33, 32, 31]}, {'id': 7, 'name': 'Set-5', 'word_ids': [42, 41, 40, 39, 38, 37]}, {'id': 8, 'name': 'Set-6', 'word_ids': [48, 47, 46, 45, 44, 43]}]
2026-05-22 10:54:52.311 | INFO     | app.main:log_requests:74 - Response status: 200
2026-05-22 10:54:52.315 | INFO     | app.main:log_requests:66 - Incoming request: POST http://127.0.0.1:8000/frontend-log
2026-05-22 10:54:52.315 | INFO     | app.routers.logs:receive_frontend_logs:10 - [INFO] Get sets of Sergey request sent {}
2026-05-22 10:54:52.316 | INFO     | app.main:log_requests:74 - Response status: 200
2026-05-22 10:54:54.371 | INFO     | app.main:log_requests:66 - Incoming request: POST http://127.0.0.1:8000/get_words
2026-05-22 10:54:54.372 | INFO     | app.routers.get_words_from_set:get_words:11 - Getting Sets attempt: word_ids=[6, 5, 4, 3, 2, 1]
2026-05-22 10:54:54.374 | INFO     | app.services.set_service:get_words_from_set:128 - [GET WORDS] Start fetching words for IDs: [6, 5, 4, 3, 2, 1]
2026-05-22 10:54:54.374 | INFO     | app.services.set_service:get_words_from_set:131 - [GET WORDS] Fetching words for ID: 6
2026-05-22 10:54:54.377 | INFO     | app.services.set_service:get_words_from_set:139 - [GET WORDS] Found word: id=6, word='seize'
2026-05-22 10:54:54.377 | INFO     | app.services.set_service:get_words_from_set:131 - [GET WORDS] Fetching words for ID: 5
2026-05-22 10:54:54.379 | INFO     | app.services.set_service:get_words_from_set:139 - [GET WORDS] Found word: id=5, word='settle'
2026-05-22 10:54:54.379 | INFO     | app.services.set_service:get_words_from_set:131 - [GET WORDS] Fetching words for ID: 4
2026-05-22 10:54:54.380 | INFO     | app.services.set_service:get_words_from_set:139 - [GET WORDS] Found word: id=4, word='suit'
2026-05-22 10:54:54.381 | INFO     | app.services.set_service:get_words_from_set:131 - [GET WORDS] Fetching words for ID: 3
2026-05-22 10:54:54.382 | INFO     | app.services.set_service:get_words_from_set:139 - [GET WORDS] Found word: id=3, word='request'
2026-05-22 10:54:54.382 | INFO     | app.services.set_service:get_words_from_set:131 - [GET WORDS] Fetching words for ID: 2
2026-05-22 10:54:54.383 | INFO     | app.services.set_service:get_words_from_set:139 - [GET WORDS] Found word: id=2, word='rise'
2026-05-22 10:54:54.383 | INFO     | app.services.set_service:get_words_from_set:131 - [GET WORDS] Fetching words for ID: 1
2026-05-22 10:54:54.384 | INFO     | app.services.set_service:get_words_from_set:139 - [GET WORDS] Found word: id=1, word='enterprise'
2026-05-22 10:54:54.384 | INFO     | app.services.set_service:get_words_from_set:141 - [GET WORDS] Final result list: [{'id': 6, 'word': 'seize'}, {'id': 5, 'word': 'settle'}, {'id': 4, 'word': 'suit'}, {'id': 3, 'word': 'request'}, {'id': 2, 'word': 'rise'}, {'id': 1, 'word': 'enterprise'}]
2026-05-22 10:54:54.385 | INFO     | app.routers.get_words_from_set:get_words:16 - Getting Sets success: [{'id': 6, 'word': 'seize'}, {'id': 5, 'word': 'settle'}, {'id': 4, 'word': 'suit'}, {'id': 3, 'word': 'request'}, {'id': 2, 'word': 'rise'}, {'id': 1, 'word': 'enterprise'}]
2026-05-22 10:54:54.385 | INFO     | app.main:log_requests:74 - Response status: 200
2026-05-22 10:54:54.387 | INFO     | app.main:log_requests:66 - Incoming request: POST http://127.0.0.1:8000/frontend-log
2026-05-22 10:54:54.388 | INFO     | app.routers.logs:receive_frontend_logs:10 - [INFO] Get words from Set-1 request sent {}
2026-05-22 10:54:54.388 | INFO     | app.main:log_requests:74 - Response status: 200
2026-05-22 10:54:55.351 | INFO     | app.main:log_requests:66 - Incoming request: POST http://127.0.0.1:8000/frontend-log
2026-05-22 10:54:55.353 | INFO     | app.main:log_requests:66 - Incoming request: POST http://127.0.0.1:8000/frontend-log
2026-05-22 10:54:55.356 | INFO     | app.routers.logs:receive_frontend_logs:10 - [INFO] Word { word } clicked {'word': 'seize'}
2026-05-22 10:54:55.356 | INFO     | app.main:log_requests:66 - Incoming request: POST http://127.0.0.1:8000/frontend-log
2026-05-22 10:54:55.356 | INFO     | app.main:log_requests:66 - Incoming request: POST http://127.0.0.1:8000/frontend-log
2026-05-22 10:54:55.356 | INFO     | app.main:log_requests:66 - Incoming request: POST http://127.0.0.1:8000/frontend-log
2026-05-22 10:54:55.356 | INFO     | app.main:log_requests:66 - Incoming request: POST http://127.0.0.1:8000/frontend-log
2026-05-22 10:54:55.357 | INFO     | app.main:log_requests:74 - Response status: 200
2026-05-22 10:54:55.357 | INFO     | app.routers.logs:receive_frontend_logs:10 - [INFO] Word screen render start {}
2026-05-22 10:54:55.358 | INFO     | app.main:log_requests:74 - Response status: 200
2026-05-22 10:54:55.358 | INFO     | app.routers.logs:receive_frontend_logs:10 - [INFO] Word screen node {'found': True}
2026-05-22 10:54:55.359 | INFO     | app.routers.logs:receive_frontend_logs:10 - [INFO] Word request from the base {}
2026-05-22 10:54:55.359 | INFO     | app.routers.logs:receive_frontend_logs:10 - [INFO] Word request start {'word': 'seize', 'user_id': 2}
2026-05-22 10:54:55.359 | INFO     | app.routers.logs:receive_frontend_logs:10 - [INFO] get_word request shape {'endpoint': '/get_word', 'method': 'POST', 'hasToken': True}
2026-05-22 10:54:55.360 | INFO     | app.main:log_requests:74 - Response status: 200
2026-05-22 10:54:55.360 | INFO     | app.main:log_requests:74 - Response status: 200
2026-05-22 10:54:55.360 | INFO     | app.main:log_requests:74 - Response status: 200
2026-05-22 10:54:55.361 | INFO     | app.main:log_requests:74 - Response status: 200
2026-05-22 10:54:55.361 | INFO     | app.main:log_requests:66 - Incoming request: POST http://127.0.0.1:8000/get_word
2026-05-22 10:54:55.362 | INFO     | app.routers.get_word:get_word:11 - Reading Word attempt: user_id=2 word='seize'
2026-05-22 10:54:55.365 | INFO     | app.routers.get_word:get_word:17 - Reading word success: seize
2026-05-22 10:54:55.365 | INFO     | app.main:log_requests:74 - Response status: 200
2026-05-22 10:54:55.409 | INFO     | app.main:log_requests:66 - Incoming request: POST http://127.0.0.1:8000/frontend-log
2026-05-22 10:54:55.410 | INFO     | app.main:log_requests:66 - Incoming request: POST http://127.0.0.1:8000/frontend-log
2026-05-22 10:54:55.411 | INFO     | app.routers.logs:receive_frontend_logs:10 - [INFO] getWord response shape {'keys': ['word', 'translation', 'part_of_speech', 'transcription', 'examples', 'synonyms']}
2026-05-22 10:54:55.412 | INFO     | app.routers.logs:receive_frontend_logs:10 - [INFO] Word details loaded {'word': 'seize', 'hasData': False}
2026-05-22 10:54:55.412 | INFO     | app.main:log_requests:74 - Response status: 200
2026-05-22 10:54:55.412 | INFO     | app.main:log_requests:74 - Response status: 200
2026-05-22 11:12:22.363 | INFO     | app.main:log_requests:66 - Incoming request: OPTIONS http://127.0.0.1:8000/frontend-log
2026-05-22 11:12:22.364 | INFO     | app.main:log_requests:66 - Incoming request: OPTIONS http://127.0.0.1:8000/frontend-log
2026-05-22 11:12:22.364 | INFO     | app.main:log_requests:74 - Response status: 200
2026-05-22 11:12:22.365 | INFO     | app.main:log_requests:66 - Incoming request: OPTIONS http://127.0.0.1:8000/frontend-log
2026-05-22 11:12:22.365 | INFO     | app.main:log_requests:66 - Incoming request: OPTIONS http://127.0.0.1:8000/me
2026-05-22 11:12:22.366 | INFO     | app.main:log_requests:74 - Response status: 200
2026-05-22 11:12:22.366 | INFO     | app.main:log_requests:74 - Response status: 200
2026-05-22 11:12:22.367 | INFO     | app.main:log_requests:74 - Response status: 200
2026-05-22 11:12:22.369 | INFO     | app.main:log_requests:66 - Incoming request: POST http://127.0.0.1:8000/frontend-log
2026-05-22 11:12:22.370 | INFO     | app.main:log_requests:66 - Incoming request: POST http://127.0.0.1:8000/frontend-log
2026-05-22 11:12:22.371 | INFO     | app.main:log_requests:66 - Incoming request: POST http://127.0.0.1:8000/frontend-log
2026-05-22 11:12:22.371 | INFO     | app.routers.logs:receive_frontend_logs:10 - [INFO] Translate screen render start {}
2026-05-22 11:12:22.372 | INFO     | app.main:log_requests:66 - Incoming request: GET http://127.0.0.1:8000/me
2026-05-22 11:12:22.374 | INFO     | app.main:log_requests:74 - Response status: 200
2026-05-22 11:12:22.375 | INFO     | app.routers.logs:receive_frontend_logs:10 - [INFO] Translate screen node {'found': True}
2026-05-22 11:12:22.376 | INFO     | app.routers.logs:receive_frontend_logs:10 - [INFO] Me request shape {'endpoint': '/me', 'method': 'GET', 'hasToken': True}
2026-05-22 11:12:22.376 | INFO     | app.main:log_requests:74 - Response status: 200
2026-05-22 11:12:22.377 | INFO     | app.main:log_requests:74 - Response status: 200
2026-05-22 11:12:22.378 | INFO     | app.routers.auth:get_me:53 - Get current user. 2 - Sergey
2026-05-22 11:12:22.378 | INFO     | app.main:log_requests:74 - Response status: 200
2026-05-22 11:12:22.420 | INFO     | app.main:log_requests:66 - Incoming request: POST http://127.0.0.1:8000/frontend-log
2026-05-22 11:12:22.421 | INFO     | app.main:log_requests:66 - Incoming request: POST http://127.0.0.1:8000/frontend-log
2026-05-22 11:12:22.422 | INFO     | app.routers.logs:receive_frontend_logs:10 - [INFO] Me response shape {'keys': ['nickname', 'email', 'avatar_url', 'is_guest', 'is_premium', 'id', 'created_at', 'last_login'], 'isGuest': False}
2026-05-22 11:12:22.422 | INFO     | app.routers.logs:receive_frontend_logs:10 - [INFO] Init user success {'hasUser': True}
2026-05-22 11:12:22.423 | INFO     | app.main:log_requests:74 - Response status: 200
2026-05-22 11:12:22.423 | INFO     | app.main:log_requests:74 - Response status: 200
2026-05-22 11:12:25.512 | INFO     | app.main:log_requests:66 - Incoming request: POST http://127.0.0.1:8000/frontend-log
2026-05-22 11:12:25.513 | INFO     | app.main:log_requests:66 - Incoming request: POST http://127.0.0.1:8000/frontend-log
2026-05-22 11:12:25.514 | INFO     | app.routers.logs:receive_frontend_logs:10 - [INFO] Translate screen render start {}
2026-05-22 11:12:25.515 | INFO     | app.routers.logs:receive_frontend_logs:10 - [INFO] Translate screen node {'found': True}
2026-05-22 11:12:25.515 | INFO     | app.main:log_requests:74 - Response status: 200
2026-05-22 11:12:25.516 | INFO     | app.main:log_requests:74 - Response status: 200
2026-05-22 11:12:25.517 | INFO     | app.main:log_requests:66 - Incoming request: POST http://127.0.0.1:8000/frontend-log
2026-05-22 11:12:25.517 | INFO     | app.main:log_requests:66 - Incoming request: GET http://127.0.0.1:8000/me
2026-05-22 11:12:25.520 | INFO     | app.routers.logs:receive_frontend_logs:10 - [INFO] Me request shape {'endpoint': '/me', 'method': 'GET', 'hasToken': True}
2026-05-22 11:12:25.521 | INFO     | app.main:log_requests:74 - Response status: 200
2026-05-22 11:12:25.522 | INFO     | app.routers.auth:get_me:53 - Get current user. 2 - Sergey
2026-05-22 11:12:25.522 | INFO     | app.main:log_requests:74 - Response status: 200
2026-05-22 11:12:25.525 | INFO     | app.main:log_requests:66 - Incoming request: POST http://127.0.0.1:8000/frontend-log
2026-05-22 11:12:25.525 | INFO     | app.main:log_requests:66 - Incoming request: POST http://127.0.0.1:8000/frontend-log
2026-05-22 11:12:25.526 | INFO     | app.routers.logs:receive_frontend_logs:10 - [INFO] Me response shape {'keys': ['nickname', 'email', 'avatar_url', 'is_guest', 'is_premium', 'id', 'created_at', 'last_login'], 'isGuest': False}
2026-05-22 11:12:25.526 | INFO     | app.main:log_requests:74 - Response status: 200
2026-05-22 11:12:25.527 | INFO     | app.routers.logs:receive_frontend_logs:10 - [INFO] Init user success {'hasUser': True}
2026-05-22 11:12:25.528 | INFO     | app.main:log_requests:74 - Response status: 200
2026-05-22 11:12:30.090 | INFO     | app.main:log_requests:66 - Incoming request: OPTIONS http://127.0.0.1:8000/frontend-log
2026-05-22 11:12:30.091 | INFO     | app.main:log_requests:66 - Incoming request: OPTIONS http://127.0.0.1:8000/get_sets
2026-05-22 11:12:30.092 | INFO     | app.main:log_requests:74 - Response status: 200
2026-05-22 11:12:30.093 | INFO     | app.main:log_requests:74 - Response status: 200
2026-05-22 11:12:30.096 | INFO     | app.main:log_requests:66 - Incoming request: POST http://127.0.0.1:8000/frontend-log
2026-05-22 11:12:30.096 | INFO     | app.main:log_requests:66 - Incoming request: POST http://127.0.0.1:8000/get_sets
2026-05-22 11:12:30.097 | INFO     | app.routers.logs:receive_frontend_logs:10 - [INFO] Sets screen render start {}
2026-05-22 11:12:30.097 | INFO     | app.main:log_requests:74 - Response status: 200
2026-05-22 11:12:30.098 | INFO     | app.routers.get_sets:get_sets:11 - Getting Sets attempt: name='Sergey'
2026-05-22 11:12:30.103 | INFO     | app.routers.get_sets:get_sets:16 - Getting Sets success: [{'id': 1, 'name': 'Set-1', 'word_ids': [6, 5, 4, 3, 2, 1]}, {'id': 2, 'name': 'Set-2', 'word_ids': [12, 11, 10, 9, 8, 7]}, {'id': 5, 'name': 'Set-3', 'word_ids': [30, 29, 28, 27, 26, 25]}, {'id': 6, 'name': 'Set-4', 'word_ids': [36, 35, 34, 33, 32, 31]}, {'id': 7, 'name': 'Set-5', 'word_ids': [42, 41, 40, 39, 38, 37]}, {'id': 8, 'name': 'Set-6', 'word_ids': [48, 47, 46, 45, 44, 43]}]
2026-05-22 11:12:30.103 | INFO     | app.main:log_requests:74 - Response status: 200
2026-05-22 11:12:30.146 | INFO     | app.main:log_requests:66 - Incoming request: POST http://127.0.0.1:8000/frontend-log
2026-05-22 11:12:30.147 | INFO     | app.routers.logs:receive_frontend_logs:10 - [INFO] Get sets of Sergey request sent {}
2026-05-22 11:12:30.147 | INFO     | app.main:log_requests:74 - Response status: 200
2026-05-22 11:12:30.821 | INFO     | app.main:log_requests:66 - Incoming request: OPTIONS http://127.0.0.1:8000/get_words
2026-05-22 11:12:30.821 | INFO     | app.main:log_requests:74 - Response status: 200
2026-05-22 11:12:30.824 | INFO     | app.main:log_requests:66 - Incoming request: POST http://127.0.0.1:8000/get_words
2026-05-22 11:12:30.825 | INFO     | app.routers.get_words_from_set:get_words:11 - Getting Sets attempt: word_ids=[12, 11, 10, 9, 8, 7]
2026-05-22 11:12:30.825 | INFO     | app.services.set_service:get_words_from_set:128 - [GET WORDS] Start fetching words for IDs: [12, 11, 10, 9, 8, 7]
2026-05-22 11:12:30.825 | INFO     | app.services.set_service:get_words_from_set:131 - [GET WORDS] Fetching words for ID: 12
2026-05-22 11:12:30.827 | INFO     | app.services.set_service:get_words_from_set:139 - [GET WORDS] Found word: id=12, word='prodigy'
2026-05-22 11:12:30.828 | INFO     | app.services.set_service:get_words_from_set:131 - [GET WORDS] Fetching words for ID: 11
2026-05-22 11:12:30.829 | INFO     | app.services.set_service:get_words_from_set:139 - [GET WORDS] Found word: id=11, word='quiet'
2026-05-22 11:12:30.829 | INFO     | app.services.set_service:get_words_from_set:131 - [GET WORDS] Fetching words for ID: 10
2026-05-22 11:12:30.831 | INFO     | app.services.set_service:get_words_from_set:139 - [GET WORDS] Found word: id=10, word='wind'
2026-05-22 11:12:30.831 | INFO     | app.services.set_service:get_words_from_set:131 - [GET WORDS] Fetching words for ID: 9
2026-05-22 11:12:30.832 | INFO     | app.services.set_service:get_words_from_set:139 - [GET WORDS] Found word: id=9, word='cosy'
2026-05-22 11:12:30.832 | INFO     | app.services.set_service:get_words_from_set:131 - [GET WORDS] Fetching words for ID: 8
2026-05-22 11:12:30.834 | INFO     | app.services.set_service:get_words_from_set:139 - [GET WORDS] Found word: id=8, word='fate'
2026-05-22 11:12:30.834 | INFO     | app.services.set_service:get_words_from_set:131 - [GET WORDS] Fetching words for ID: 7
2026-05-22 11:12:30.835 | INFO     | app.services.set_service:get_words_from_set:139 - [GET WORDS] Found word: id=7, word='faforite'
2026-05-22 11:12:30.835 | INFO     | app.services.set_service:get_words_from_set:141 - [GET WORDS] Final result list: [{'id': 12, 'word': 'prodigy'}, {'id': 11, 'word': 'quiet'}, {'id': 10, 'word': 'wind'}, {'id': 9, 'word': 'cosy'}, {'id': 8, 'word': 'fate'}, {'id': 7, 'word': 'faforite'}]
2026-05-22 11:12:30.836 | INFO     | app.routers.get_words_from_set:get_words:16 - Getting Sets success: [{'id': 12, 'word': 'prodigy'}, {'id': 11, 'word': 'quiet'}, {'id': 10, 'word': 'wind'}, {'id': 9, 'word': 'cosy'}, {'id': 8, 'word': 'fate'}, {'id': 7, 'word': 'faforite'}]
2026-05-22 11:12:30.836 | INFO     | app.main:log_requests:74 - Response status: 200
2026-05-22 11:12:30.839 | INFO     | app.main:log_requests:66 - Incoming request: POST http://127.0.0.1:8000/frontend-log
2026-05-22 11:12:30.839 | INFO     | app.routers.logs:receive_frontend_logs:10 - [INFO] Get words from Set-2 request sent {}
2026-05-22 11:12:30.839 | INFO     | app.main:log_requests:74 - Response status: 200
2026-05-22 11:12:31.695 | INFO     | app.main:log_requests:66 - Incoming request: POST http://127.0.0.1:8000/frontend-log
2026-05-22 11:12:31.696 | INFO     | app.main:log_requests:66 - Incoming request: POST http://127.0.0.1:8000/frontend-log
2026-05-22 11:12:31.697 | INFO     | app.main:log_requests:66 - Incoming request: POST http://127.0.0.1:8000/frontend-log
2026-05-22 11:12:31.700 | INFO     | app.routers.logs:receive_frontend_logs:10 - [INFO] Word { word } clicked {'word': 'prodigy'}
2026-05-22 11:12:31.700 | INFO     | app.main:log_requests:66 - Incoming request: POST http://127.0.0.1:8000/frontend-log
2026-05-22 11:12:31.700 | INFO     | app.main:log_requests:66 - Incoming request: POST http://127.0.0.1:8000/frontend-log
2026-05-22 11:12:31.700 | INFO     | app.main:log_requests:66 - Incoming request: POST http://127.0.0.1:8000/frontend-log
2026-05-22 11:12:31.700 | INFO     | app.routers.logs:receive_frontend_logs:10 - [INFO] Word screen render start {}
2026-05-22 11:12:31.701 | INFO     | app.main:log_requests:74 - Response status: 200
2026-05-22 11:12:31.701 | INFO     | app.routers.logs:receive_frontend_logs:10 - [INFO] Word screen node {'found': True}
2026-05-22 11:12:31.702 | INFO     | app.main:log_requests:74 - Response status: 200
2026-05-22 11:12:31.702 | INFO     | app.main:log_requests:74 - Response status: 200
2026-05-22 11:12:31.703 | INFO     | app.routers.logs:receive_frontend_logs:10 - [INFO] Word request from the base {}
2026-05-22 11:12:31.703 | INFO     | app.routers.logs:receive_frontend_logs:10 - [INFO] Word request start {'word': 'prodigy', 'user_id': 2}
2026-05-22 11:12:31.704 | INFO     | app.routers.logs:receive_frontend_logs:10 - [INFO] get_word request shape {'endpoint': '/get_word', 'method': 'POST', 'hasToken': True}
2026-05-22 11:12:31.704 | INFO     | app.main:log_requests:74 - Response status: 200
2026-05-22 11:12:31.704 | INFO     | app.main:log_requests:74 - Response status: 200
2026-05-22 11:12:31.704 | INFO     | app.main:log_requests:74 - Response status: 200
2026-05-22 11:12:31.705 | INFO     | app.main:log_requests:66 - Incoming request: OPTIONS http://127.0.0.1:8000/get_word
2026-05-22 11:12:31.706 | INFO     | app.main:log_requests:74 - Response status: 200
2026-05-22 11:12:31.708 | INFO     | app.main:log_requests:66 - Incoming request: POST http://127.0.0.1:8000/get_word
2026-05-22 11:12:31.708 | INFO     | app.routers.get_word:get_word:11 - Reading Word attempt: user_id=2 word='prodigy'
2026-05-22 11:12:31.711 | INFO     | app.routers.get_word:get_word:17 - Reading word success: prodigy
2026-05-22 11:12:31.711 | INFO     | app.main:log_requests:74 - Response status: 200
2026-05-22 11:12:31.754 | INFO     | app.main:log_requests:66 - Incoming request: POST http://127.0.0.1:8000/frontend-log
2026-05-22 11:12:31.754 | INFO     | app.main:log_requests:66 - Incoming request: POST http://127.0.0.1:8000/frontend-log
2026-05-22 11:12:31.755 | INFO     | app.routers.logs:receive_frontend_logs:10 - [INFO] getWord response shape {'keys': ['word', 'translation', 'part_of_speech', 'transcription', 'examples', 'synonyms']}
2026-05-22 11:12:31.755 | INFO     | app.routers.logs:receive_frontend_logs:10 - [INFO] Word details loaded {'word': 'prodigy', 'hasData': False}
2026-05-22 11:12:31.756 | INFO     | app.main:log_requests:74 - Response status: 200
2026-05-22 11:12:31.756 | INFO     | app.main:log_requests:74 - Response status: 200
2026-05-22 11:33:22.840 | INFO     | app.main:log_requests:66 - Incoming request: OPTIONS http://127.0.0.1:8000/frontend-log
2026-05-22 11:33:22.841 | INFO     | app.main:log_requests:74 - Response status: 200
2026-05-22 11:33:22.844 | INFO     | app.main:log_requests:66 - Incoming request: OPTIONS http://127.0.0.1:8000/get_sets
2026-05-22 11:33:22.844 | INFO     | app.main:log_requests:74 - Response status: 200
2026-05-22 11:33:22.846 | INFO     | app.main:log_requests:66 - Incoming request: POST http://127.0.0.1:8000/frontend-log
2026-05-22 11:33:22.846 | INFO     | app.routers.logs:receive_frontend_logs:10 - [INFO] Sets screen render start {}
2026-05-22 11:33:22.847 | INFO     | app.main:log_requests:74 - Response status: 200
2026-05-22 11:33:22.847 | INFO     | app.main:log_requests:66 - Incoming request: POST http://127.0.0.1:8000/get_sets
2026-05-22 11:33:22.848 | INFO     | app.routers.get_sets:get_sets:11 - Getting Sets attempt: name='Sergey'
2026-05-22 11:33:22.853 | INFO     | app.routers.get_sets:get_sets:16 - Getting Sets success: [{'id': 1, 'name': 'Set-1', 'word_ids': [6, 5, 4, 3, 2, 1]}, {'id': 2, 'name': 'Set-2', 'word_ids': [12, 11, 10, 9, 8, 7]}, {'id': 5, 'name': 'Set-3', 'word_ids': [30, 29, 28, 27, 26, 25]}, {'id': 6, 'name': 'Set-4', 'word_ids': [36, 35, 34, 33, 32, 31]}, {'id': 7, 'name': 'Set-5', 'word_ids': [42, 41, 40, 39, 38, 37]}, {'id': 8, 'name': 'Set-6', 'word_ids': [48, 47, 46, 45, 44, 43]}]
2026-05-22 11:33:22.853 | INFO     | app.main:log_requests:74 - Response status: 200
2026-05-22 11:33:22.897 | INFO     | app.main:log_requests:66 - Incoming request: POST http://127.0.0.1:8000/frontend-log
2026-05-22 11:33:22.898 | INFO     | app.routers.logs:receive_frontend_logs:10 - [INFO] Get sets of Sergey request sent {}
2026-05-22 11:33:22.899 | INFO     | app.main:log_requests:74 - Response status: 200
2026-05-22 11:33:23.619 | INFO     | app.main:log_requests:66 - Incoming request: OPTIONS http://127.0.0.1:8000/get_words
2026-05-22 11:33:23.619 | INFO     | app.main:log_requests:74 - Response status: 200
2026-05-22 11:33:23.623 | INFO     | app.main:log_requests:66 - Incoming request: POST http://127.0.0.1:8000/get_words
2026-05-22 11:33:23.624 | INFO     | app.routers.get_words_from_set:get_words:11 - Getting Sets attempt: word_ids=[6, 5, 4, 3, 2, 1]
2026-05-22 11:33:23.624 | INFO     | app.services.set_service:get_words_from_set:128 - [GET WORDS] Start fetching words for IDs: [6, 5, 4, 3, 2, 1]
2026-05-22 11:33:23.624 | INFO     | app.services.set_service:get_words_from_set:131 - [GET WORDS] Fetching words for ID: 6
2026-05-22 11:33:23.626 | INFO     | app.services.set_service:get_words_from_set:139 - [GET WORDS] Found word: id=6, word='seize'
2026-05-22 11:33:23.626 | INFO     | app.services.set_service:get_words_from_set:131 - [GET WORDS] Fetching words for ID: 5
2026-05-22 11:33:23.628 | INFO     | app.services.set_service:get_words_from_set:139 - [GET WORDS] Found word: id=5, word='settle'
2026-05-22 11:33:23.628 | INFO     | app.services.set_service:get_words_from_set:131 - [GET WORDS] Fetching words for ID: 4
2026-05-22 11:33:23.629 | INFO     | app.services.set_service:get_words_from_set:139 - [GET WORDS] Found word: id=4, word='suit'
2026-05-22 11:33:23.629 | INFO     | app.services.set_service:get_words_from_set:131 - [GET WORDS] Fetching words for ID: 3
2026-05-22 11:33:23.630 | INFO     | app.services.set_service:get_words_from_set:139 - [GET WORDS] Found word: id=3, word='request'
2026-05-22 11:33:23.630 | INFO     | app.services.set_service:get_words_from_set:131 - [GET WORDS] Fetching words for ID: 2
2026-05-22 11:33:23.631 | INFO     | app.services.set_service:get_words_from_set:139 - [GET WORDS] Found word: id=2, word='rise'
2026-05-22 11:33:23.631 | INFO     | app.services.set_service:get_words_from_set:131 - [GET WORDS] Fetching words for ID: 1
2026-05-22 11:33:23.632 | INFO     | app.services.set_service:get_words_from_set:139 - [GET WORDS] Found word: id=1, word='enterprise'
2026-05-22 11:33:23.632 | INFO     | app.services.set_service:get_words_from_set:141 - [GET WORDS] Final result list: [{'id': 6, 'word': 'seize'}, {'id': 5, 'word': 'settle'}, {'id': 4, 'word': 'suit'}, {'id': 3, 'word': 'request'}, {'id': 2, 'word': 'rise'}, {'id': 1, 'word': 'enterprise'}]
2026-05-22 11:33:23.633 | INFO     | app.routers.get_words_from_set:get_words:16 - Getting Sets success: [{'id': 6, 'word': 'seize'}, {'id': 5, 'word': 'settle'}, {'id': 4, 'word': 'suit'}, {'id': 3, 'word': 'request'}, {'id': 2, 'word': 'rise'}, {'id': 1, 'word': 'enterprise'}]
2026-05-22 11:33:23.633 | INFO     | app.main:log_requests:74 - Response status: 200
2026-05-22 11:33:23.636 | INFO     | app.main:log_requests:66 - Incoming request: POST http://127.0.0.1:8000/frontend-log
2026-05-22 11:33:23.636 | INFO     | app.routers.logs:receive_frontend_logs:10 - [INFO] Get words from Set-1 request sent {}
2026-05-22 11:33:23.637 | INFO     | app.main:log_requests:74 - Response status: 200
2026-05-22 11:33:25.341 | INFO     | app.main:log_requests:66 - Incoming request: POST http://127.0.0.1:8000/frontend-log
2026-05-22 11:33:25.342 | INFO     | app.main:log_requests:66 - Incoming request: POST http://127.0.0.1:8000/frontend-log
2026-05-22 11:33:25.342 | INFO     | app.main:log_requests:66 - Incoming request: POST http://127.0.0.1:8000/frontend-log
2026-05-22 11:33:25.344 | INFO     | app.routers.logs:receive_frontend_logs:10 - [INFO] Word { word } clicked {'word': 'seize'}
2026-05-22 11:33:25.345 | INFO     | app.main:log_requests:66 - Incoming request: POST http://127.0.0.1:8000/frontend-log
2026-05-22 11:33:25.346 | INFO     | app.main:log_requests:66 - Incoming request: POST http://127.0.0.1:8000/frontend-log
2026-05-22 11:33:25.346 | INFO     | app.main:log_requests:66 - Incoming request: POST http://127.0.0.1:8000/frontend-log
2026-05-22 11:33:25.346 | INFO     | app.routers.logs:receive_frontend_logs:10 - [INFO] Word screen render start {}
2026-05-22 11:33:25.346 | INFO     | app.routers.logs:receive_frontend_logs:10 - [INFO] Word screen node {'found': True}
2026-05-22 11:33:25.347 | INFO     | app.main:log_requests:74 - Response status: 200
2026-05-22 11:33:25.347 | INFO     | app.main:log_requests:74 - Response status: 200
2026-05-22 11:33:25.348 | INFO     | app.main:log_requests:74 - Response status: 200
2026-05-22 11:33:25.349 | INFO     | app.routers.logs:receive_frontend_logs:10 - [INFO] Word request from the base {}
2026-05-22 11:33:25.349 | INFO     | app.routers.logs:receive_frontend_logs:10 - [INFO] Word request start {'word': 'seize', 'user_id': 2}
2026-05-22 11:33:25.349 | INFO     | app.routers.logs:receive_frontend_logs:10 - [INFO] get_word request shape {'endpoint': '/get_word', 'method': 'POST', 'hasToken': True}
2026-05-22 11:33:25.350 | INFO     | app.main:log_requests:74 - Response status: 200
2026-05-22 11:33:25.350 | INFO     | app.main:log_requests:74 - Response status: 200
2026-05-22 11:33:25.351 | INFO     | app.main:log_requests:74 - Response status: 200
2026-05-22 11:33:25.352 | INFO     | app.main:log_requests:66 - Incoming request: OPTIONS http://127.0.0.1:8000/get_word
2026-05-22 11:33:25.352 | INFO     | app.main:log_requests:74 - Response status: 200
2026-05-22 11:33:25.354 | INFO     | app.main:log_requests:66 - Incoming request: POST http://127.0.0.1:8000/get_word
2026-05-22 11:33:25.355 | INFO     | app.routers.get_word:get_word:11 - Reading Word attempt: user_id=2 word='seize'
2026-05-22 11:33:25.357 | INFO     | app.routers.get_word:get_word:17 - Reading word success: seize
2026-05-22 11:33:25.357 | INFO     | app.main:log_requests:74 - Response status: 200
2026-05-22 11:33:25.400 | INFO     | app.main:log_requests:66 - Incoming request: POST http://127.0.0.1:8000/frontend-log
2026-05-22 11:33:25.401 | INFO     | app.main:log_requests:66 - Incoming request: POST http://127.0.0.1:8000/frontend-log
2026-05-22 11:33:25.401 | INFO     | app.routers.logs:receive_frontend_logs:10 - [INFO] getWord response shape {'keys': ['word', 'translation', 'part_of_speech', 'transcription', 'examples', 'synonyms']}
2026-05-22 11:33:25.401 | INFO     | app.main:log_requests:74 - Response status: 200
2026-05-22 11:33:25.402 | INFO     | app.routers.logs:receive_frontend_logs:10 - [INFO] Word details loaded {'word': 'seize', 'hasData': False}
2026-05-22 11:33:25.402 | INFO     | app.main:log_requests:74 - Response status: 200
2026-05-22 11:55:45.049 | INFO     | app.main:log_requests:66 - Incoming request: OPTIONS http://127.0.0.1:8000/frontend-log
2026-05-22 11:55:45.049 | INFO     | app.main:log_requests:66 - Incoming request: OPTIONS http://127.0.0.1:8000/frontend-log
2026-05-22 11:55:45.050 | INFO     | app.main:log_requests:66 - Incoming request: OPTIONS http://127.0.0.1:8000/frontend-log
2026-05-22 11:55:45.050 | INFO     | app.main:log_requests:66 - Incoming request: OPTIONS http://127.0.0.1:8000/me
2026-05-22 11:55:45.050 | INFO     | app.main:log_requests:74 - Response status: 200
2026-05-22 11:55:45.051 | INFO     | app.main:log_requests:74 - Response status: 200
2026-05-22 11:55:45.051 | INFO     | app.main:log_requests:74 - Response status: 200
2026-05-22 11:55:45.052 | INFO     | app.main:log_requests:74 - Response status: 200
2026-05-22 11:55:45.056 | INFO     | app.main:log_requests:66 - Incoming request: POST http://127.0.0.1:8000/frontend-log
2026-05-22 11:55:45.056 | INFO     | app.main:log_requests:66 - Incoming request: POST http://127.0.0.1:8000/frontend-log
2026-05-22 11:55:45.057 | INFO     | app.main:log_requests:66 - Incoming request: GET http://127.0.0.1:8000/me
2026-05-22 11:55:45.057 | INFO     | app.main:log_requests:66 - Incoming request: POST http://127.0.0.1:8000/frontend-log
2026-05-22 11:55:45.060 | INFO     | app.routers.logs:receive_frontend_logs:10 - [INFO] Translate screen node {'found': True}
2026-05-22 11:55:45.060 | INFO     | app.routers.logs:receive_frontend_logs:10 - [INFO] Me request shape {'endpoint': '/me', 'method': 'GET', 'hasToken': True}
2026-05-22 11:55:45.060 | INFO     | app.routers.logs:receive_frontend_logs:10 - [INFO] Translate screen render start {}
2026-05-22 11:55:45.061 | INFO     | app.main:log_requests:74 - Response status: 200
2026-05-22 11:55:45.062 | INFO     | app.main:log_requests:74 - Response status: 200
2026-05-22 11:55:45.062 | INFO     | app.main:log_requests:74 - Response status: 200
2026-05-22 11:55:45.064 | INFO     | app.routers.auth:get_me:53 - Get current user. 2 - Sergey
2026-05-22 11:55:45.064 | INFO     | app.main:log_requests:74 - Response status: 200
2026-05-22 11:55:45.106 | INFO     | app.main:log_requests:66 - Incoming request: POST http://127.0.0.1:8000/frontend-log
2026-05-22 11:55:45.107 | INFO     | app.main:log_requests:66 - Incoming request: POST http://127.0.0.1:8000/frontend-log
2026-05-22 11:55:45.108 | INFO     | app.routers.logs:receive_frontend_logs:10 - [INFO] Me response shape {'keys': ['nickname', 'email', 'avatar_url', 'is_guest', 'is_premium', 'id', 'created_at', 'last_login'], 'isGuest': False}
2026-05-22 11:55:45.109 | INFO     | app.routers.logs:receive_frontend_logs:10 - [INFO] Init user success {'hasUser': True}
2026-05-22 11:55:45.109 | INFO     | app.main:log_requests:74 - Response status: 200
2026-05-22 11:55:45.110 | INFO     | app.main:log_requests:74 - Response status: 200
2026-05-22 11:57:28.530 | INFO     | app.main:log_requests:66 - Incoming request: POST http://127.0.0.1:8000/frontend-log
2026-05-22 11:57:28.531 | INFO     | app.main:log_requests:66 - Incoming request: POST http://127.0.0.1:8000/frontend-log
2026-05-22 11:57:28.537 | INFO     | app.routers.logs:receive_frontend_logs:10 - [INFO] Translate screen render start {}
2026-05-22 11:57:28.538 | INFO     | app.routers.logs:receive_frontend_logs:10 - [INFO] Translate screen node {'found': True}
2026-05-22 11:57:28.539 | INFO     | app.main:log_requests:74 - Response status: 200
2026-05-22 11:57:28.539 | INFO     | app.main:log_requests:66 - Incoming request: POST http://127.0.0.1:8000/frontend-log
2026-05-22 11:57:28.540 | INFO     | app.main:log_requests:66 - Incoming request: GET http://127.0.0.1:8000/me
2026-05-22 11:57:28.540 | INFO     | app.main:log_requests:74 - Response status: 200
2026-05-22 11:57:28.544 | INFO     | app.routers.logs:receive_frontend_logs:10 - [INFO] Me request shape {'endpoint': '/me', 'method': 'GET', 'hasToken': True}
2026-05-22 11:57:28.544 | INFO     | app.main:log_requests:74 - Response status: 200
2026-05-22 11:57:28.546 | INFO     | app.routers.auth:get_me:53 - Get current user. 2 - Sergey
2026-05-22 11:57:28.546 | INFO     | app.main:log_requests:74 - Response status: 200
2026-05-22 11:57:28.551 | INFO     | app.main:log_requests:66 - Incoming request: POST http://127.0.0.1:8000/frontend-log
2026-05-22 11:57:28.552 | INFO     | app.main:log_requests:66 - Incoming request: POST http://127.0.0.1:8000/frontend-log
2026-05-22 11:57:28.552 | INFO     | app.routers.logs:receive_frontend_logs:10 - [INFO] Me response shape {'keys': ['nickname', 'email', 'avatar_url', 'is_guest', 'is_premium', 'id', 'created_at', 'last_login'], 'isGuest': False}
2026-05-22 11:57:28.553 | INFO     | app.routers.logs:receive_frontend_logs:10 - [INFO] Init user success {'hasUser': True}
2026-05-22 11:57:28.553 | INFO     | app.main:log_requests:74 - Response status: 200
2026-05-22 11:57:28.554 | INFO     | app.main:log_requests:74 - Response status: 200
2026-05-22 11:57:33.090 | INFO     | app.main:log_requests:66 - Incoming request: OPTIONS http://127.0.0.1:8000/frontend-log
2026-05-22 11:57:33.090 | INFO     | app.main:log_requests:66 - Incoming request: OPTIONS http://127.0.0.1:8000/get_sets
2026-05-22 11:57:33.091 | INFO     | app.main:log_requests:74 - Response status: 200
2026-05-22 11:57:33.093 | INFO     | app.main:log_requests:74 - Response status: 200
2026-05-22 11:57:33.095 | INFO     | app.main:log_requests:66 - Incoming request: POST http://127.0.0.1:8000/frontend-log
2026-05-22 11:57:33.096 | INFO     | app.main:log_requests:66 - Incoming request: POST http://127.0.0.1:8000/get_sets
2026-05-22 11:57:33.096 | INFO     | app.routers.logs:receive_frontend_logs:10 - [INFO] Sets screen render start {}
2026-05-22 11:57:33.097 | INFO     | app.main:log_requests:74 - Response status: 200
2026-05-22 11:57:33.097 | INFO     | app.routers.get_sets:get_sets:11 - Getting Sets attempt: name='Sergey'
2026-05-22 11:57:33.102 | INFO     | app.routers.get_sets:get_sets:16 - Getting Sets success: [{'id': 1, 'name': 'Set-1', 'word_ids': [6, 5, 4, 3, 2, 1]}, {'id': 2, 'name': 'Set-2', 'word_ids': [12, 11, 10, 9, 8, 7]}, {'id': 5, 'name': 'Set-3', 'word_ids': [30, 29, 28, 27, 26, 25]}, {'id': 6, 'name': 'Set-4', 'word_ids': [36, 35, 34, 33, 32, 31]}, {'id': 7, 'name': 'Set-5', 'word_ids': [42, 41, 40, 39, 38, 37]}, {'id': 8, 'name': 'Set-6', 'word_ids': [48, 47, 46, 45, 44, 43]}]
2026-05-22 11:57:33.103 | INFO     | app.main:log_requests:74 - Response status: 200
2026-05-22 11:57:33.147 | INFO     | app.main:log_requests:66 - Incoming request: POST http://127.0.0.1:8000/frontend-log
2026-05-22 11:57:33.147 | INFO     | app.routers.logs:receive_frontend_logs:10 - [INFO] Get sets of Sergey request sent {}
2026-05-22 11:57:33.148 | INFO     | app.main:log_requests:74 - Response status: 200
2026-05-22 11:57:34.131 | INFO     | app.main:log_requests:66 - Incoming request: OPTIONS http://127.0.0.1:8000/get_words
2026-05-22 11:57:34.132 | INFO     | app.main:log_requests:74 - Response status: 200
2026-05-22 11:57:34.136 | INFO     | app.main:log_requests:66 - Incoming request: POST http://127.0.0.1:8000/get_words
2026-05-22 11:57:34.136 | INFO     | app.routers.get_words_from_set:get_words:11 - Getting Sets attempt: word_ids=[6, 5, 4, 3, 2, 1]
2026-05-22 11:57:34.137 | INFO     | app.services.set_service:get_words_from_set:128 - [GET WORDS] Start fetching words for IDs: [6, 5, 4, 3, 2, 1]
2026-05-22 11:57:34.137 | INFO     | app.services.set_service:get_words_from_set:131 - [GET WORDS] Fetching words for ID: 6
2026-05-22 11:57:34.139 | INFO     | app.services.set_service:get_words_from_set:139 - [GET WORDS] Found word: id=6, word='seize'
2026-05-22 11:57:34.139 | INFO     | app.services.set_service:get_words_from_set:131 - [GET WORDS] Fetching words for ID: 5
2026-05-22 11:57:34.140 | INFO     | app.services.set_service:get_words_from_set:139 - [GET WORDS] Found word: id=5, word='settle'
2026-05-22 11:57:34.140 | INFO     | app.services.set_service:get_words_from_set:131 - [GET WORDS] Fetching words for ID: 4
2026-05-22 11:57:34.141 | INFO     | app.services.set_service:get_words_from_set:139 - [GET WORDS] Found word: id=4, word='suit'
2026-05-22 11:57:34.141 | INFO     | app.services.set_service:get_words_from_set:131 - [GET WORDS] Fetching words for ID: 3
2026-05-22 11:57:34.142 | INFO     | app.services.set_service:get_words_from_set:139 - [GET WORDS] Found word: id=3, word='request'
2026-05-22 11:57:34.143 | INFO     | app.services.set_service:get_words_from_set:131 - [GET WORDS] Fetching words for ID: 2
2026-05-22 11:57:34.144 | INFO     | app.services.set_service:get_words_from_set:139 - [GET WORDS] Found word: id=2, word='rise'
2026-05-22 11:57:34.144 | INFO     | app.services.set_service:get_words_from_set:131 - [GET WORDS] Fetching words for ID: 1
2026-05-22 11:57:34.145 | INFO     | app.services.set_service:get_words_from_set:139 - [GET WORDS] Found word: id=1, word='enterprise'
2026-05-22 11:57:34.145 | INFO     | app.services.set_service:get_words_from_set:141 - [GET WORDS] Final result list: [{'id': 6, 'word': 'seize'}, {'id': 5, 'word': 'settle'}, {'id': 4, 'word': 'suit'}, {'id': 3, 'word': 'request'}, {'id': 2, 'word': 'rise'}, {'id': 1, 'word': 'enterprise'}]
2026-05-22 11:57:34.145 | INFO     | app.routers.get_words_from_set:get_words:16 - Getting Sets success: [{'id': 6, 'word': 'seize'}, {'id': 5, 'word': 'settle'}, {'id': 4, 'word': 'suit'}, {'id': 3, 'word': 'request'}, {'id': 2, 'word': 'rise'}, {'id': 1, 'word': 'enterprise'}]
2026-05-22 11:57:34.146 | INFO     | app.main:log_requests:74 - Response status: 200
2026-05-22 11:57:34.149 | INFO     | app.main:log_requests:66 - Incoming request: POST http://127.0.0.1:8000/frontend-log
2026-05-22 11:57:34.150 | INFO     | app.routers.logs:receive_frontend_logs:10 - [INFO] Get words from Set-1 request sent {}
2026-05-22 11:57:34.150 | INFO     | app.main:log_requests:74 - Response status: 200
2026-05-22 11:57:34.999 | INFO     | app.main:log_requests:66 - Incoming request: POST http://127.0.0.1:8000/frontend-log
2026-05-22 11:57:35.000 | INFO     | app.main:log_requests:66 - Incoming request: POST http://127.0.0.1:8000/frontend-log
2026-05-22 11:57:35.001 | INFO     | app.main:log_requests:66 - Incoming request: POST http://127.0.0.1:8000/frontend-log
2026-05-22 11:57:35.003 | INFO     | app.routers.logs:receive_frontend_logs:10 - [INFO] Word { word } clicked {'word': 'seize'}
2026-05-22 11:57:35.003 | INFO     | app.main:log_requests:66 - Incoming request: POST http://127.0.0.1:8000/frontend-log
2026-05-22 11:57:35.004 | INFO     | app.main:log_requests:66 - Incoming request: POST http://127.0.0.1:8000/frontend-log
2026-05-22 11:57:35.004 | INFO     | app.main:log_requests:66 - Incoming request: POST http://127.0.0.1:8000/frontend-log
2026-05-22 11:57:35.004 | INFO     | app.main:log_requests:74 - Response status: 200
2026-05-22 11:57:35.004 | INFO     | app.routers.logs:receive_frontend_logs:10 - [INFO] Word screen render start {}
2026-05-22 11:57:35.005 | INFO     | app.routers.logs:receive_frontend_logs:10 - [INFO] Word screen node {'found': True}
2026-05-22 11:57:35.005 | INFO     | app.main:log_requests:74 - Response status: 200
2026-05-22 11:57:35.005 | INFO     | app.main:log_requests:74 - Response status: 200
2026-05-22 11:57:35.006 | INFO     | app.routers.logs:receive_frontend_logs:10 - [INFO] Word request from the base {}
2026-05-22 11:57:35.006 | INFO     | app.routers.logs:receive_frontend_logs:10 - [INFO] Word request start {'word': 'seize', 'user_id': 2}
2026-05-22 11:57:35.006 | INFO     | app.routers.logs:receive_frontend_logs:10 - [INFO] {endpoint.slice(1)} request shape {'endpoint': '/get_word', 'method': 'POST', 'hasToken': True}
2026-05-22 11:57:35.006 | INFO     | app.main:log_requests:74 - Response status: 200
2026-05-22 11:57:35.007 | INFO     | app.main:log_requests:74 - Response status: 200
2026-05-22 11:57:35.007 | INFO     | app.main:log_requests:74 - Response status: 200
2026-05-22 11:57:35.010 | INFO     | app.main:log_requests:66 - Incoming request: POST http://127.0.0.1:8000/frontend-log
2026-05-22 11:57:35.011 | INFO     | app.main:log_requests:66 - Incoming request: POST http://127.0.0.1:8000/frontend-log
2026-05-22 11:57:35.011 | INFO     | app.main:log_requests:66 - Incoming request: POST http://127.0.0.1:8000/frontend-log
2026-05-22 11:57:35.012 | INFO     | app.routers.logs:receive_frontend_logs:10 - [ERROR] {endpoint.slice(1)} request failed {'error': "Failed to execute 'fetch' on 'Window': Failed to parse URL from http://127.0.0.1:8000{endpoint}"}
2026-05-22 11:57:35.012 | INFO     | app.routers.logs:receive_frontend_logs:10 - [ERROR] Word request failed in UI {'error': "Failed to execute 'fetch' on 'Window': Failed to parse URL from http://127.0.0.1:8000{endpoint}"}
2026-05-22 11:57:35.012 | INFO     | app.main:log_requests:74 - Response status: 200
2026-05-22 11:57:35.012 | INFO     | app.routers.logs:receive_frontend_logs:10 - [INFO] Word details loaded {'word': 'seize', 'hasData': False}
2026-05-22 11:57:35.013 | INFO     | app.main:log_requests:74 - Response status: 200
2026-05-22 11:57:35.014 | INFO     | app.main:log_requests:74 - Response status: 200
2026-05-22 12:12:34.526 | INFO     | app.main:log_requests:66 - Incoming request: OPTIONS http://127.0.0.1:8000/frontend-log
2026-05-22 12:12:34.527 | INFO     | app.main:log_requests:66 - Incoming request: OPTIONS http://127.0.0.1:8000/frontend-log
2026-05-22 12:12:34.527 | INFO     | app.main:log_requests:66 - Incoming request: OPTIONS http://127.0.0.1:8000/frontend-log
2026-05-22 12:12:34.527 | INFO     | app.main:log_requests:66 - Incoming request: OPTIONS http://127.0.0.1:8000/me
2026-05-22 12:12:34.528 | INFO     | app.main:log_requests:74 - Response status: 200
2026-05-22 12:12:34.528 | INFO     | app.main:log_requests:74 - Response status: 200
2026-05-22 12:12:34.529 | INFO     | app.main:log_requests:74 - Response status: 200
2026-05-22 12:12:34.529 | INFO     | app.main:log_requests:74 - Response status: 200
2026-05-22 12:12:34.534 | INFO     | app.main:log_requests:66 - Incoming request: POST http://127.0.0.1:8000/frontend-log
2026-05-22 12:12:34.535 | INFO     | app.main:log_requests:66 - Incoming request: POST http://127.0.0.1:8000/frontend-log
2026-05-22 12:12:34.536 | INFO     | app.main:log_requests:66 - Incoming request: GET http://127.0.0.1:8000/me
2026-05-22 12:12:34.536 | INFO     | app.main:log_requests:66 - Incoming request: POST http://127.0.0.1:8000/frontend-log
2026-05-22 12:12:34.540 | INFO     | app.routers.logs:receive_frontend_logs:10 - [INFO] Translate screen node {'found': True}
2026-05-22 12:12:34.540 | INFO     | app.routers.logs:receive_frontend_logs:10 - [INFO] Me request shape {'endpoint': '/me', 'method': 'GET', 'hasToken': True}
2026-05-22 12:12:34.541 | INFO     | app.routers.logs:receive_frontend_logs:10 - [INFO] Translate screen render start {}
2026-05-22 12:12:34.541 | INFO     | app.main:log_requests:74 - Response status: 200
2026-05-22 12:12:34.542 | INFO     | app.main:log_requests:74 - Response status: 200
2026-05-22 12:12:34.543 | INFO     | app.main:log_requests:74 - Response status: 200
2026-05-22 12:12:34.544 | INFO     | app.routers.auth:get_me:53 - Get current user. 2 - Sergey
2026-05-22 12:12:34.545 | INFO     | app.main:log_requests:74 - Response status: 200
2026-05-22 12:12:34.587 | INFO     | app.main:log_requests:66 - Incoming request: POST http://127.0.0.1:8000/frontend-log
2026-05-22 12:12:34.588 | INFO     | app.main:log_requests:66 - Incoming request: POST http://127.0.0.1:8000/frontend-log
2026-05-22 12:12:34.589 | INFO     | app.routers.logs:receive_frontend_logs:10 - [INFO] Me response shape {'keys': ['nickname', 'email', 'avatar_url', 'is_guest', 'is_premium', 'id', 'created_at', 'last_login'], 'isGuest': False}
2026-05-22 12:12:34.590 | INFO     | app.routers.logs:receive_frontend_logs:10 - [INFO] Init user success {'hasUser': True}
2026-05-22 12:12:34.590 | INFO     | app.main:log_requests:74 - Response status: 200
2026-05-22 12:12:34.591 | INFO     | app.main:log_requests:74 - Response status: 200
2026-05-22 12:12:38.052 | INFO     | app.main:log_requests:66 - Incoming request: POST http://127.0.0.1:8000/frontend-log
2026-05-22 12:12:38.053 | INFO     | app.main:log_requests:66 - Incoming request: POST http://127.0.0.1:8000/frontend-log
2026-05-22 12:12:38.054 | INFO     | app.main:log_requests:66 - Incoming request: POST http://127.0.0.1:8000/frontend-log
2026-05-22 12:12:38.054 | INFO     | app.main:log_requests:66 - Incoming request: GET http://127.0.0.1:8000/me
2026-05-22 12:12:38.056 | INFO     | app.routers.logs:receive_frontend_logs:10 - [INFO] Translate screen render start {}
2026-05-22 12:12:38.056 | INFO     | app.routers.logs:receive_frontend_logs:10 - [INFO] Translate screen node {'found': True}
2026-05-22 12:12:38.056 | INFO     | app.main:log_requests:74 - Response status: 200
2026-05-22 12:12:38.057 | INFO     | app.routers.logs:receive_frontend_logs:10 - [INFO] Me request shape {'endpoint': '/me', 'method': 'GET', 'hasToken': True}
2026-05-22 12:12:38.057 | INFO     | app.main:log_requests:74 - Response status: 200
2026-05-22 12:12:38.058 | INFO     | app.main:log_requests:74 - Response status: 200
2026-05-22 12:12:38.059 | INFO     | app.routers.auth:get_me:53 - Get current user. 2 - Sergey
2026-05-22 12:12:38.059 | INFO     | app.main:log_requests:74 - Response status: 200
2026-05-22 12:12:38.064 | INFO     | app.main:log_requests:66 - Incoming request: POST http://127.0.0.1:8000/frontend-log
2026-05-22 12:12:38.065 | INFO     | app.main:log_requests:66 - Incoming request: POST http://127.0.0.1:8000/frontend-log
2026-05-22 12:12:38.066 | INFO     | app.routers.logs:receive_frontend_logs:10 - [INFO] Me response shape {'keys': ['nickname', 'email', 'avatar_url', 'is_guest', 'is_premium', 'id', 'created_at', 'last_login'], 'isGuest': False}
2026-05-22 12:12:38.067 | INFO     | app.main:log_requests:74 - Response status: 200
2026-05-22 12:12:38.068 | INFO     | app.routers.logs:receive_frontend_logs:10 - [INFO] Init user success {'hasUser': True}
2026-05-22 12:12:38.068 | INFO     | app.main:log_requests:74 - Response status: 200
2026-05-22 12:12:40.985 | INFO     | app.main:log_requests:66 - Incoming request: POST http://127.0.0.1:8000/frontend-log
2026-05-22 12:12:40.985 | INFO     | app.main:log_requests:66 - Incoming request: POST http://127.0.0.1:8000/frontend-log
2026-05-22 12:12:40.986 | INFO     | app.routers.logs:receive_frontend_logs:10 - [INFO] Translate screen render start {}
2026-05-22 12:12:40.986 | INFO     | app.routers.logs:receive_frontend_logs:10 - [INFO] Translate screen node {'found': True}
2026-05-22 12:12:40.987 | INFO     | app.main:log_requests:74 - Response status: 200
2026-05-22 12:12:40.987 | INFO     | app.main:log_requests:74 - Response status: 200
2026-05-22 12:12:40.988 | INFO     | app.main:log_requests:66 - Incoming request: POST http://127.0.0.1:8000/frontend-log
2026-05-22 12:12:40.988 | INFO     | app.main:log_requests:66 - Incoming request: GET http://127.0.0.1:8000/me
2026-05-22 12:12:40.991 | INFO     | app.routers.logs:receive_frontend_logs:10 - [INFO] Me request shape {'endpoint': '/me', 'method': 'GET', 'hasToken': True}
2026-05-22 12:12:40.991 | INFO     | app.main:log_requests:74 - Response status: 200
2026-05-22 12:12:40.992 | INFO     | app.routers.auth:get_me:53 - Get current user. 2 - Sergey
2026-05-22 12:12:40.993 | INFO     | app.main:log_requests:74 - Response status: 200
2026-05-22 12:12:40.996 | INFO     | app.main:log_requests:66 - Incoming request: POST http://127.0.0.1:8000/frontend-log
2026-05-22 12:12:40.997 | INFO     | app.main:log_requests:66 - Incoming request: POST http://127.0.0.1:8000/frontend-log
2026-05-22 12:12:40.998 | INFO     | app.routers.logs:receive_frontend_logs:10 - [INFO] Me response shape {'keys': ['nickname', 'email', 'avatar_url', 'is_guest', 'is_premium', 'id', 'created_at', 'last_login'], 'isGuest': False}
2026-05-22 12:12:40.999 | INFO     | app.routers.logs:receive_frontend_logs:10 - [INFO] Init user success {'hasUser': True}
2026-05-22 12:12:40.999 | INFO     | app.main:log_requests:74 - Response status: 200
2026-05-22 12:12:40.999 | INFO     | app.main:log_requests:74 - Response status: 200
2026-05-22 12:12:45.429 | INFO     | app.main:log_requests:66 - Incoming request: OPTIONS http://127.0.0.1:8000/frontend-log
2026-05-22 12:12:45.429 | INFO     | app.main:log_requests:66 - Incoming request: OPTIONS http://127.0.0.1:8000/get_sets
2026-05-22 12:12:45.429 | INFO     | app.main:log_requests:74 - Response status: 200
2026-05-22 12:12:45.432 | INFO     | app.main:log_requests:74 - Response status: 200
2026-05-22 12:12:45.433 | INFO     | app.main:log_requests:66 - Incoming request: POST http://127.0.0.1:8000/frontend-log
2026-05-22 12:12:45.434 | INFO     | app.main:log_requests:66 - Incoming request: POST http://127.0.0.1:8000/get_sets
2026-05-22 12:12:45.435 | INFO     | app.routers.logs:receive_frontend_logs:10 - [INFO] Sets screen render start {}
2026-05-22 12:12:45.435 | INFO     | app.main:log_requests:74 - Response status: 200
2026-05-22 12:12:45.435 | INFO     | app.routers.get_sets:get_sets:11 - Getting Sets attempt: name='Sergey'
2026-05-22 12:12:45.441 | INFO     | app.routers.get_sets:get_sets:16 - Getting Sets success: [{'id': 1, 'name': 'Set-1', 'word_ids': [6, 5, 4, 3, 2, 1]}, {'id': 2, 'name': 'Set-2', 'word_ids': [12, 11, 10, 9, 8, 7]}, {'id': 5, 'name': 'Set-3', 'word_ids': [30, 29, 28, 27, 26, 25]}, {'id': 6, 'name': 'Set-4', 'word_ids': [36, 35, 34, 33, 32, 31]}, {'id': 7, 'name': 'Set-5', 'word_ids': [42, 41, 40, 39, 38, 37]}, {'id': 8, 'name': 'Set-6', 'word_ids': [48, 47, 46, 45, 44, 43]}]
2026-05-22 12:12:45.442 | INFO     | app.main:log_requests:74 - Response status: 200
2026-05-22 12:12:45.485 | INFO     | app.main:log_requests:66 - Incoming request: POST http://127.0.0.1:8000/frontend-log
2026-05-22 12:12:45.485 | INFO     | app.routers.logs:receive_frontend_logs:10 - [INFO] Get sets of Sergey request sent {}
2026-05-22 12:12:45.486 | INFO     | app.main:log_requests:74 - Response status: 200
2026-05-22 12:12:46.217 | INFO     | app.main:log_requests:66 - Incoming request: OPTIONS http://127.0.0.1:8000/get_words
2026-05-22 12:12:46.217 | INFO     | app.main:log_requests:74 - Response status: 200
2026-05-22 12:12:46.221 | INFO     | app.main:log_requests:66 - Incoming request: POST http://127.0.0.1:8000/get_words
2026-05-22 12:12:46.221 | INFO     | app.routers.get_words_from_set:get_words:11 - Getting Sets attempt: word_ids=[12, 11, 10, 9, 8, 7]
2026-05-22 12:12:46.222 | INFO     | app.services.set_service:get_words_from_set:128 - [GET WORDS] Start fetching words for IDs: [12, 11, 10, 9, 8, 7]
2026-05-22 12:12:46.222 | INFO     | app.services.set_service:get_words_from_set:131 - [GET WORDS] Fetching words for ID: 12
2026-05-22 12:12:46.224 | INFO     | app.services.set_service:get_words_from_set:139 - [GET WORDS] Found word: id=12, word='prodigy'
2026-05-22 12:12:46.224 | INFO     | app.services.set_service:get_words_from_set:131 - [GET WORDS] Fetching words for ID: 11
2026-05-22 12:12:46.225 | INFO     | app.services.set_service:get_words_from_set:139 - [GET WORDS] Found word: id=11, word='quiet'
2026-05-22 12:12:46.225 | INFO     | app.services.set_service:get_words_from_set:131 - [GET WORDS] Fetching words for ID: 10
2026-05-22 12:12:46.227 | INFO     | app.services.set_service:get_words_from_set:139 - [GET WORDS] Found word: id=10, word='wind'
2026-05-22 12:12:46.227 | INFO     | app.services.set_service:get_words_from_set:131 - [GET WORDS] Fetching words for ID: 9
2026-05-22 12:12:46.228 | INFO     | app.services.set_service:get_words_from_set:139 - [GET WORDS] Found word: id=9, word='cosy'
2026-05-22 12:12:46.228 | INFO     | app.services.set_service:get_words_from_set:131 - [GET WORDS] Fetching words for ID: 8
2026-05-22 12:12:46.230 | INFO     | app.services.set_service:get_words_from_set:139 - [GET WORDS] Found word: id=8, word='fate'
2026-05-22 12:12:46.230 | INFO     | app.services.set_service:get_words_from_set:131 - [GET WORDS] Fetching words for ID: 7
2026-05-22 12:12:46.231 | INFO     | app.services.set_service:get_words_from_set:139 - [GET WORDS] Found word: id=7, word='faforite'
2026-05-22 12:12:46.231 | INFO     | app.services.set_service:get_words_from_set:141 - [GET WORDS] Final result list: [{'id': 12, 'word': 'prodigy'}, {'id': 11, 'word': 'quiet'}, {'id': 10, 'word': 'wind'}, {'id': 9, 'word': 'cosy'}, {'id': 8, 'word': 'fate'}, {'id': 7, 'word': 'faforite'}]
2026-05-22 12:12:46.231 | INFO     | app.routers.get_words_from_set:get_words:16 - Getting Sets success: [{'id': 12, 'word': 'prodigy'}, {'id': 11, 'word': 'quiet'}, {'id': 10, 'word': 'wind'}, {'id': 9, 'word': 'cosy'}, {'id': 8, 'word': 'fate'}, {'id': 7, 'word': 'faforite'}]
2026-05-22 12:12:46.231 | INFO     | app.main:log_requests:74 - Response status: 200
2026-05-22 12:12:46.235 | INFO     | app.main:log_requests:66 - Incoming request: POST http://127.0.0.1:8000/frontend-log
2026-05-22 12:12:46.235 | INFO     | app.routers.logs:receive_frontend_logs:10 - [INFO] Get words from Set-2 request sent {}
2026-05-22 12:12:46.235 | INFO     | app.main:log_requests:74 - Response status: 200
2026-05-22 12:12:47.208 | INFO     | app.main:log_requests:66 - Incoming request: POST http://127.0.0.1:8000/frontend-log
2026-05-22 12:12:47.209 | INFO     | app.main:log_requests:66 - Incoming request: POST http://127.0.0.1:8000/frontend-log
2026-05-22 12:12:47.210 | INFO     | app.main:log_requests:66 - Incoming request: POST http://127.0.0.1:8000/frontend-log
2026-05-22 12:12:47.213 | INFO     | app.routers.logs:receive_frontend_logs:10 - [INFO] Word quiet clicked {'word': 'quiet'}
2026-05-22 12:12:47.213 | INFO     | app.main:log_requests:66 - Incoming request: POST http://127.0.0.1:8000/frontend-log
2026-05-22 12:12:47.214 | INFO     | app.main:log_requests:66 - Incoming request: POST http://127.0.0.1:8000/frontend-log
2026-05-22 12:12:47.214 | INFO     | app.main:log_requests:66 - Incoming request: POST http://127.0.0.1:8000/frontend-log
2026-05-22 12:12:47.214 | INFO     | app.routers.logs:receive_frontend_logs:10 - [INFO] Word screen render start {}
2026-05-22 12:12:47.214 | INFO     | app.routers.logs:receive_frontend_logs:10 - [INFO] Word screen node {'found': True}
2026-05-22 12:12:47.215 | INFO     | app.main:log_requests:74 - Response status: 200
2026-05-22 12:12:47.216 | INFO     | app.main:log_requests:74 - Response status: 200
2026-05-22 12:12:47.216 | INFO     | app.main:log_requests:74 - Response status: 200
2026-05-22 12:12:47.217 | INFO     | app.routers.logs:receive_frontend_logs:10 - [INFO] Word request from the base {}
2026-05-22 12:12:47.217 | INFO     | app.routers.logs:receive_frontend_logs:10 - [INFO] Word request start {'endpoint': '/get_word', 'word': 'quiet', 'user_id': 2}
2026-05-22 12:12:47.218 | INFO     | app.routers.logs:receive_frontend_logs:10 - [ERROR] Word request failed in UI {'error': "Cannot destructure property 'word' of 'undefined' as it is undefined."}
2026-05-22 12:12:47.218 | INFO     | app.main:log_requests:74 - Response status: 200
2026-05-22 12:12:47.218 | INFO     | app.main:log_requests:74 - Response status: 200
2026-05-22 12:12:47.219 | INFO     | app.main:log_requests:74 - Response status: 200
2026-05-22 12:12:47.220 | INFO     | app.main:log_requests:66 - Incoming request: POST http://127.0.0.1:8000/frontend-log
2026-05-22 12:12:47.220 | INFO     | app.routers.logs:receive_frontend_logs:10 - [INFO] Word details loaded {'word': 'quiet', 'hasData': False}
2026-05-22 12:12:47.221 | INFO     | app.main:log_requests:74 - Response status: 200
2026-05-22 12:18:58.185 | INFO     | app.main:log_requests:66 - Incoming request: POST http://127.0.0.1:8000/frontend-log
2026-05-22 12:18:58.186 | INFO     | app.main:log_requests:66 - Incoming request: POST http://127.0.0.1:8000/frontend-log
2026-05-22 12:18:58.187 | INFO     | app.routers.logs:receive_frontend_logs:10 - [INFO] Translate screen render start {}
2026-05-22 12:18:58.188 | INFO     | app.main:log_requests:66 - Incoming request: POST http://127.0.0.1:8000/frontend-log
2026-05-22 12:18:58.188 | INFO     | app.main:log_requests:66 - Incoming request: GET http://127.0.0.1:8000/me
2026-05-22 12:18:58.190 | INFO     | app.main:log_requests:74 - Response status: 200
2026-05-22 12:18:58.190 | INFO     | app.routers.logs:receive_frontend_logs:10 - [INFO] Translate screen node {'found': True}
2026-05-22 12:18:58.191 | INFO     | app.main:log_requests:74 - Response status: 200
2026-05-22 12:18:58.192 | INFO     | app.routers.logs:receive_frontend_logs:10 - [INFO] Me request shape {'endpoint': '/me', 'method': 'GET', 'hasToken': True}
2026-05-22 12:18:58.193 | INFO     | app.main:log_requests:74 - Response status: 200
2026-05-22 12:18:58.195 | INFO     | app.routers.auth:get_me:53 - Get current user. 2 - Sergey
2026-05-22 12:18:58.195 | INFO     | app.main:log_requests:74 - Response status: 200
2026-05-22 12:18:58.199 | INFO     | app.main:log_requests:66 - Incoming request: POST http://127.0.0.1:8000/frontend-log
2026-05-22 12:18:58.200 | INFO     | app.main:log_requests:66 - Incoming request: POST http://127.0.0.1:8000/frontend-log
2026-05-22 12:18:58.201 | INFO     | app.routers.logs:receive_frontend_logs:10 - [INFO] Me response shape {'keys': ['nickname', 'email', 'avatar_url', 'is_guest', 'is_premium', 'id', 'created_at', 'last_login'], 'isGuest': False}
2026-05-22 12:18:58.202 | INFO     | app.routers.logs:receive_frontend_logs:10 - [INFO] Init user success {'hasUser': True}
2026-05-22 12:18:58.202 | INFO     | app.main:log_requests:74 - Response status: 200
2026-05-22 12:18:58.203 | INFO     | app.main:log_requests:74 - Response status: 200
2026-05-22 12:19:02.988 | INFO     | app.main:log_requests:66 - Incoming request: POST http://127.0.0.1:8000/frontend-log
2026-05-22 12:19:02.988 | INFO     | app.main:log_requests:66 - Incoming request: POST http://127.0.0.1:8000/get_sets
2026-05-22 12:19:02.989 | INFO     | app.routers.logs:receive_frontend_logs:10 - [INFO] Sets screen render start {}
2026-05-22 12:19:02.991 | INFO     | app.routers.get_sets:get_sets:11 - Getting Sets attempt: name='Sergey'
2026-05-22 12:19:02.992 | INFO     | app.main:log_requests:74 - Response status: 200
2026-05-22 12:19:02.997 | INFO     | app.routers.get_sets:get_sets:16 - Getting Sets success: [{'id': 1, 'name': 'Set-1', 'word_ids': [6, 5, 4, 3, 2, 1]}, {'id': 2, 'name': 'Set-2', 'word_ids': [12, 11, 10, 9, 8, 7]}, {'id': 5, 'name': 'Set-3', 'word_ids': [30, 29, 28, 27, 26, 25]}, {'id': 6, 'name': 'Set-4', 'word_ids': [36, 35, 34, 33, 32, 31]}, {'id': 7, 'name': 'Set-5', 'word_ids': [42, 41, 40, 39, 38, 37]}, {'id': 8, 'name': 'Set-6', 'word_ids': [48, 47, 46, 45, 44, 43]}]
2026-05-22 12:19:02.997 | INFO     | app.main:log_requests:74 - Response status: 200
2026-05-22 12:19:03.001 | INFO     | app.main:log_requests:66 - Incoming request: POST http://127.0.0.1:8000/frontend-log
2026-05-22 12:19:03.002 | INFO     | app.routers.logs:receive_frontend_logs:10 - [INFO] Get sets of Sergey request sent {}
2026-05-22 12:19:03.002 | INFO     | app.main:log_requests:74 - Response status: 200
2026-05-22 12:19:04.146 | INFO     | app.main:log_requests:66 - Incoming request: POST http://127.0.0.1:8000/get_words
2026-05-22 12:19:04.146 | INFO     | app.routers.get_words_from_set:get_words:11 - Getting Sets attempt: word_ids=[12, 11, 10, 9, 8, 7]
2026-05-22 12:19:04.148 | INFO     | app.services.set_service:get_words_from_set:128 - [GET WORDS] Start fetching words for IDs: [12, 11, 10, 9, 8, 7]
2026-05-22 12:19:04.149 | INFO     | app.services.set_service:get_words_from_set:131 - [GET WORDS] Fetching words for ID: 12
2026-05-22 12:19:04.151 | INFO     | app.services.set_service:get_words_from_set:139 - [GET WORDS] Found word: id=12, word='prodigy'
2026-05-22 12:19:04.151 | INFO     | app.services.set_service:get_words_from_set:131 - [GET WORDS] Fetching words for ID: 11
2026-05-22 12:19:04.153 | INFO     | app.services.set_service:get_words_from_set:139 - [GET WORDS] Found word: id=11, word='quiet'
2026-05-22 12:19:04.154 | INFO     | app.services.set_service:get_words_from_set:131 - [GET WORDS] Fetching words for ID: 10
2026-05-22 12:19:04.155 | INFO     | app.services.set_service:get_words_from_set:139 - [GET WORDS] Found word: id=10, word='wind'
2026-05-22 12:19:04.155 | INFO     | app.services.set_service:get_words_from_set:131 - [GET WORDS] Fetching words for ID: 9
2026-05-22 12:19:04.157 | INFO     | app.services.set_service:get_words_from_set:139 - [GET WORDS] Found word: id=9, word='cosy'
2026-05-22 12:19:04.158 | INFO     | app.services.set_service:get_words_from_set:131 - [GET WORDS] Fetching words for ID: 8
2026-05-22 12:19:04.159 | INFO     | app.services.set_service:get_words_from_set:139 - [GET WORDS] Found word: id=8, word='fate'
2026-05-22 12:19:04.159 | INFO     | app.services.set_service:get_words_from_set:131 - [GET WORDS] Fetching words for ID: 7
2026-05-22 12:19:04.161 | INFO     | app.services.set_service:get_words_from_set:139 - [GET WORDS] Found word: id=7, word='faforite'
2026-05-22 12:19:04.161 | INFO     | app.services.set_service:get_words_from_set:141 - [GET WORDS] Final result list: [{'id': 12, 'word': 'prodigy'}, {'id': 11, 'word': 'quiet'}, {'id': 10, 'word': 'wind'}, {'id': 9, 'word': 'cosy'}, {'id': 8, 'word': 'fate'}, {'id': 7, 'word': 'faforite'}]
2026-05-22 12:19:04.161 | INFO     | app.routers.get_words_from_set:get_words:16 - Getting Sets success: [{'id': 12, 'word': 'prodigy'}, {'id': 11, 'word': 'quiet'}, {'id': 10, 'word': 'wind'}, {'id': 9, 'word': 'cosy'}, {'id': 8, 'word': 'fate'}, {'id': 7, 'word': 'faforite'}]
2026-05-22 12:19:04.162 | INFO     | app.main:log_requests:74 - Response status: 200
2026-05-22 12:19:04.165 | INFO     | app.main:log_requests:66 - Incoming request: POST http://127.0.0.1:8000/frontend-log
2026-05-22 12:19:04.166 | INFO     | app.routers.logs:receive_frontend_logs:10 - [INFO] Get words from Set-2 request sent {}
2026-05-22 12:19:04.166 | INFO     | app.main:log_requests:74 - Response status: 200
2026-05-22 12:19:05.142 | INFO     | app.main:log_requests:66 - Incoming request: POST http://127.0.0.1:8000/frontend-log
2026-05-22 12:19:05.142 | INFO     | app.main:log_requests:66 - Incoming request: POST http://127.0.0.1:8000/frontend-log
2026-05-22 12:19:05.146 | INFO     | app.routers.logs:receive_frontend_logs:10 - [INFO] Word prodigy clicked {'word': 'prodigy'}
2026-05-22 12:19:05.146 | INFO     | app.main:log_requests:66 - Incoming request: POST http://127.0.0.1:8000/frontend-log
2026-05-22 12:19:05.146 | INFO     | app.main:log_requests:66 - Incoming request: POST http://127.0.0.1:8000/frontend-log
2026-05-22 12:19:05.146 | INFO     | app.main:log_requests:66 - Incoming request: POST http://127.0.0.1:8000/frontend-log
2026-05-22 12:19:05.147 | INFO     | app.main:log_requests:66 - Incoming request: POST http://127.0.0.1:8000/frontend-log
2026-05-22 12:19:05.147 | INFO     | app.routers.logs:receive_frontend_logs:10 - [INFO] Word screen render start {}
2026-05-22 12:19:05.147 | INFO     | app.main:log_requests:74 - Response status: 200
2026-05-22 12:19:05.203 | INFO     | app.main:log_requests:74 - Response status: 200
2026-05-22 12:19:05.204 | INFO     | app.routers.logs:receive_frontend_logs:10 - [INFO] Word screen node {'found': True}
2026-05-22 12:19:05.204 | INFO     | app.routers.logs:receive_frontend_logs:10 - [INFO] Word request from the base {}
2026-05-22 12:19:05.204 | INFO     | app.routers.logs:receive_frontend_logs:10 - [INFO] Word request start {'endpoint': '/get_word', 'word': 'prodigy', 'user_id': 2}
2026-05-22 12:19:05.204 | INFO     | app.routers.logs:receive_frontend_logs:10 - [INFO] get_word request shape {'endpoint': '/get_word', 'method': 'POST', 'hasEndpoint': True, 'hasWord': True, 'hasUser': True}
2026-05-22 12:19:05.204 | INFO     | app.main:log_requests:66 - Incoming request: OPTIONS http://127.0.0.1:8000/get_word
2026-05-22 12:19:05.205 | INFO     | app.main:log_requests:74 - Response status: 200
2026-05-22 12:19:05.205 | INFO     | app.main:log_requests:74 - Response status: 200
2026-05-22 12:19:05.206 | INFO     | app.main:log_requests:74 - Response status: 200
2026-05-22 12:19:05.206 | INFO     | app.main:log_requests:74 - Response status: 200
2026-05-22 12:19:05.207 | INFO     | app.main:log_requests:74 - Response status: 200
2026-05-22 12:19:05.209 | INFO     | app.main:log_requests:66 - Incoming request: POST http://127.0.0.1:8000/get_word
2026-05-22 12:19:05.210 | INFO     | app.routers.get_word:get_word:11 - Reading Word attempt: user_id=2 word='prodigy'
2026-05-22 12:19:05.212 | INFO     | app.routers.get_word:get_word:17 - Reading word success: prodigy
2026-05-22 12:19:05.213 | INFO     | app.main:log_requests:74 - Response status: 200
2026-05-22 12:19:05.256 | INFO     | app.main:log_requests:66 - Incoming request: POST http://127.0.0.1:8000/frontend-log
2026-05-22 12:19:05.257 | INFO     | app.main:log_requests:66 - Incoming request: POST http://127.0.0.1:8000/frontend-log
2026-05-22 12:19:05.257 | INFO     | app.routers.logs:receive_frontend_logs:10 - [INFO] get_word response shape {'keys': ['word', 'translation', 'part_of_speech', 'transcription', 'examples', 'synonyms']}
2026-05-22 12:19:05.258 | INFO     | app.main:log_requests:74 - Response status: 200
2026-05-22 12:19:05.258 | INFO     | app.routers.logs:receive_frontend_logs:10 - [INFO] Word details loaded {'word': 'prodigy', 'hasData': False}
2026-05-22 12:19:05.259 | INFO     | app.main:log_requests:74 - Response status: 200
2026-05-22 12:19:47.303 | INFO     | app.main:log_requests:66 - Incoming request: POST http://127.0.0.1:8000/frontend-log
2026-05-22 12:19:47.306 | INFO     | app.main:log_requests:66 - Incoming request: POST http://127.0.0.1:8000/get_sets
2026-05-22 12:19:47.306 | INFO     | app.routers.logs:receive_frontend_logs:10 - [INFO] Sets screen render start {}
2026-05-22 12:19:47.307 | INFO     | app.routers.get_sets:get_sets:11 - Getting Sets attempt: name='Sergey'
2026-05-22 12:19:47.308 | INFO     | app.main:log_requests:74 - Response status: 200
2026-05-22 12:19:47.315 | INFO     | app.routers.get_sets:get_sets:16 - Getting Sets success: [{'id': 1, 'name': 'Set-1', 'word_ids': [6, 5, 4, 3, 2, 1]}, {'id': 2, 'name': 'Set-2', 'word_ids': [12, 11, 10, 9, 8, 7]}, {'id': 5, 'name': 'Set-3', 'word_ids': [30, 29, 28, 27, 26, 25]}, {'id': 6, 'name': 'Set-4', 'word_ids': [36, 35, 34, 33, 32, 31]}, {'id': 7, 'name': 'Set-5', 'word_ids': [42, 41, 40, 39, 38, 37]}, {'id': 8, 'name': 'Set-6', 'word_ids': [48, 47, 46, 45, 44, 43]}]
2026-05-22 12:19:47.315 | INFO     | app.main:log_requests:74 - Response status: 200
2026-05-22 12:19:47.318 | INFO     | app.main:log_requests:66 - Incoming request: POST http://127.0.0.1:8000/frontend-log
2026-05-22 12:19:47.319 | INFO     | app.routers.logs:receive_frontend_logs:10 - [INFO] Get sets of Sergey request sent {}
2026-05-22 12:19:47.319 | INFO     | app.main:log_requests:74 - Response status: 200
2026-05-22 15:29:59.440 | INFO     | app.main:log_requests:66 - Incoming request: GET http://127.0.0.1:8000/favicon.ico
2026-05-22 15:29:59.441 | INFO     | app.main:log_requests:74 - Response status: 404
2026-05-22 15:30:03.040 | INFO     | app.main:log_requests:66 - Incoming request: OPTIONS http://127.0.0.1:8000/get_words
2026-05-22 15:30:03.041 | INFO     | app.main:log_requests:74 - Response status: 200
2026-05-22 15:30:03.045 | INFO     | app.main:log_requests:66 - Incoming request: POST http://127.0.0.1:8000/get_words
2026-05-22 15:30:03.046 | INFO     | app.routers.get_words_from_set:get_words:11 - Getting Sets attempt: word_ids=[12, 11, 10, 9, 8, 7]
2026-05-22 15:30:03.046 | INFO     | app.services.set_service:get_words_from_set:128 - [GET WORDS] Start fetching words for IDs: [12, 11, 10, 9, 8, 7]
2026-05-22 15:30:03.046 | INFO     | app.services.set_service:get_words_from_set:131 - [GET WORDS] Fetching words for ID: 12
2026-05-22 15:30:03.048 | INFO     | app.services.set_service:get_words_from_set:139 - [GET WORDS] Found word: id=12, word='prodigy'
2026-05-22 15:30:03.048 | INFO     | app.services.set_service:get_words_from_set:131 - [GET WORDS] Fetching words for ID: 11
2026-05-22 15:30:03.050 | INFO     | app.services.set_service:get_words_from_set:139 - [GET WORDS] Found word: id=11, word='quiet'
2026-05-22 15:30:03.050 | INFO     | app.services.set_service:get_words_from_set:131 - [GET WORDS] Fetching words for ID: 10
2026-05-22 15:30:03.053 | INFO     | app.services.set_service:get_words_from_set:139 - [GET WORDS] Found word: id=10, word='wind'
2026-05-22 15:30:03.053 | INFO     | app.services.set_service:get_words_from_set:131 - [GET WORDS] Fetching words for ID: 9
2026-05-22 15:30:03.056 | INFO     | app.services.set_service:get_words_from_set:139 - [GET WORDS] Found word: id=9, word='cosy'
2026-05-22 15:30:03.056 | INFO     | app.services.set_service:get_words_from_set:131 - [GET WORDS] Fetching words for ID: 8
2026-05-22 15:30:03.057 | INFO     | app.services.set_service:get_words_from_set:139 - [GET WORDS] Found word: id=8, word='fate'
2026-05-22 15:30:03.058 | INFO     | app.services.set_service:get_words_from_set:131 - [GET WORDS] Fetching words for ID: 7
2026-05-22 15:30:03.059 | INFO     | app.services.set_service:get_words_from_set:139 - [GET WORDS] Found word: id=7, word='faforite'
2026-05-22 15:30:03.060 | INFO     | app.services.set_service:get_words_from_set:141 - [GET WORDS] Final result list: [{'id': 12, 'word': 'prodigy'}, {'id': 11, 'word': 'quiet'}, {'id': 10, 'word': 'wind'}, {'id': 9, 'word': 'cosy'}, {'id': 8, 'word': 'fate'}, {'id': 7, 'word': 'faforite'}]
2026-05-22 15:30:03.061 | INFO     | app.routers.get_words_from_set:get_words:16 - Getting Sets success: [{'id': 12, 'word': 'prodigy'}, {'id': 11, 'word': 'quiet'}, {'id': 10, 'word': 'wind'}, {'id': 9, 'word': 'cosy'}, {'id': 8, 'word': 'fate'}, {'id': 7, 'word': 'faforite'}]
2026-05-22 15:30:03.061 | INFO     | app.main:log_requests:74 - Response status: 200
2026-05-22 15:30:03.065 | INFO     | app.main:log_requests:66 - Incoming request: OPTIONS http://127.0.0.1:8000/frontend-log
2026-05-22 15:30:03.065 | INFO     | app.main:log_requests:74 - Response status: 200
2026-05-22 15:30:03.067 | INFO     | app.main:log_requests:66 - Incoming request: POST http://127.0.0.1:8000/frontend-log
2026-05-22 15:30:03.067 | INFO     | app.routers.logs:receive_frontend_logs:10 - [INFO] Get words from Set-2 request sent {}
2026-05-22 15:30:03.068 | INFO     | app.main:log_requests:74 - Response status: 200
2026-05-22 15:30:05.220 | INFO     | app.main:log_requests:66 - Incoming request: POST http://127.0.0.1:8000/frontend-log
2026-05-22 15:30:05.221 | INFO     | app.main:log_requests:66 - Incoming request: POST http://127.0.0.1:8000/frontend-log
2026-05-22 15:30:05.222 | INFO     | app.main:log_requests:66 - Incoming request: POST http://127.0.0.1:8000/frontend-log
2026-05-22 15:30:05.223 | INFO     | app.main:log_requests:66 - Incoming request: POST http://127.0.0.1:8000/frontend-log
2026-05-22 15:30:05.225 | INFO     | app.main:log_requests:66 - Incoming request: POST http://127.0.0.1:8000/frontend-log
2026-05-22 15:30:05.226 | INFO     | app.routers.logs:receive_frontend_logs:10 - [INFO] Word cosy clicked {'word': 'cosy'}
2026-05-22 15:30:05.226 | INFO     | app.main:log_requests:66 - Incoming request: POST http://127.0.0.1:8000/frontend-log
2026-05-22 15:30:05.227 | INFO     | app.main:log_requests:74 - Response status: 200
2026-05-22 15:30:05.228 | INFO     | app.routers.logs:receive_frontend_logs:10 - [INFO] Word screen render start {}
2026-05-22 15:30:05.229 | INFO     | app.main:log_requests:74 - Response status: 200
2026-05-22 15:30:05.230 | INFO     | app.routers.logs:receive_frontend_logs:10 - [INFO] Word screen node {'found': True}
2026-05-22 15:30:05.231 | INFO     | app.routers.logs:receive_frontend_logs:10 - [INFO] Word request from the base {}
2026-05-22 15:30:05.231 | INFO     | app.routers.logs:receive_frontend_logs:10 - [INFO] Word request start {'endpoint': '/get_word', 'word': 'cosy', 'user_id': 2}
2026-05-22 15:30:05.232 | INFO     | app.routers.logs:receive_frontend_logs:10 - [INFO] get_word request shape {'endpoint': '/get_word', 'method': 'POST', 'hasEndpoint': True, 'hasWord': True, 'hasUser': True}
2026-05-22 15:30:05.232 | INFO     | app.main:log_requests:74 - Response status: 200
2026-05-22 15:30:05.233 | INFO     | app.main:log_requests:74 - Response status: 200
2026-05-22 15:30:05.233 | INFO     | app.main:log_requests:74 - Response status: 200
2026-05-22 15:30:05.234 | INFO     | app.main:log_requests:66 - Incoming request: OPTIONS http://127.0.0.1:8000/get_word
2026-05-22 15:30:05.235 | INFO     | app.main:log_requests:74 - Response status: 200
2026-05-22 15:30:05.236 | INFO     | app.main:log_requests:74 - Response status: 200
2026-05-22 15:30:05.238 | INFO     | app.main:log_requests:66 - Incoming request: POST http://127.0.0.1:8000/get_word
2026-05-22 15:30:05.239 | INFO     | app.routers.get_word:get_word:11 - Reading Word attempt: user_id=2 word='cosy'
2026-05-22 15:30:05.242 | INFO     | app.routers.get_word:get_word:17 - Reading word success: cosy
2026-05-22 15:30:05.242 | INFO     | app.main:log_requests:74 - Response status: 200
2026-05-22 15:30:05.286 | INFO     | app.main:log_requests:66 - Incoming request: POST http://127.0.0.1:8000/frontend-log
2026-05-22 15:30:05.287 | INFO     | app.main:log_requests:66 - Incoming request: POST http://127.0.0.1:8000/frontend-log
2026-05-22 15:30:05.287 | INFO     | app.routers.logs:receive_frontend_logs:10 - [INFO] get_word response shape {'keys': ['word', 'translation', 'part_of_speech', 'transcription', 'examples', 'synonyms']}
2026-05-22 15:30:05.288 | INFO     | app.main:log_requests:74 - Response status: 200
2026-05-22 15:30:05.288 | INFO     | app.routers.logs:receive_frontend_logs:10 - [INFO] Word details loaded {'word': 'cosy', 'hasData': False}
2026-05-22 15:30:05.289 | INFO     | app.main:log_requests:74 - Response status: 200
2026-05-22 17:21:30.996 | INFO     | app.main:log_requests:70 - Incoming request: OPTIONS http://127.0.0.1:8000/frontend-log
2026-05-22 17:21:30.997 | INFO     | app.main:log_requests:70 - Incoming request: OPTIONS http://127.0.0.1:8000/frontend-log
2026-05-22 17:21:30.998 | INFO     | app.main:log_requests:78 - Response status: 200
2026-05-22 17:21:31.000 | INFO     | app.main:log_requests:78 - Response status: 200
2026-05-22 17:21:31.001 | INFO     | app.main:log_requests:70 - Incoming request: OPTIONS http://127.0.0.1:8000/frontend-log
2026-05-22 17:21:31.001 | INFO     | app.main:log_requests:70 - Incoming request: OPTIONS http://127.0.0.1:8000/me
2026-05-22 17:21:31.003 | INFO     | app.main:log_requests:78 - Response status: 200
2026-05-22 17:21:31.003 | INFO     | app.main:log_requests:78 - Response status: 200
2026-05-22 17:21:31.005 | INFO     | app.main:log_requests:70 - Incoming request: POST http://127.0.0.1:8000/frontend-log
2026-05-22 17:21:31.005 | INFO     | app.main:log_requests:70 - Incoming request: POST http://127.0.0.1:8000/frontend-log
2026-05-22 17:21:31.008 | INFO     | app.main:log_requests:70 - Incoming request: POST http://127.0.0.1:8000/frontend-log
2026-05-22 17:21:31.009 | INFO     | app.main:log_requests:70 - Incoming request: GET http://127.0.0.1:8000/me
2026-05-22 17:21:31.024 | INFO     | app.routers.logs:receive_frontend_logs:10 - [INFO] Translate screen node {'found': True}
2026-05-22 17:21:31.025 | INFO     | app.routers.logs:receive_frontend_logs:10 - [INFO] Translate screen render start {}
2026-05-22 17:21:31.026 | INFO     | app.main:log_requests:78 - Response status: 200
2026-05-22 17:21:31.026 | INFO     | app.main:log_requests:78 - Response status: 200
2026-05-22 17:21:31.027 | INFO     | app.routers.logs:receive_frontend_logs:10 - [INFO] Me request shape {'endpoint': '/me', 'method': 'GET', 'hasToken': True}
2026-05-22 17:21:31.028 | INFO     | app.main:log_requests:78 - Response status: 200
2026-05-22 17:21:31.030 | INFO     | app.routers.auth:get_me:53 - Get current user. 2 - Sergey
2026-05-22 17:21:31.031 | INFO     | app.main:log_requests:78 - Response status: 200
2026-05-22 17:21:31.074 | INFO     | app.main:log_requests:70 - Incoming request: POST http://127.0.0.1:8000/frontend-log
2026-05-22 17:21:31.075 | INFO     | app.main:log_requests:70 - Incoming request: POST http://127.0.0.1:8000/frontend-log
2026-05-22 17:21:31.075 | INFO     | app.routers.logs:receive_frontend_logs:10 - [INFO] Me response shape {'keys': ['nickname', 'email', 'avatar_url', 'is_guest', 'is_premium', 'id', 'created_at', 'last_login'], 'isGuest': False}
2026-05-22 17:21:31.076 | INFO     | app.routers.logs:receive_frontend_logs:10 - [INFO] Init user success {'hasUser': True}
2026-05-22 17:21:31.076 | INFO     | app.main:log_requests:78 - Response status: 200
2026-05-22 17:21:31.077 | INFO     | app.main:log_requests:78 - Response status: 200
2026-05-22 17:21:43.640 | INFO     | app.main:log_requests:70 - Incoming request: OPTIONS http://127.0.0.1:8000/frontend-log
2026-05-22 17:21:43.640 | INFO     | app.main:log_requests:70 - Incoming request: OPTIONS http://127.0.0.1:8000/get_sets
2026-05-22 17:21:43.642 | INFO     | app.main:log_requests:78 - Response status: 200
2026-05-22 17:21:43.643 | INFO     | app.main:log_requests:78 - Response status: 200
2026-05-22 17:21:43.646 | INFO     | app.main:log_requests:70 - Incoming request: POST http://127.0.0.1:8000/get_sets
2026-05-22 17:21:43.649 | INFO     | app.main:log_requests:70 - Incoming request: POST http://127.0.0.1:8000/frontend-log
2026-05-22 17:21:43.649 | INFO     | app.routers.get_sets:get_sets:11 - Getting Sets attempt: name='Sergey'
2026-05-22 17:21:43.651 | INFO     | app.routers.logs:receive_frontend_logs:10 - [INFO] Sets screen render start {}
2026-05-22 17:21:43.651 | INFO     | app.main:log_requests:78 - Response status: 200
2026-05-22 17:21:43.661 | INFO     | app.routers.get_sets:get_sets:16 - Getting Sets success: [{'id': 1, 'name': 'Set-1', 'word_ids': [6, 5, 4, 3, 2, 1]}, {'id': 2, 'name': 'Set-2', 'word_ids': [12, 11, 10, 9, 8, 7]}, {'id': 5, 'name': 'Set-3', 'word_ids': [30, 29, 28, 27, 26, 25]}, {'id': 6, 'name': 'Set-4', 'word_ids': [36, 35, 34, 33, 32, 31]}, {'id': 7, 'name': 'Set-5', 'word_ids': [42, 41, 40, 39, 38, 37]}, {'id': 8, 'name': 'Set-6', 'word_ids': [48, 47, 46, 45, 44, 43]}]
2026-05-22 17:21:43.662 | INFO     | app.main:log_requests:78 - Response status: 200
2026-05-22 17:21:43.705 | INFO     | app.main:log_requests:70 - Incoming request: POST http://127.0.0.1:8000/frontend-log
2026-05-22 17:21:43.706 | INFO     | app.routers.logs:receive_frontend_logs:10 - [INFO] Get sets of Sergey request sent {}
2026-05-22 17:21:43.706 | INFO     | app.main:log_requests:78 - Response status: 200
2026-05-22 17:21:45.132 | INFO     | app.main:log_requests:70 - Incoming request: OPTIONS http://127.0.0.1:8000/get_words
2026-05-22 17:21:45.132 | INFO     | app.main:log_requests:78 - Response status: 200
2026-05-22 17:21:45.136 | INFO     | app.main:log_requests:70 - Incoming request: POST http://127.0.0.1:8000/get_words
2026-05-22 17:21:45.137 | INFO     | app.routers.get_words_from_set:get_words:11 - Getting Sets attempt: word_ids=[6, 5, 4, 3, 2, 1]
2026-05-22 17:21:45.137 | INFO     | app.services.set_service:get_words_from_set:128 - [GET WORDS] Start fetching words for IDs: [6, 5, 4, 3, 2, 1]
2026-05-22 17:21:45.137 | INFO     | app.services.set_service:get_words_from_set:131 - [GET WORDS] Fetching words for ID: 6
2026-05-22 17:21:45.141 | INFO     | app.services.set_service:get_words_from_set:139 - [GET WORDS] Found word: id=6, word='seize'
2026-05-22 17:21:45.141 | INFO     | app.services.set_service:get_words_from_set:131 - [GET WORDS] Fetching words for ID: 5
2026-05-22 17:21:45.142 | INFO     | app.services.set_service:get_words_from_set:139 - [GET WORDS] Found word: id=5, word='settle'
2026-05-22 17:21:45.142 | INFO     | app.services.set_service:get_words_from_set:131 - [GET WORDS] Fetching words for ID: 4
2026-05-22 17:21:45.145 | INFO     | app.services.set_service:get_words_from_set:139 - [GET WORDS] Found word: id=4, word='suit'
2026-05-22 17:21:45.145 | INFO     | app.services.set_service:get_words_from_set:131 - [GET WORDS] Fetching words for ID: 3
2026-05-22 17:21:45.147 | INFO     | app.services.set_service:get_words_from_set:139 - [GET WORDS] Found word: id=3, word='request'
2026-05-22 17:21:45.147 | INFO     | app.services.set_service:get_words_from_set:131 - [GET WORDS] Fetching words for ID: 2
2026-05-22 17:21:45.149 | INFO     | app.services.set_service:get_words_from_set:139 - [GET WORDS] Found word: id=2, word='rise'
2026-05-22 17:21:45.149 | INFO     | app.services.set_service:get_words_from_set:131 - [GET WORDS] Fetching words for ID: 1
2026-05-22 17:21:45.150 | INFO     | app.services.set_service:get_words_from_set:139 - [GET WORDS] Found word: id=1, word='enterprise'
2026-05-22 17:21:45.151 | INFO     | app.services.set_service:get_words_from_set:141 - [GET WORDS] Final result list: [{'id': 6, 'word': 'seize'}, {'id': 5, 'word': 'settle'}, {'id': 4, 'word': 'suit'}, {'id': 3, 'word': 'request'}, {'id': 2, 'word': 'rise'}, {'id': 1, 'word': 'enterprise'}]
2026-05-22 17:21:45.151 | INFO     | app.routers.get_words_from_set:get_words:16 - Getting Sets success: [{'id': 6, 'word': 'seize'}, {'id': 5, 'word': 'settle'}, {'id': 4, 'word': 'suit'}, {'id': 3, 'word': 'request'}, {'id': 2, 'word': 'rise'}, {'id': 1, 'word': 'enterprise'}]
2026-05-22 17:21:45.152 | INFO     | app.main:log_requests:78 - Response status: 200
2026-05-22 17:21:45.155 | INFO     | app.main:log_requests:70 - Incoming request: POST http://127.0.0.1:8000/frontend-log
2026-05-22 17:21:45.155 | INFO     | app.routers.logs:receive_frontend_logs:10 - [INFO] Get words from Set-1 request sent {}
2026-05-22 17:21:45.155 | INFO     | app.main:log_requests:78 - Response status: 200
2026-05-22 17:21:46.435 | INFO     | app.main:log_requests:70 - Incoming request: POST http://127.0.0.1:8000/frontend-log
2026-05-22 17:21:46.437 | INFO     | app.main:log_requests:70 - Incoming request: POST http://127.0.0.1:8000/frontend-log
2026-05-22 17:21:46.439 | INFO     | app.main:log_requests:70 - Incoming request: POST http://127.0.0.1:8000/frontend-log
2026-05-22 17:21:46.441 | INFO     | app.routers.logs:receive_frontend_logs:10 - [INFO] Word seize clicked {'word': 'seize'}
2026-05-22 17:21:46.441 | INFO     | app.main:log_requests:70 - Incoming request: POST http://127.0.0.1:8000/frontend-log
2026-05-22 17:21:46.441 | INFO     | app.main:log_requests:70 - Incoming request: POST http://127.0.0.1:8000/frontend-log
2026-05-22 17:21:46.441 | INFO     | app.main:log_requests:70 - Incoming request: POST http://127.0.0.1:8000/frontend-log
2026-05-22 17:21:46.443 | INFO     | app.main:log_requests:78 - Response status: 200
2026-05-22 17:21:46.444 | INFO     | app.routers.logs:receive_frontend_logs:10 - [INFO] Word screen render start {}
2026-05-22 17:21:46.445 | INFO     | app.routers.logs:receive_frontend_logs:10 - [INFO] Word screen node {'found': True}
2026-05-22 17:21:46.445 | INFO     | app.main:log_requests:78 - Response status: 200
2026-05-22 17:21:46.446 | INFO     | app.main:log_requests:78 - Response status: 200
2026-05-22 17:21:46.446 | INFO     | app.routers.logs:receive_frontend_logs:10 - [INFO] Word request from the base {}
2026-05-22 17:21:46.446 | INFO     | app.routers.logs:receive_frontend_logs:10 - [INFO] Word request start {'endpoint': '/get_word', 'word': 'seize', 'user_id': 2, 'languge': ''}
2026-05-22 17:21:46.447 | INFO     | app.routers.logs:receive_frontend_logs:10 - [INFO] get_word request shape {'endpoint': '/get_word', 'method': 'POST', 'hasEndpoint': True, 'hasWord': True, 'hasUser': True}
2026-05-22 17:21:46.448 | INFO     | app.main:log_requests:70 - Incoming request: OPTIONS http://127.0.0.1:8000/get_word
2026-05-22 17:21:46.448 | INFO     | app.main:log_requests:78 - Response status: 200
2026-05-22 17:21:46.449 | INFO     | app.main:log_requests:78 - Response status: 200
2026-05-22 17:21:46.449 | INFO     | app.main:log_requests:78 - Response status: 200
2026-05-22 17:21:46.450 | INFO     | app.main:log_requests:78 - Response status: 200
2026-05-22 17:21:46.453 | INFO     | app.main:log_requests:70 - Incoming request: POST http://127.0.0.1:8000/get_word
2026-05-22 17:21:46.454 | INFO     | app.main:log_requests:78 - Response status: 422
2026-05-22 17:21:46.498 | INFO     | app.main:log_requests:70 - Incoming request: POST http://127.0.0.1:8000/frontend-log
2026-05-22 17:21:46.498 | INFO     | app.main:log_requests:70 - Incoming request: POST http://127.0.0.1:8000/frontend-log
2026-05-22 17:21:46.499 | INFO     | app.main:log_requests:70 - Incoming request: POST http://127.0.0.1:8000/frontend-log
2026-05-22 17:21:46.499 | INFO     | app.routers.logs:receive_frontend_logs:10 - [ERROR] get_word request failed {'error': 'API error 422: {"detail":[{"type":"missing","loc":["body","language"],"msg":"Field required","input":{"word":"seize","user_id":2}}]}'}
2026-05-22 17:21:46.500 | INFO     | app.main:log_requests:78 - Response status: 200
2026-05-22 17:21:46.500 | INFO     | app.routers.logs:receive_frontend_logs:10 - [ERROR] Word request failed in UI {'error': 'API error 422: {"detail":[{"type":"missing","loc":["body","language"],"msg":"Field required","input":{"word":"seize","user_id":2}}]}'}
2026-05-22 17:21:46.500 | INFO     | app.routers.logs:receive_frontend_logs:10 - [INFO] Word details loaded {'word': 'seize', 'hasData': False}
2026-05-22 17:21:46.501 | INFO     | app.main:log_requests:78 - Response status: 200
2026-05-22 17:21:46.501 | INFO     | app.main:log_requests:78 - Response status: 200
2026-05-22 17:22:24.443 | INFO     | app.main:log_requests:70 - Incoming request: POST http://127.0.0.1:8000/frontend-log
2026-05-22 17:22:24.444 | INFO     | app.main:log_requests:70 - Incoming request: POST http://127.0.0.1:8000/get_sets
2026-05-22 17:22:24.445 | INFO     | app.routers.logs:receive_frontend_logs:10 - [INFO] Sets screen render start {}
2026-05-22 17:22:24.445 | INFO     | app.main:log_requests:78 - Response status: 200
2026-05-22 17:22:24.445 | INFO     | app.routers.get_sets:get_sets:11 - Getting Sets attempt: name='Sergey'
2026-05-22 17:22:24.462 | INFO     | app.routers.get_sets:get_sets:16 - Getting Sets success: [{'id': 1, 'name': 'Set-1', 'word_ids': [6, 5, 4, 3, 2, 1]}, {'id': 2, 'name': 'Set-2', 'word_ids': [12, 11, 10, 9, 8, 7]}, {'id': 5, 'name': 'Set-3', 'word_ids': [30, 29, 28, 27, 26, 25]}, {'id': 6, 'name': 'Set-4', 'word_ids': [36, 35, 34, 33, 32, 31]}, {'id': 7, 'name': 'Set-5', 'word_ids': [42, 41, 40, 39, 38, 37]}, {'id': 8, 'name': 'Set-6', 'word_ids': [48, 47, 46, 45, 44, 43]}]
2026-05-22 17:22:24.463 | INFO     | app.main:log_requests:78 - Response status: 200
2026-05-22 17:22:24.465 | INFO     | app.main:log_requests:70 - Incoming request: POST http://127.0.0.1:8000/frontend-log
2026-05-22 17:22:24.466 | INFO     | app.routers.logs:receive_frontend_logs:10 - [INFO] Get sets of Sergey request sent {}
2026-05-22 17:22:24.466 | INFO     | app.main:log_requests:78 - Response status: 200
2026-05-22 17:22:25.084 | INFO     | app.main:log_requests:70 - Incoming request: POST http://127.0.0.1:8000/get_words
2026-05-22 17:22:25.085 | INFO     | app.routers.get_words_from_set:get_words:11 - Getting Sets attempt: word_ids=[6, 5, 4, 3, 2, 1]
2026-05-22 17:22:25.086 | INFO     | app.services.set_service:get_words_from_set:128 - [GET WORDS] Start fetching words for IDs: [6, 5, 4, 3, 2, 1]
2026-05-22 17:22:25.087 | INFO     | app.services.set_service:get_words_from_set:131 - [GET WORDS] Fetching words for ID: 6
2026-05-22 17:22:25.091 | INFO     | app.services.set_service:get_words_from_set:139 - [GET WORDS] Found word: id=6, word='seize'
2026-05-22 17:22:25.092 | INFO     | app.services.set_service:get_words_from_set:131 - [GET WORDS] Fetching words for ID: 5
2026-05-22 17:22:25.093 | INFO     | app.services.set_service:get_words_from_set:139 - [GET WORDS] Found word: id=5, word='settle'
2026-05-22 17:22:25.093 | INFO     | app.services.set_service:get_words_from_set:131 - [GET WORDS] Fetching words for ID: 4
2026-05-22 17:22:25.095 | INFO     | app.services.set_service:get_words_from_set:139 - [GET WORDS] Found word: id=4, word='suit'
2026-05-22 17:22:25.095 | INFO     | app.services.set_service:get_words_from_set:131 - [GET WORDS] Fetching words for ID: 3
2026-05-22 17:22:25.096 | INFO     | app.services.set_service:get_words_from_set:139 - [GET WORDS] Found word: id=3, word='request'
2026-05-22 17:22:25.096 | INFO     | app.services.set_service:get_words_from_set:131 - [GET WORDS] Fetching words for ID: 2
2026-05-22 17:22:25.097 | INFO     | app.services.set_service:get_words_from_set:139 - [GET WORDS] Found word: id=2, word='rise'
2026-05-22 17:22:25.097 | INFO     | app.services.set_service:get_words_from_set:131 - [GET WORDS] Fetching words for ID: 1
2026-05-22 17:22:25.098 | INFO     | app.services.set_service:get_words_from_set:139 - [GET WORDS] Found word: id=1, word='enterprise'
2026-05-22 17:22:25.098 | INFO     | app.services.set_service:get_words_from_set:141 - [GET WORDS] Final result list: [{'id': 6, 'word': 'seize'}, {'id': 5, 'word': 'settle'}, {'id': 4, 'word': 'suit'}, {'id': 3, 'word': 'request'}, {'id': 2, 'word': 'rise'}, {'id': 1, 'word': 'enterprise'}]
2026-05-22 17:22:25.099 | INFO     | app.routers.get_words_from_set:get_words:16 - Getting Sets success: [{'id': 6, 'word': 'seize'}, {'id': 5, 'word': 'settle'}, {'id': 4, 'word': 'suit'}, {'id': 3, 'word': 'request'}, {'id': 2, 'word': 'rise'}, {'id': 1, 'word': 'enterprise'}]
2026-05-22 17:22:25.099 | INFO     | app.main:log_requests:78 - Response status: 200
2026-05-22 17:22:25.102 | INFO     | app.main:log_requests:70 - Incoming request: POST http://127.0.0.1:8000/frontend-log
2026-05-22 17:22:25.103 | INFO     | app.routers.logs:receive_frontend_logs:10 - [INFO] Get words from Set-1 request sent {}
2026-05-22 17:22:25.103 | INFO     | app.main:log_requests:78 - Response status: 200
2026-05-22 17:22:25.981 | INFO     | app.main:log_requests:70 - Incoming request: POST http://127.0.0.1:8000/frontend-log
2026-05-22 17:22:25.982 | INFO     | app.main:log_requests:70 - Incoming request: POST http://127.0.0.1:8000/frontend-log
2026-05-22 17:22:25.985 | INFO     | app.main:log_requests:70 - Incoming request: POST http://127.0.0.1:8000/frontend-log
2026-05-22 17:22:25.985 | INFO     | app.main:log_requests:70 - Incoming request: POST http://127.0.0.1:8000/frontend-log
2026-05-22 17:22:25.985 | INFO     | app.main:log_requests:70 - Incoming request: POST http://127.0.0.1:8000/frontend-log
2026-05-22 17:22:25.985 | INFO     | app.main:log_requests:70 - Incoming request: POST http://127.0.0.1:8000/frontend-log
2026-05-22 17:22:25.985 | INFO     | app.routers.logs:receive_frontend_logs:10 - [INFO] Word seize clicked {'word': 'seize'}
2026-05-22 17:22:25.986 | INFO     | app.routers.logs:receive_frontend_logs:10 - [INFO] Word screen render start {}
2026-05-22 17:22:25.986 | INFO     | app.main:log_requests:78 - Response status: 200
2026-05-22 17:22:25.987 | INFO     | app.main:log_requests:78 - Response status: 200
2026-05-22 17:22:25.987 | INFO     | app.routers.logs:receive_frontend_logs:10 - [INFO] Word screen node {'found': True}
2026-05-22 17:22:25.987 | INFO     | app.routers.logs:receive_frontend_logs:10 - [INFO] Word request from the base {}
2026-05-22 17:22:25.988 | INFO     | app.routers.logs:receive_frontend_logs:10 - [INFO] Word request start {'endpoint': '/get_word', 'word': 'seize', 'user_id': 2, 'languge': ''}
2026-05-22 17:22:25.988 | INFO     | app.routers.logs:receive_frontend_logs:10 - [INFO] get_word request shape {'endpoint': '/get_word', 'method': 'POST', 'hasEndpoint': True, 'hasWord': True, 'hasUser': True}
2026-05-22 17:22:25.988 | INFO     | app.main:log_requests:78 - Response status: 200
2026-05-22 17:22:25.989 | INFO     | app.main:log_requests:78 - Response status: 200
2026-05-22 17:22:25.989 | INFO     | app.main:log_requests:78 - Response status: 200
2026-05-22 17:22:25.990 | INFO     | app.main:log_requests:78 - Response status: 200
2026-05-22 17:22:25.993 | INFO     | app.main:log_requests:70 - Incoming request: POST http://127.0.0.1:8000/get_word
2026-05-22 17:22:25.994 | INFO     | app.routers.get_word:get_word:15 - Reading Word attempt: user_id=2 word='seize'
2026-05-22 17:22:25.996 | INFO     | app.routers.get_word:get_word:21 - Reading word success: seize
2026-05-22 17:22:25.997 | INFO     | app.main:log_requests:78 - Response status: 200
2026-05-22 17:22:26.040 | INFO     | app.main:log_requests:70 - Incoming request: POST http://127.0.0.1:8000/frontend-log
2026-05-22 17:22:26.041 | INFO     | app.main:log_requests:70 - Incoming request: POST http://127.0.0.1:8000/frontend-log
2026-05-22 17:22:26.043 | INFO     | app.routers.logs:receive_frontend_logs:10 - [INFO] get_word response shape {'keys': ['word', 'translation', 'part_of_speech', 'transcription', 'examples', 'synonyms', 'sentences', 'antonyms']}
2026-05-22 17:22:26.044 | INFO     | app.routers.logs:receive_frontend_logs:10 - [INFO] Word details loaded {'word': 'seize', 'hasData': False}
2026-05-22 17:22:26.045 | INFO     | app.main:log_requests:78 - Response status: 200
2026-05-22 17:22:26.046 | INFO     | app.main:log_requests:78 - Response status: 200
2026-05-22 17:22:31.615 | INFO     | app.main:log_requests:70 - Incoming request: POST http://127.0.0.1:8000/frontend-log
2026-05-22 17:22:31.616 | INFO     | app.main:log_requests:70 - Incoming request: OPTIONS http://127.0.0.1:8000/translate
2026-05-22 17:22:31.617 | INFO     | app.main:log_requests:78 - Response status: 200
2026-05-22 17:22:31.617 | INFO     | app.routers.logs:receive_frontend_logs:10 - [INFO] Translate request shape {'endpoint': '/translate', 'method': 'POST', 'bodyShape': ['word', 'source_lang', 'target_lang'], 'bodyPreview': {'word': 'seize', 'source_lang': 'en', 'target_lang': 'ru'}}
2026-05-22 17:22:31.618 | INFO     | app.main:log_requests:78 - Response status: 200
2026-05-22 17:22:31.620 | INFO     | app.main:log_requests:70 - Incoming request: POST http://127.0.0.1:8000/translate
2026-05-22 17:22:31.623 | INFO     | app.routers.translation:translate:10 - Translation attempt: seize
2026-05-22 17:22:36.008 | INFO     | app.main:log_requests:70 - Incoming request: POST http://127.0.0.1:8000/frontend-log
2026-05-22 17:22:36.009 | INFO     | app.main:log_requests:70 - Incoming request: POST http://127.0.0.1:8000/translate
2026-05-22 17:22:36.010 | INFO     | app.routers.logs:receive_frontend_logs:10 - [INFO] Translate request shape {'endpoint': '/translate', 'method': 'POST', 'bodyShape': ['word', 'source_lang', 'target_lang'], 'bodyPreview': {'word': 'seize', 'source_lang': 'en', 'target_lang': 'ru'}}
2026-05-22 17:22:36.010 | INFO     | app.main:log_requests:78 - Response status: 200
2026-05-22 17:22:36.010 | INFO     | app.routers.translation:translate:10 - Translation attempt: seize
2026-05-22 17:22:36.453 | SUCCESS  | app.routers.translation:translate:19 - Translation success: seize
2026-05-22 17:22:36.453 | INFO     | app.main:log_requests:78 - Response status: 200
2026-05-22 17:22:36.457 | INFO     | app.main:log_requests:70 - Incoming request: POST http://127.0.0.1:8000/frontend-log
2026-05-22 17:22:36.458 | INFO     | app.routers.logs:receive_frontend_logs:10 - [INFO] Translate response shape {'status': None, 'keys': ['word', 'translation', 'part_of_speech', 'transcription', 'examples', 'synonyms'], 'hasTranslation': True, 'hasTranscription': True, 'hasPartOfSpeech': True}
2026-05-22 17:22:36.458 | INFO     | app.main:log_requests:78 - Response status: 200
2026-05-22 17:22:36.516 | SUCCESS  | app.routers.translation:translate:19 - Translation success: seize
2026-05-22 17:22:36.516 | INFO     | app.main:log_requests:78 - Response status: 200
2026-05-22 17:22:36.520 | INFO     | app.main:log_requests:70 - Incoming request: POST http://127.0.0.1:8000/frontend-log
2026-05-22 17:22:36.521 | INFO     | app.routers.logs:receive_frontend_logs:10 - [INFO] Translate response shape {'status': None, 'keys': ['word', 'translation', 'part_of_speech', 'transcription', 'examples', 'synonyms'], 'hasTranslation': True, 'hasTranscription': True, 'hasPartOfSpeech': True}
2026-05-22 17:22:36.521 | INFO     | app.main:log_requests:78 - Response status: 200
2026-05-22 17:23:05.380 | INFO     | app.main:log_requests:70 - Incoming request: POST http://127.0.0.1:8000/frontend-log
2026-05-22 17:23:05.381 | INFO     | app.main:log_requests:70 - Incoming request: OPTIONS http://127.0.0.1:8000/get_synonyms
2026-05-22 17:23:05.381 | INFO     | app.main:log_requests:78 - Response status: 200
2026-05-22 17:23:05.382 | INFO     | app.routers.logs:receive_frontend_logs:10 - [INFO] get_synonyms request shape {'endpoint': '/get_synonyms', 'method': 'POST', 'hasEndpoint': True, 'hasWord': True, 'hasUser': True}
2026-05-22 17:23:05.383 | INFO     | app.main:log_requests:78 - Response status: 200
2026-05-22 17:23:05.385 | INFO     | app.main:log_requests:70 - Incoming request: POST http://127.0.0.1:8000/get_synonyms
2026-05-22 17:23:05.386 | INFO     | app.routers.get_word:get_synonyms:42 - Get synonyms attempt: user_id=2 word='seize'
2026-05-22 17:23:05.386 | ERROR    | app.main:log_requests:75 - Unhandled error: word_synonyms() takes 2 positional arguments but 3 were given
Traceback (most recent call last):

  File "<string>", line 1, in <module>
  File "/usr/lib/python3.12/multiprocessing/spawn.py", line 122, in spawn_main
    exitcode = _main(fd, parent_sentinel)
               │     │   └ 4
               │     └ 7
               └ <function _main at 0x7dad960e1c60>
  File "/usr/lib/python3.12/multiprocessing/spawn.py", line 135, in _main
    return self._bootstrap(parent_sentinel)
           │    │          └ 4
           │    └ <function BaseProcess._bootstrap at 0x7dad961bff60>
           └ <SpawnProcess name='SpawnProcess-10' parent=4711 started>
  File "/usr/lib/python3.12/multiprocessing/process.py", line 314, in _bootstrap
    self.run()
    │    └ <function BaseProcess.run at 0x7dad961bf4c0>
    └ <SpawnProcess name='SpawnProcess-10' parent=4711 started>
  File "/usr/lib/python3.12/multiprocessing/process.py", line 108, in run
    self._target(*self._args, **self._kwargs)
    │    │        │    │        │    └ {'config': <uvicorn.config.Config object at 0x7dad953a50a0>, 'target': <bound method Server.run of <uvicorn.server.Server obj...
    │    │        │    │        └ <SpawnProcess name='SpawnProcess-10' parent=4711 started>
    │    │        │    └ ()
    │    │        └ <SpawnProcess name='SpawnProcess-10' parent=4711 started>
    │    └ <function subprocess_started at 0x7dad9538db20>
    └ <SpawnProcess name='SpawnProcess-10' parent=4711 started>
  File "/home/serg/PycharmProjects/WordChain/backend/.venv/lib/python3.12/site-packages/uvicorn/_subprocess.py", line 80, in subprocess_started
    target(sockets=sockets)
    │              └ [<socket.socket fd=3, family=2, type=1, proto=0, laddr=('127.0.0.1', 8000)>]
    └ <bound method Server.run of <uvicorn.server.Server object at 0x7dad953d6360>>
  File "/home/serg/PycharmProjects/WordChain/backend/.venv/lib/python3.12/site-packages/uvicorn/server.py", line 67, in run
    return asyncio_run(self.serve(sockets=sockets), loop_factory=self.config.get_loop_factory())
           │           │    │             │                      │    │      └ <function Config.get_loop_factory at 0x7dad9557cd60>
           │           │    │             │                      │    └ <uvicorn.config.Config object at 0x7dad953a50a0>
           │           │    │             │                      └ <uvicorn.server.Server object at 0x7dad953d6360>
           │           │    │             └ [<socket.socket fd=3, family=2, type=1, proto=0, laddr=('127.0.0.1', 8000)>]
           │           │    └ <function Server.serve at 0x7dad9538cea0>
           │           └ <uvicorn.server.Server object at 0x7dad953d6360>
           └ <function run at 0x7dad95712c00>
  File "/usr/lib/python3.12/asyncio/runners.py", line 194, in run
    return runner.run(main)
           │      │   └ <coroutine object Server.serve at 0x7dad961449e0>
           │      └ <function Runner.run at 0x7dad95772340>
           └ <asyncio.runners.Runner object at 0x7dad953a5af0>
  File "/usr/lib/python3.12/asyncio/runners.py", line 118, in run
    return self._loop.run_until_complete(task)
           │    │     │                  └ <Task pending name='Task-1' coro=<Server.serve() running at /home/serg/PycharmProjects/WordChain/backend/.venv/lib/python3.12...
           │    │     └ <function BaseEventLoop.run_until_complete at 0x7dad9576bf60>
           │    └ <_UnixSelectorEventLoop running=True closed=False debug=False>
           └ <asyncio.runners.Runner object at 0x7dad953a5af0>
  File "/usr/lib/python3.12/asyncio/base_events.py", line 674, in run_until_complete
    self.run_forever()
    │    └ <function BaseEventLoop.run_forever at 0x7dad9576bec0>
    └ <_UnixSelectorEventLoop running=True closed=False debug=False>
  File "/usr/lib/python3.12/asyncio/base_events.py", line 641, in run_forever
    self._run_once()
    │    └ <function BaseEventLoop._run_once at 0x7dad95771d00>
    └ <_UnixSelectorEventLoop running=True closed=False debug=False>
  File "/usr/lib/python3.12/asyncio/base_events.py", line 1987, in _run_once
    handle._run()
    │      └ <function Handle._run at 0x7dad95eca200>
    └ <Handle Task.task_wakeup(<Future finished result=True>)>
  File "/usr/lib/python3.12/asyncio/events.py", line 88, in _run
    self._context.run(self._callback, *self._args)
    │    │            │    │           │    └ <member '_args' of 'Handle' objects>
    │    │            │    │           └ <Handle Task.task_wakeup(<Future finished result=True>)>
    │    │            │    └ <member '_callback' of 'Handle' objects>
    │    │            └ <Handle Task.task_wakeup(<Future finished result=True>)>
    │    └ <member '_context' of 'Handle' objects>
    └ <Handle Task.task_wakeup(<Future finished result=True>)>
  File "/home/serg/PycharmProjects/WordChain/backend/.venv/lib/python3.12/site-packages/uvicorn/protocols/http/h11_impl.py", line 410, in run_asgi
    result = await app(  # type: ignore[func-returns-value]
                   └ <uvicorn.middleware.proxy_headers.ProxyHeadersMiddleware object at 0x7dad953d6870>
  File "/home/serg/PycharmProjects/WordChain/backend/.venv/lib/python3.12/site-packages/uvicorn/middleware/proxy_headers.py", line 60, in __call__
    return await self.app(scope, receive, send)
                 │    │   │      │        └ <bound method RequestResponseCycle.send of <uvicorn.protocols.http.h11_impl.RequestResponseCycle object at 0x7dad83a79010>>
                 │    │   │      └ <bound method RequestResponseCycle.receive of <uvicorn.protocols.http.h11_impl.RequestResponseCycle object at 0x7dad83a79010>>
                 │    │   └ {'type': 'http', 'asgi': {'version': '3.0', 'spec_version': '2.3'}, 'http_version': '1.1', 'server': ('127.0.0.1', 8000), 'cl...
                 │    └ <fastapi.applications.FastAPI object at 0x7dad913caa50>
                 └ <uvicorn.middleware.proxy_headers.ProxyHeadersMiddleware object at 0x7dad953d6870>
  File "/home/serg/PycharmProjects/WordChain/backend/.venv/lib/python3.12/site-packages/fastapi/applications.py", line 1135, in __call__
    await super().__call__(scope, receive, send)
                           │      │        └ <bound method RequestResponseCycle.send of <uvicorn.protocols.http.h11_impl.RequestResponseCycle object at 0x7dad83a79010>>
                           │      └ <bound method RequestResponseCycle.receive of <uvicorn.protocols.http.h11_impl.RequestResponseCycle object at 0x7dad83a79010>>
                           └ {'type': 'http', 'asgi': {'version': '3.0', 'spec_version': '2.3'}, 'http_version': '1.1', 'server': ('127.0.0.1', 8000), 'cl...
  File "/home/serg/PycharmProjects/WordChain/backend/.venv/lib/python3.12/site-packages/starlette/applications.py", line 107, in __call__
    await self.middleware_stack(scope, receive, send)
          │    │                │      │        └ <bound method RequestResponseCycle.send of <uvicorn.protocols.http.h11_impl.RequestResponseCycle object at 0x7dad83a79010>>
          │    │                │      └ <bound method RequestResponseCycle.receive of <uvicorn.protocols.http.h11_impl.RequestResponseCycle object at 0x7dad83a79010>>
          │    │                └ {'type': 'http', 'asgi': {'version': '3.0', 'spec_version': '2.3'}, 'http_version': '1.1', 'server': ('127.0.0.1', 8000), 'cl...
          │    └ <starlette.middleware.errors.ServerErrorMiddleware object at 0x7dad90f188c0>
          └ <fastapi.applications.FastAPI object at 0x7dad913caa50>
  File "/home/serg/PycharmProjects/WordChain/backend/.venv/lib/python3.12/site-packages/starlette/middleware/errors.py", line 164, in __call__
    await self.app(scope, receive, _send)
          │    │   │      │        └ <function ServerErrorMiddleware.__call__.<locals>._send at 0x7dad90596700>
          │    │   │      └ <bound method RequestResponseCycle.receive of <uvicorn.protocols.http.h11_impl.RequestResponseCycle object at 0x7dad83a79010>>
          │    │   └ {'type': 'http', 'asgi': {'version': '3.0', 'spec_version': '2.3'}, 'http_version': '1.1', 'server': ('127.0.0.1', 8000), 'cl...
          │    └ <starlette.middleware.base.BaseHTTPMiddleware object at 0x7dad90f18800>
          └ <starlette.middleware.errors.ServerErrorMiddleware object at 0x7dad90f188c0>
  File "/home/serg/PycharmProjects/WordChain/backend/.venv/lib/python3.12/site-packages/starlette/middleware/base.py", line 193, in __call__
    response = await self.dispatch_func(request, call_next)
                     │    │             │        └ <function BaseHTTPMiddleware.__call__.<locals>.call_next at 0x7dad90596a20>
                     │    │             └ <starlette.middleware.base._CachedRequest object at 0x7dad83a793d0>
                     │    └ <function log_requests at 0x7dad90f144a0>
                     └ <starlette.middleware.base.BaseHTTPMiddleware object at 0x7dad90f18800>

> File "/home/serg/PycharmProjects/WordChain/backend/app/main.py", line 73, in log_requests
    response = await call_next(request)
                     │         └ <starlette.middleware.base._CachedRequest object at 0x7dad83a793d0>
                     └ <function BaseHTTPMiddleware.__call__.<locals>.call_next at 0x7dad90596a20>

  File "/home/serg/PycharmProjects/WordChain/backend/.venv/lib/python3.12/site-packages/starlette/middleware/base.py", line 168, in call_next
    raise app_exc from app_exc.__cause__ or app_exc.__context__
          │            │       │            │       └ <attribute '__context__' of 'BaseException' objects>
          │            │       │            └ TypeError('word_synonyms() takes 2 positional arguments but 3 were given')
          │            │       └ <attribute '__cause__' of 'BaseException' objects>
          │            └ TypeError('word_synonyms() takes 2 positional arguments but 3 were given')
          └ TypeError('word_synonyms() takes 2 positional arguments but 3 were given')
  File "/home/serg/PycharmProjects/WordChain/backend/.venv/lib/python3.12/site-packages/starlette/middleware/base.py", line 144, in coro
    await self.app(scope, receive_or_disconnect, send_no_error)
          │    │   │      │                      └ <function BaseHTTPMiddleware.__call__.<locals>.call_next.<locals>.send_no_error at 0x7dad90596b60>
          │    │   │      └ <function BaseHTTPMiddleware.__call__.<locals>.call_next.<locals>.receive_or_disconnect at 0x7dad90596980>
          │    │   └ {'type': 'http', 'asgi': {'version': '3.0', 'spec_version': '2.3'}, 'http_version': '1.1', 'server': ('127.0.0.1', 8000), 'cl...
          │    └ <starlette.middleware.cors.CORSMiddleware object at 0x7dad90f18830>
          └ <starlette.middleware.base.BaseHTTPMiddleware object at 0x7dad90f18800>
  File "/home/serg/PycharmProjects/WordChain/backend/.venv/lib/python3.12/site-packages/starlette/middleware/cors.py", line 93, in __call__
    await self.simple_response(scope, receive, send, request_headers=headers)
          │    │               │      │        │                     └ Headers({'host': '127.0.0.1:8000', 'connection': 'keep-alive', 'content-length': '28', 'sec-ch-ua-platform': '"Linux"', 'auth...
          │    │               │      │        └ <function BaseHTTPMiddleware.__call__.<locals>.call_next.<locals>.send_no_error at 0x7dad90596b60>
          │    │               │      └ <function BaseHTTPMiddleware.__call__.<locals>.call_next.<locals>.receive_or_disconnect at 0x7dad90596980>
          │    │               └ {'type': 'http', 'asgi': {'version': '3.0', 'spec_version': '2.3'}, 'http_version': '1.1', 'server': ('127.0.0.1', 8000), 'cl...
          │    └ <function CORSMiddleware.simple_response at 0x7dad9455f740>
          └ <starlette.middleware.cors.CORSMiddleware object at 0x7dad90f18830>
  File "/home/serg/PycharmProjects/WordChain/backend/.venv/lib/python3.12/site-packages/starlette/middleware/cors.py", line 144, in simple_response
    await self.app(scope, receive, send)
          │    │   │      │        └ functools.partial(<bound method CORSMiddleware.send of <starlette.middleware.cors.CORSMiddleware object at 0x7dad90f18830>>, ...
          │    │   │      └ <function BaseHTTPMiddleware.__call__.<locals>.call_next.<locals>.receive_or_disconnect at 0x7dad90596980>
          │    │   └ {'type': 'http', 'asgi': {'version': '3.0', 'spec_version': '2.3'}, 'http_version': '1.1', 'server': ('127.0.0.1', 8000), 'cl...
          │    └ <starlette.middleware.exceptions.ExceptionMiddleware object at 0x7dad90f187d0>
          └ <starlette.middleware.cors.CORSMiddleware object at 0x7dad90f18830>
  File "/home/serg/PycharmProjects/WordChain/backend/.venv/lib/python3.12/site-packages/starlette/middleware/exceptions.py", line 63, in __call__
    await wrap_app_handling_exceptions(self.app, conn)(scope, receive, send)
          │                            │    │    │     │      │        └ functools.partial(<bound method CORSMiddleware.send of <starlette.middleware.cors.CORSMiddleware object at 0x7dad90f18830>>, ...
          │                            │    │    │     │      └ <function BaseHTTPMiddleware.__call__.<locals>.call_next.<locals>.receive_or_disconnect at 0x7dad90596980>
          │                            │    │    │     └ {'type': 'http', 'asgi': {'version': '3.0', 'spec_version': '2.3'}, 'http_version': '1.1', 'server': ('127.0.0.1', 8000), 'cl...
          │                            │    │    └ <starlette.requests.Request object at 0x7dad83a79fa0>
          │                            │    └ <fastapi.middleware.asyncexitstack.AsyncExitStackMiddleware object at 0x7dad9155dac0>
          │                            └ <starlette.middleware.exceptions.ExceptionMiddleware object at 0x7dad90f187d0>
          └ <function wrap_app_handling_exceptions at 0x7dad9450d6c0>
  File "/home/serg/PycharmProjects/WordChain/backend/.venv/lib/python3.12/site-packages/starlette/_exception_handler.py", line 53, in wrapped_app
    raise exc
  File "/home/serg/PycharmProjects/WordChain/backend/.venv/lib/python3.12/site-packages/starlette/_exception_handler.py", line 42, in wrapped_app
    await app(scope, receive, sender)
          │   │      │        └ <function wrap_app_handling_exceptions.<locals>.wrapped_app.<locals>.sender at 0x7dad83cdf2e0>
          │   │      └ <function BaseHTTPMiddleware.__call__.<locals>.call_next.<locals>.receive_or_disconnect at 0x7dad90596980>
          │   └ {'type': 'http', 'asgi': {'version': '3.0', 'spec_version': '2.3'}, 'http_version': '1.1', 'server': ('127.0.0.1', 8000), 'cl...
          └ <fastapi.middleware.asyncexitstack.AsyncExitStackMiddleware object at 0x7dad9155dac0>
  File "/home/serg/PycharmProjects/WordChain/backend/.venv/lib/python3.12/site-packages/fastapi/middleware/asyncexitstack.py", line 18, in __call__
    await self.app(scope, receive, send)
          │    │   │      │        └ <function wrap_app_handling_exceptions.<locals>.wrapped_app.<locals>.sender at 0x7dad83cdf2e0>
          │    │   │      └ <function BaseHTTPMiddleware.__call__.<locals>.call_next.<locals>.receive_or_disconnect at 0x7dad90596980>
          │    │   └ {'type': 'http', 'asgi': {'version': '3.0', 'spec_version': '2.3'}, 'http_version': '1.1', 'server': ('127.0.0.1', 8000), 'cl...
          │    └ <fastapi.routing.APIRouter object at 0x7dad9100ede0>
          └ <fastapi.middleware.asyncexitstack.AsyncExitStackMiddleware object at 0x7dad9155dac0>
  File "/home/serg/PycharmProjects/WordChain/backend/.venv/lib/python3.12/site-packages/starlette/routing.py", line 716, in __call__
    await self.middleware_stack(scope, receive, send)
          │    │                │      │        └ <function wrap_app_handling_exceptions.<locals>.wrapped_app.<locals>.sender at 0x7dad83cdf2e0>
          │    │                │      └ <function BaseHTTPMiddleware.__call__.<locals>.call_next.<locals>.receive_or_disconnect at 0x7dad90596980>
          │    │                └ {'type': 'http', 'asgi': {'version': '3.0', 'spec_version': '2.3'}, 'http_version': '1.1', 'server': ('127.0.0.1', 8000), 'cl...
          │    └ <bound method Router.app of <fastapi.routing.APIRouter object at 0x7dad9100ede0>>
          └ <fastapi.routing.APIRouter object at 0x7dad9100ede0>
  File "/home/serg/PycharmProjects/WordChain/backend/.venv/lib/python3.12/site-packages/starlette/routing.py", line 736, in app
    await route.handle(scope, receive, send)
          │     │      │      │        └ <function wrap_app_handling_exceptions.<locals>.wrapped_app.<locals>.sender at 0x7dad83cdf2e0>
          │     │      │      └ <function BaseHTTPMiddleware.__call__.<locals>.call_next.<locals>.receive_or_disconnect at 0x7dad90596980>
          │     │      └ {'type': 'http', 'asgi': {'version': '3.0', 'spec_version': '2.3'}, 'http_version': '1.1', 'server': ('127.0.0.1', 8000), 'cl...
          │     └ <function Route.handle at 0x7dad9450eca0>
          └ APIRoute(path='/get_synonyms', name='get_synonyms', methods=['POST'])
  File "/home/serg/PycharmProjects/WordChain/backend/.venv/lib/python3.12/site-packages/starlette/routing.py", line 290, in handle
    await self.app(scope, receive, send)
          │    │   │      │        └ <function wrap_app_handling_exceptions.<locals>.wrapped_app.<locals>.sender at 0x7dad83cdf2e0>
          │    │   │      └ <function BaseHTTPMiddleware.__call__.<locals>.call_next.<locals>.receive_or_disconnect at 0x7dad90596980>
          │    │   └ {'type': 'http', 'asgi': {'version': '3.0', 'spec_version': '2.3'}, 'http_version': '1.1', 'server': ('127.0.0.1', 8000), 'cl...
          │    └ <function request_response.<locals>.app at 0x7dad90ec7ba0>
          └ APIRoute(path='/get_synonyms', name='get_synonyms', methods=['POST'])
  File "/home/serg/PycharmProjects/WordChain/backend/.venv/lib/python3.12/site-packages/fastapi/routing.py", line 120, in app
    await wrap_app_handling_exceptions(app, request)(scope, receive, send)
          │                            │    │        │      │        └ <function wrap_app_handling_exceptions.<locals>.wrapped_app.<locals>.sender at 0x7dad83cdf2e0>
          │                            │    │        │      └ <function BaseHTTPMiddleware.__call__.<locals>.call_next.<locals>.receive_or_disconnect at 0x7dad90596980>
          │                            │    │        └ {'type': 'http', 'asgi': {'version': '3.0', 'spec_version': '2.3'}, 'http_version': '1.1', 'server': ('127.0.0.1', 8000), 'cl...
          │                            │    └ <starlette.requests.Request object at 0x7dad83a7a990>
          │                            └ <function request_response.<locals>.app.<locals>.app at 0x7dad91a34540>
          └ <function wrap_app_handling_exceptions at 0x7dad9450d6c0>
  File "/home/serg/PycharmProjects/WordChain/backend/.venv/lib/python3.12/site-packages/starlette/_exception_handler.py", line 53, in wrapped_app
    raise exc
  File "/home/serg/PycharmProjects/WordChain/backend/.venv/lib/python3.12/site-packages/starlette/_exception_handler.py", line 42, in wrapped_app
    await app(scope, receive, sender)
          │   │      │        └ <function wrap_app_handling_exceptions.<locals>.wrapped_app.<locals>.sender at 0x7dad83bec900>
          │   │      └ <function BaseHTTPMiddleware.__call__.<locals>.call_next.<locals>.receive_or_disconnect at 0x7dad90596980>
          │   └ {'type': 'http', 'asgi': {'version': '3.0', 'spec_version': '2.3'}, 'http_version': '1.1', 'server': ('127.0.0.1', 8000), 'cl...
          └ <function request_response.<locals>.app.<locals>.app at 0x7dad91a34540>
  File "/home/serg/PycharmProjects/WordChain/backend/.venv/lib/python3.12/site-packages/fastapi/routing.py", line 106, in app
    response = await f(request)
                     │ └ <starlette.requests.Request object at 0x7dad83a7a990>
                     └ <function get_request_handler.<locals>.app at 0x7dad90ec7a60>
  File "/home/serg/PycharmProjects/WordChain/backend/.venv/lib/python3.12/site-packages/fastapi/routing.py", line 427, in app
    raw_response = await run_endpoint_function(
                         └ <function run_endpoint_function at 0x7dad94524c20>
  File "/home/serg/PycharmProjects/WordChain/backend/.venv/lib/python3.12/site-packages/fastapi/routing.py", line 313, in run_endpoint_function
    return await dependant.call(**values)
                 │         │      └ {'req': WordReadRequest(user_id=2, word='seize')}
                 │         └ <function get_synonyms at 0x7dad915c5c60>
                 └ Dependant(path_params=[], query_params=[], header_params=[], cookie_params=[], body_params=[ModelField(field_info=Body(Pydant...

  File "/home/serg/PycharmProjects/WordChain/backend/app/routers/get_word.py", line 45, in get_synonyms
    result = await word_synonyms(session, req.word, req.user_id)
                   │             │        │   │     │   └ 2
                   │             │        │   │     └ WordReadRequest(user_id=2, word='seize')
                   │             │        │   └ 'seize'
                   │             │        └ WordReadRequest(user_id=2, word='seize')
                   │             └ <sqlalchemy.ext.asyncio.session.AsyncSession object at 0x7dad83a7a810>
                   └ <function word_synonyms at 0x7dad915c4860>

TypeError: word_synonyms() takes 2 positional arguments but 3 were given
2026-05-22 17:23:05.410 | INFO     | app.main:log_requests:70 - Incoming request: POST http://127.0.0.1:8000/frontend-log
2026-05-22 17:23:05.410 | INFO     | app.routers.logs:receive_frontend_logs:10 - [ERROR] get_synonyms request failed {'error': 'Failed to fetch'}
2026-05-22 17:23:05.410 | INFO     | app.main:log_requests:78 - Response status: 200
2026-05-22 17:24:53.382 | INFO     | app.main:log_requests:70 - Incoming request: POST http://127.0.0.1:8000/frontend-log
2026-05-22 17:24:53.383 | INFO     | app.main:log_requests:70 - Incoming request: POST http://127.0.0.1:8000/get_synonyms
2026-05-22 17:24:53.384 | INFO     | app.routers.logs:receive_frontend_logs:10 - [INFO] get_synonyms request shape {'endpoint': '/get_synonyms', 'method': 'POST', 'hasEndpoint': True, 'hasWord': True, 'hasUser': True}
2026-05-22 17:24:53.385 | INFO     | app.routers.get_word:get_synonyms:42 - Get synonyms attempt: user_id=2 word='seize'
2026-05-22 17:24:53.657 | INFO     | app.main:log_requests:78 - Response status: 200
2026-05-22 17:24:55.714 | INFO     | app.main:log_requests:70 - Incoming request: POST http://127.0.0.1:8000/frontend-log
2026-05-22 17:24:55.715 | INFO     | app.main:log_requests:70 - Incoming request: POST http://127.0.0.1:8000/get_synonyms
2026-05-22 17:24:55.716 | INFO     | app.routers.logs:receive_frontend_logs:10 - [INFO] get_synonyms request shape {'endpoint': '/get_synonyms', 'method': 'POST', 'hasEndpoint': True, 'hasWord': True, 'hasUser': True}
2026-05-22 17:24:55.716 | INFO     | app.main:log_requests:78 - Response status: 200
2026-05-22 17:24:55.717 | INFO     | app.routers.get_word:get_synonyms:42 - Get synonyms attempt: user_id=2 word='seize'
2026-05-22 17:24:56.152 | ERROR    | app.main:log_requests:75 - Unhandled error: 'str' object has no attribute 'word'
Traceback (most recent call last):

  File "<string>", line 1, in <module>
  File "/usr/lib/python3.12/multiprocessing/spawn.py", line 122, in spawn_main
    exitcode = _main(fd, parent_sentinel)
               │     │   └ 4
               │     └ 7
               └ <function _main at 0x78aa285e1c60>
  File "/usr/lib/python3.12/multiprocessing/spawn.py", line 135, in _main
    return self._bootstrap(parent_sentinel)
           │    │          └ 4
           │    └ <function BaseProcess._bootstrap at 0x78aa286bff60>
           └ <SpawnProcess name='SpawnProcess-11' parent=4711 started>
  File "/usr/lib/python3.12/multiprocessing/process.py", line 314, in _bootstrap
    self.run()
    │    └ <function BaseProcess.run at 0x78aa286bf4c0>
    └ <SpawnProcess name='SpawnProcess-11' parent=4711 started>
  File "/usr/lib/python3.12/multiprocessing/process.py", line 108, in run
    self._target(*self._args, **self._kwargs)
    │    │        │    │        │    └ {'config': <uvicorn.config.Config object at 0x78aa27aa12e0>, 'target': <bound method Server.run of <uvicorn.server.Server obj...
    │    │        │    │        └ <SpawnProcess name='SpawnProcess-11' parent=4711 started>
    │    │        │    └ ()
    │    │        └ <SpawnProcess name='SpawnProcess-11' parent=4711 started>
    │    └ <function subprocess_started at 0x78aa2789db20>
    └ <SpawnProcess name='SpawnProcess-11' parent=4711 started>
  File "/home/serg/PycharmProjects/WordChain/backend/.venv/lib/python3.12/site-packages/uvicorn/_subprocess.py", line 80, in subprocess_started
    target(sockets=sockets)
    │              └ [<socket.socket fd=3, family=2, type=1, proto=0, laddr=('127.0.0.1', 8000)>]
    └ <bound method Server.run of <uvicorn.server.Server object at 0x78aa278e6150>>
  File "/home/serg/PycharmProjects/WordChain/backend/.venv/lib/python3.12/site-packages/uvicorn/server.py", line 67, in run
    return asyncio_run(self.serve(sockets=sockets), loop_factory=self.config.get_loop_factory())
           │           │    │             │                      │    │      └ <function Config.get_loop_factory at 0x78aa27a88d60>
           │           │    │             │                      │    └ <uvicorn.config.Config object at 0x78aa27aa12e0>
           │           │    │             │                      └ <uvicorn.server.Server object at 0x78aa278e6150>
           │           │    │             └ [<socket.socket fd=3, family=2, type=1, proto=0, laddr=('127.0.0.1', 8000)>]
           │           │    └ <function Server.serve at 0x78aa2789cea0>
           │           └ <uvicorn.server.Server object at 0x78aa278e6150>
           └ <function run at 0x78aa28136c00>
  File "/usr/lib/python3.12/asyncio/runners.py", line 194, in run
    return runner.run(main)
           │      │   └ <coroutine object Server.serve at 0x78aa286449e0>
           │      └ <function Runner.run at 0x78aa28196340>
           └ <asyncio.runners.Runner object at 0x78aa27aa0140>
  File "/usr/lib/python3.12/asyncio/runners.py", line 118, in run
    return self._loop.run_until_complete(task)
           │    │     │                  └ <Task pending name='Task-1' coro=<Server.serve() running at /home/serg/PycharmProjects/WordChain/backend/.venv/lib/python3.12...
           │    │     └ <function BaseEventLoop.run_until_complete at 0x78aa2818ff60>
           │    └ <_UnixSelectorEventLoop running=True closed=False debug=False>
           └ <asyncio.runners.Runner object at 0x78aa27aa0140>
  File "/usr/lib/python3.12/asyncio/base_events.py", line 674, in run_until_complete
    self.run_forever()
    │    └ <function BaseEventLoop.run_forever at 0x78aa2818fec0>
    └ <_UnixSelectorEventLoop running=True closed=False debug=False>
  File "/usr/lib/python3.12/asyncio/base_events.py", line 641, in run_forever
    self._run_once()
    │    └ <function BaseEventLoop._run_once at 0x78aa28195d00>
    └ <_UnixSelectorEventLoop running=True closed=False debug=False>
  File "/usr/lib/python3.12/asyncio/base_events.py", line 1987, in _run_once
    handle._run()
    │      └ <function Handle._run at 0x78aa283ca200>
    └ <Handle Task.task_wakeup(<Future finished result=True>)>
  File "/usr/lib/python3.12/asyncio/events.py", line 88, in _run
    self._context.run(self._callback, *self._args)
    │    │            │    │           │    └ <member '_args' of 'Handle' objects>
    │    │            │    │           └ <Handle Task.task_wakeup(<Future finished result=True>)>
    │    │            │    └ <member '_callback' of 'Handle' objects>
    │    │            └ <Handle Task.task_wakeup(<Future finished result=True>)>
    │    └ <member '_context' of 'Handle' objects>
    └ <Handle Task.task_wakeup(<Future finished result=True>)>
  File "/home/serg/PycharmProjects/WordChain/backend/.venv/lib/python3.12/site-packages/uvicorn/protocols/http/h11_impl.py", line 410, in run_asgi
    result = await app(  # type: ignore[func-returns-value]
                   └ <uvicorn.middleware.proxy_headers.ProxyHeadersMiddleware object at 0x78aa278e62d0>
  File "/home/serg/PycharmProjects/WordChain/backend/.venv/lib/python3.12/site-packages/uvicorn/middleware/proxy_headers.py", line 60, in __call__
    return await self.app(scope, receive, send)
                 │    │   │      │        └ <bound method RequestResponseCycle.send of <uvicorn.protocols.http.h11_impl.RequestResponseCycle object at 0x78aa1f40a6f0>>
                 │    │   │      └ <bound method RequestResponseCycle.receive of <uvicorn.protocols.http.h11_impl.RequestResponseCycle object at 0x78aa1f40a6f0>>
                 │    │   └ {'type': 'http', 'asgi': {'version': '3.0', 'spec_version': '2.3'}, 'http_version': '1.1', 'server': ('127.0.0.1', 8000), 'cl...
                 │    └ <fastapi.applications.FastAPI object at 0x78aa1fbeaa50>
                 └ <uvicorn.middleware.proxy_headers.ProxyHeadersMiddleware object at 0x78aa278e62d0>
  File "/home/serg/PycharmProjects/WordChain/backend/.venv/lib/python3.12/site-packages/fastapi/applications.py", line 1135, in __call__
    await super().__call__(scope, receive, send)
                           │      │        └ <bound method RequestResponseCycle.send of <uvicorn.protocols.http.h11_impl.RequestResponseCycle object at 0x78aa1f40a6f0>>
                           │      └ <bound method RequestResponseCycle.receive of <uvicorn.protocols.http.h11_impl.RequestResponseCycle object at 0x78aa1f40a6f0>>
                           └ {'type': 'http', 'asgi': {'version': '3.0', 'spec_version': '2.3'}, 'http_version': '1.1', 'server': ('127.0.0.1', 8000), 'cl...
  File "/home/serg/PycharmProjects/WordChain/backend/.venv/lib/python3.12/site-packages/starlette/applications.py", line 107, in __call__
    await self.middleware_stack(scope, receive, send)
          │    │                │      │        └ <bound method RequestResponseCycle.send of <uvicorn.protocols.http.h11_impl.RequestResponseCycle object at 0x78aa1f40a6f0>>
          │    │                │      └ <bound method RequestResponseCycle.receive of <uvicorn.protocols.http.h11_impl.RequestResponseCycle object at 0x78aa1f40a6f0>>
          │    │                └ {'type': 'http', 'asgi': {'version': '3.0', 'spec_version': '2.3'}, 'http_version': '1.1', 'server': ('127.0.0.1', 8000), 'cl...
          │    └ <starlette.middleware.errors.ServerErrorMiddleware object at 0x78aa1f39c8c0>
          └ <fastapi.applications.FastAPI object at 0x78aa1fbeaa50>
  File "/home/serg/PycharmProjects/WordChain/backend/.venv/lib/python3.12/site-packages/starlette/middleware/errors.py", line 164, in __call__
    await self.app(scope, receive, _send)
          │    │   │      │        └ <function ServerErrorMiddleware.__call__.<locals>._send at 0x78aa278a6480>
          │    │   │      └ <bound method RequestResponseCycle.receive of <uvicorn.protocols.http.h11_impl.RequestResponseCycle object at 0x78aa1f40a6f0>>
          │    │   └ {'type': 'http', 'asgi': {'version': '3.0', 'spec_version': '2.3'}, 'http_version': '1.1', 'server': ('127.0.0.1', 8000), 'cl...
          │    └ <starlette.middleware.base.BaseHTTPMiddleware object at 0x78aa1f39c890>
          └ <starlette.middleware.errors.ServerErrorMiddleware object at 0x78aa1f39c8c0>
  File "/home/serg/PycharmProjects/WordChain/backend/.venv/lib/python3.12/site-packages/starlette/middleware/base.py", line 193, in __call__
    response = await self.dispatch_func(request, call_next)
                     │    │             │        └ <function BaseHTTPMiddleware.__call__.<locals>.call_next at 0x78aa1f41e5c0>
                     │    │             └ <starlette.middleware.base._CachedRequest object at 0x78aa1f40b530>
                     │    └ <function log_requests at 0x78aa1f3984a0>
                     └ <starlette.middleware.base.BaseHTTPMiddleware object at 0x78aa1f39c890>

> File "/home/serg/PycharmProjects/WordChain/backend/app/main.py", line 73, in log_requests
    response = await call_next(request)
                     │         └ <starlette.middleware.base._CachedRequest object at 0x78aa1f40b530>
                     └ <function BaseHTTPMiddleware.__call__.<locals>.call_next at 0x78aa1f41e5c0>

  File "/home/serg/PycharmProjects/WordChain/backend/.venv/lib/python3.12/site-packages/starlette/middleware/base.py", line 168, in call_next
    raise app_exc from app_exc.__cause__ or app_exc.__context__
          │            │       │            │       └ <attribute '__context__' of 'BaseException' objects>
          │            │       │            └ AttributeError("'str' object has no attribute 'word'")
          │            │       └ <attribute '__cause__' of 'BaseException' objects>
          │            └ AttributeError("'str' object has no attribute 'word'")
          └ AttributeError("'str' object has no attribute 'word'")
  File "/home/serg/PycharmProjects/WordChain/backend/.venv/lib/python3.12/site-packages/starlette/middleware/base.py", line 144, in coro
    await self.app(scope, receive_or_disconnect, send_no_error)
          │    │   │      │                      └ <function BaseHTTPMiddleware.__call__.<locals>.call_next.<locals>.send_no_error at 0x78aa1f41e700>
          │    │   │      └ <function BaseHTTPMiddleware.__call__.<locals>.call_next.<locals>.receive_or_disconnect at 0x78aa1f41e660>
          │    │   └ {'type': 'http', 'asgi': {'version': '3.0', 'spec_version': '2.3'}, 'http_version': '1.1', 'server': ('127.0.0.1', 8000), 'cl...
          │    └ <starlette.middleware.cors.CORSMiddleware object at 0x78aa1f39c830>
          └ <starlette.middleware.base.BaseHTTPMiddleware object at 0x78aa1f39c890>
  File "/home/serg/PycharmProjects/WordChain/backend/.venv/lib/python3.12/site-packages/starlette/middleware/cors.py", line 93, in __call__
    await self.simple_response(scope, receive, send, request_headers=headers)
          │    │               │      │        │                     └ Headers({'host': '127.0.0.1:8000', 'connection': 'keep-alive', 'content-length': '28', 'sec-ch-ua-platform': '"Linux"', 'auth...
          │    │               │      │        └ <function BaseHTTPMiddleware.__call__.<locals>.call_next.<locals>.send_no_error at 0x78aa1f41e700>
          │    │               │      └ <function BaseHTTPMiddleware.__call__.<locals>.call_next.<locals>.receive_or_disconnect at 0x78aa1f41e660>
          │    │               └ {'type': 'http', 'asgi': {'version': '3.0', 'spec_version': '2.3'}, 'http_version': '1.1', 'server': ('127.0.0.1', 8000), 'cl...
          │    └ <function CORSMiddleware.simple_response at 0x78aa26a5f740>
          └ <starlette.middleware.cors.CORSMiddleware object at 0x78aa1f39c830>
  File "/home/serg/PycharmProjects/WordChain/backend/.venv/lib/python3.12/site-packages/starlette/middleware/cors.py", line 144, in simple_response
    await self.app(scope, receive, send)
          │    │   │      │        └ functools.partial(<bound method CORSMiddleware.send of <starlette.middleware.cors.CORSMiddleware object at 0x78aa1f39c830>>, ...
          │    │   │      └ <function BaseHTTPMiddleware.__call__.<locals>.call_next.<locals>.receive_or_disconnect at 0x78aa1f41e660>
          │    │   └ {'type': 'http', 'asgi': {'version': '3.0', 'spec_version': '2.3'}, 'http_version': '1.1', 'server': ('127.0.0.1', 8000), 'cl...
          │    └ <starlette.middleware.exceptions.ExceptionMiddleware object at 0x78aa1f39c7a0>
          └ <starlette.middleware.cors.CORSMiddleware object at 0x78aa1f39c830>
  File "/home/serg/PycharmProjects/WordChain/backend/.venv/lib/python3.12/site-packages/starlette/middleware/exceptions.py", line 63, in __call__
    await wrap_app_handling_exceptions(self.app, conn)(scope, receive, send)
          │                            │    │    │     │      │        └ functools.partial(<bound method CORSMiddleware.send of <starlette.middleware.cors.CORSMiddleware object at 0x78aa1f39c830>>, ...
          │                            │    │    │     │      └ <function BaseHTTPMiddleware.__call__.<locals>.call_next.<locals>.receive_or_disconnect at 0x78aa1f41e660>
          │                            │    │    │     └ {'type': 'http', 'asgi': {'version': '3.0', 'spec_version': '2.3'}, 'http_version': '1.1', 'server': ('127.0.0.1', 8000), 'cl...
          │                            │    │    └ <starlette.requests.Request object at 0x78aa1f40b5f0>
          │                            │    └ <fastapi.middleware.asyncexitstack.AsyncExitStackMiddleware object at 0x78aa1f39c800>
          │                            └ <starlette.middleware.exceptions.ExceptionMiddleware object at 0x78aa1f39c7a0>
          └ <function wrap_app_handling_exceptions at 0x78aa26a0d6c0>
  File "/home/serg/PycharmProjects/WordChain/backend/.venv/lib/python3.12/site-packages/starlette/_exception_handler.py", line 53, in wrapped_app
    raise exc
  File "/home/serg/PycharmProjects/WordChain/backend/.venv/lib/python3.12/site-packages/starlette/_exception_handler.py", line 42, in wrapped_app
    await app(scope, receive, sender)
          │   │      │        └ <function wrap_app_handling_exceptions.<locals>.wrapped_app.<locals>.sender at 0x78aa1f41e980>
          │   │      └ <function BaseHTTPMiddleware.__call__.<locals>.call_next.<locals>.receive_or_disconnect at 0x78aa1f41e660>
          │   └ {'type': 'http', 'asgi': {'version': '3.0', 'spec_version': '2.3'}, 'http_version': '1.1', 'server': ('127.0.0.1', 8000), 'cl...
          └ <fastapi.middleware.asyncexitstack.AsyncExitStackMiddleware object at 0x78aa1f39c800>
  File "/home/serg/PycharmProjects/WordChain/backend/.venv/lib/python3.12/site-packages/fastapi/middleware/asyncexitstack.py", line 18, in __call__
    await self.app(scope, receive, send)
          │    │   │      │        └ <function wrap_app_handling_exceptions.<locals>.wrapped_app.<locals>.sender at 0x78aa1f41e980>
          │    │   │      └ <function BaseHTTPMiddleware.__call__.<locals>.call_next.<locals>.receive_or_disconnect at 0x78aa1f41e660>
          │    │   └ {'type': 'http', 'asgi': {'version': '3.0', 'spec_version': '2.3'}, 'http_version': '1.1', 'server': ('127.0.0.1', 8000), 'cl...
          │    └ <fastapi.routing.APIRouter object at 0x78aa1f48d6a0>
          └ <fastapi.middleware.asyncexitstack.AsyncExitStackMiddleware object at 0x78aa1f39c800>
  File "/home/serg/PycharmProjects/WordChain/backend/.venv/lib/python3.12/site-packages/starlette/routing.py", line 716, in __call__
    await self.middleware_stack(scope, receive, send)
          │    │                │      │        └ <function wrap_app_handling_exceptions.<locals>.wrapped_app.<locals>.sender at 0x78aa1f41e980>
          │    │                │      └ <function BaseHTTPMiddleware.__call__.<locals>.call_next.<locals>.receive_or_disconnect at 0x78aa1f41e660>
          │    │                └ {'type': 'http', 'asgi': {'version': '3.0', 'spec_version': '2.3'}, 'http_version': '1.1', 'server': ('127.0.0.1', 8000), 'cl...
          │    └ <bound method Router.app of <fastapi.routing.APIRouter object at 0x78aa1f48d6a0>>
          └ <fastapi.routing.APIRouter object at 0x78aa1f48d6a0>
  File "/home/serg/PycharmProjects/WordChain/backend/.venv/lib/python3.12/site-packages/starlette/routing.py", line 736, in app
    await route.handle(scope, receive, send)
          │     │      │      │        └ <function wrap_app_handling_exceptions.<locals>.wrapped_app.<locals>.sender at 0x78aa1f41e980>
          │     │      │      └ <function BaseHTTPMiddleware.__call__.<locals>.call_next.<locals>.receive_or_disconnect at 0x78aa1f41e660>
          │     │      └ {'type': 'http', 'asgi': {'version': '3.0', 'spec_version': '2.3'}, 'http_version': '1.1', 'server': ('127.0.0.1', 8000), 'cl...
          │     └ <function Route.handle at 0x78aa26a0eca0>
          └ APIRoute(path='/get_synonyms', name='get_synonyms', methods=['POST'])
  File "/home/serg/PycharmProjects/WordChain/backend/.venv/lib/python3.12/site-packages/starlette/routing.py", line 290, in handle
    await self.app(scope, receive, send)
          │    │   │      │        └ <function wrap_app_handling_exceptions.<locals>.wrapped_app.<locals>.sender at 0x78aa1f41e980>
          │    │   │      └ <function BaseHTTPMiddleware.__call__.<locals>.call_next.<locals>.receive_or_disconnect at 0x78aa1f41e660>
          │    │   └ {'type': 'http', 'asgi': {'version': '3.0', 'spec_version': '2.3'}, 'http_version': '1.1', 'server': ('127.0.0.1', 8000), 'cl...
          │    └ <function request_response.<locals>.app at 0x78aa1f34bba0>
          └ APIRoute(path='/get_synonyms', name='get_synonyms', methods=['POST'])
  File "/home/serg/PycharmProjects/WordChain/backend/.venv/lib/python3.12/site-packages/fastapi/routing.py", line 120, in app
    await wrap_app_handling_exceptions(app, request)(scope, receive, send)
          │                            │    │        │      │        └ <function wrap_app_handling_exceptions.<locals>.wrapped_app.<locals>.sender at 0x78aa1f41e980>
          │                            │    │        │      └ <function BaseHTTPMiddleware.__call__.<locals>.call_next.<locals>.receive_or_disconnect at 0x78aa1f41e660>
          │                            │    │        └ {'type': 'http', 'asgi': {'version': '3.0', 'spec_version': '2.3'}, 'http_version': '1.1', 'server': ('127.0.0.1', 8000), 'cl...
          │                            │    └ <starlette.requests.Request object at 0x78aa1f40b7a0>
          │                            └ <function request_response.<locals>.app.<locals>.app at 0x78aa1f41ea20>
          └ <function wrap_app_handling_exceptions at 0x78aa26a0d6c0>
  File "/home/serg/PycharmProjects/WordChain/backend/.venv/lib/python3.12/site-packages/starlette/_exception_handler.py", line 53, in wrapped_app
    raise exc
  File "/home/serg/PycharmProjects/WordChain/backend/.venv/lib/python3.12/site-packages/starlette/_exception_handler.py", line 42, in wrapped_app
    await app(scope, receive, sender)
          │   │      │        └ <function wrap_app_handling_exceptions.<locals>.wrapped_app.<locals>.sender at 0x78aa1f41eb60>
          │   │      └ <function BaseHTTPMiddleware.__call__.<locals>.call_next.<locals>.receive_or_disconnect at 0x78aa1f41e660>
          │   └ {'type': 'http', 'asgi': {'version': '3.0', 'spec_version': '2.3'}, 'http_version': '1.1', 'server': ('127.0.0.1', 8000), 'cl...
          └ <function request_response.<locals>.app.<locals>.app at 0x78aa1f41ea20>
  File "/home/serg/PycharmProjects/WordChain/backend/.venv/lib/python3.12/site-packages/fastapi/routing.py", line 106, in app
    response = await f(request)
                     │ └ <starlette.requests.Request object at 0x78aa1f40b7a0>
                     └ <function get_request_handler.<locals>.app at 0x78aa1f34ba60>
  File "/home/serg/PycharmProjects/WordChain/backend/.venv/lib/python3.12/site-packages/fastapi/routing.py", line 427, in app
    raw_response = await run_endpoint_function(
                         └ <function run_endpoint_function at 0x78aa26a24c20>
  File "/home/serg/PycharmProjects/WordChain/backend/.venv/lib/python3.12/site-packages/fastapi/routing.py", line 313, in run_endpoint_function
    return await dependant.call(**values)
                 │         │      └ {'req': WordReadRequest(user_id=2, word='seize')}
                 │         └ <function get_synonyms at 0x78aa1fa49c60>
                 └ Dependant(path_params=[], query_params=[], header_params=[], cookie_params=[], body_params=[ModelField(field_info=Body(Pydant...

  File "/home/serg/PycharmProjects/WordChain/backend/app/routers/get_word.py", line 48, in get_synonyms
    backend_logger.info(f"Get synonyms success: {result.word}")
    │              │                             └ 'capture, grab, take, snatch, apprehend, arrest, confiscate, appropriate, secure, acquire, usurp, commandeer, clutch, seize h...
    │              └ <function Logger.info at 0x78aa25799a80>
    └ <loguru.logger handlers=[(id=0, level=10, sink=<stderr>), (id=1, level=20, sink='logs/backend.log'), (id=2, level=20, sink='l...

AttributeError: 'str' object has no attribute 'word'
2026-05-22 17:24:56.190 | INFO     | app.main:log_requests:70 - Incoming request: POST http://127.0.0.1:8000/frontend-log
2026-05-22 17:24:56.191 | INFO     | app.routers.logs:receive_frontend_logs:10 - [ERROR] get_synonyms request failed {'error': 'Failed to fetch'}
2026-05-22 17:24:56.191 | INFO     | app.main:log_requests:78 - Response status: 200
2026-05-22 17:24:57.222 | ERROR    | app.main:log_requests:75 - Unhandled error: 'str' object has no attribute 'word'
Traceback (most recent call last):

  File "<string>", line 1, in <module>
  File "/usr/lib/python3.12/multiprocessing/spawn.py", line 122, in spawn_main
    exitcode = _main(fd, parent_sentinel)
               │     │   └ 4
               │     └ 7
               └ <function _main at 0x78aa285e1c60>
  File "/usr/lib/python3.12/multiprocessing/spawn.py", line 135, in _main
    return self._bootstrap(parent_sentinel)
           │    │          └ 4
           │    └ <function BaseProcess._bootstrap at 0x78aa286bff60>
           └ <SpawnProcess name='SpawnProcess-11' parent=4711 started>
  File "/usr/lib/python3.12/multiprocessing/process.py", line 314, in _bootstrap
    self.run()
    │    └ <function BaseProcess.run at 0x78aa286bf4c0>
    └ <SpawnProcess name='SpawnProcess-11' parent=4711 started>
  File "/usr/lib/python3.12/multiprocessing/process.py", line 108, in run
    self._target(*self._args, **self._kwargs)
    │    │        │    │        │    └ {'config': <uvicorn.config.Config object at 0x78aa27aa12e0>, 'target': <bound method Server.run of <uvicorn.server.Server obj...
    │    │        │    │        └ <SpawnProcess name='SpawnProcess-11' parent=4711 started>
    │    │        │    └ ()
    │    │        └ <SpawnProcess name='SpawnProcess-11' parent=4711 started>
    │    └ <function subprocess_started at 0x78aa2789db20>
    └ <SpawnProcess name='SpawnProcess-11' parent=4711 started>
  File "/home/serg/PycharmProjects/WordChain/backend/.venv/lib/python3.12/site-packages/uvicorn/_subprocess.py", line 80, in subprocess_started
    target(sockets=sockets)
    │              └ [<socket.socket fd=3, family=2, type=1, proto=0, laddr=('127.0.0.1', 8000)>]
    └ <bound method Server.run of <uvicorn.server.Server object at 0x78aa278e6150>>
  File "/home/serg/PycharmProjects/WordChain/backend/.venv/lib/python3.12/site-packages/uvicorn/server.py", line 67, in run
    return asyncio_run(self.serve(sockets=sockets), loop_factory=self.config.get_loop_factory())
           │           │    │             │                      │    │      └ <function Config.get_loop_factory at 0x78aa27a88d60>
           │           │    │             │                      │    └ <uvicorn.config.Config object at 0x78aa27aa12e0>
           │           │    │             │                      └ <uvicorn.server.Server object at 0x78aa278e6150>
           │           │    │             └ [<socket.socket fd=3, family=2, type=1, proto=0, laddr=('127.0.0.1', 8000)>]
           │           │    └ <function Server.serve at 0x78aa2789cea0>
           │           └ <uvicorn.server.Server object at 0x78aa278e6150>
           └ <function run at 0x78aa28136c00>
  File "/usr/lib/python3.12/asyncio/runners.py", line 194, in run
    return runner.run(main)
           │      │   └ <coroutine object Server.serve at 0x78aa286449e0>
           │      └ <function Runner.run at 0x78aa28196340>
           └ <asyncio.runners.Runner object at 0x78aa27aa0140>
  File "/usr/lib/python3.12/asyncio/runners.py", line 118, in run
    return self._loop.run_until_complete(task)
           │    │     │                  └ <Task pending name='Task-1' coro=<Server.serve() running at /home/serg/PycharmProjects/WordChain/backend/.venv/lib/python3.12...
           │    │     └ <function BaseEventLoop.run_until_complete at 0x78aa2818ff60>
           │    └ <_UnixSelectorEventLoop running=True closed=False debug=False>
           └ <asyncio.runners.Runner object at 0x78aa27aa0140>
  File "/usr/lib/python3.12/asyncio/base_events.py", line 674, in run_until_complete
    self.run_forever()
    │    └ <function BaseEventLoop.run_forever at 0x78aa2818fec0>
    └ <_UnixSelectorEventLoop running=True closed=False debug=False>
  File "/usr/lib/python3.12/asyncio/base_events.py", line 641, in run_forever
    self._run_once()
    │    └ <function BaseEventLoop._run_once at 0x78aa28195d00>
    └ <_UnixSelectorEventLoop running=True closed=False debug=False>
  File "/usr/lib/python3.12/asyncio/base_events.py", line 1987, in _run_once
    handle._run()
    │      └ <function Handle._run at 0x78aa283ca200>
    └ <Handle Task.task_wakeup(<Future finished result=True>)>
  File "/usr/lib/python3.12/asyncio/events.py", line 88, in _run
    self._context.run(self._callback, *self._args)
    │    │            │    │           │    └ <member '_args' of 'Handle' objects>
    │    │            │    │           └ <Handle Task.task_wakeup(<Future finished result=True>)>
    │    │            │    └ <member '_callback' of 'Handle' objects>
    │    │            └ <Handle Task.task_wakeup(<Future finished result=True>)>
    │    └ <member '_context' of 'Handle' objects>
    └ <Handle Task.task_wakeup(<Future finished result=True>)>
  File "/home/serg/PycharmProjects/WordChain/backend/.venv/lib/python3.12/site-packages/uvicorn/protocols/http/h11_impl.py", line 410, in run_asgi
    result = await app(  # type: ignore[func-returns-value]
                   └ <uvicorn.middleware.proxy_headers.ProxyHeadersMiddleware object at 0x78aa278e62d0>
  File "/home/serg/PycharmProjects/WordChain/backend/.venv/lib/python3.12/site-packages/uvicorn/middleware/proxy_headers.py", line 60, in __call__
    return await self.app(scope, receive, send)
                 │    │   │      │        └ <bound method RequestResponseCycle.send of <uvicorn.protocols.http.h11_impl.RequestResponseCycle object at 0x78aa1e164e90>>
                 │    │   │      └ <bound method RequestResponseCycle.receive of <uvicorn.protocols.http.h11_impl.RequestResponseCycle object at 0x78aa1e164e90>>
                 │    │   └ {'type': 'http', 'asgi': {'version': '3.0', 'spec_version': '2.3'}, 'http_version': '1.1', 'server': ('127.0.0.1', 8000), 'cl...
                 │    └ <fastapi.applications.FastAPI object at 0x78aa1fbeaa50>
                 └ <uvicorn.middleware.proxy_headers.ProxyHeadersMiddleware object at 0x78aa278e62d0>
  File "/home/serg/PycharmProjects/WordChain/backend/.venv/lib/python3.12/site-packages/fastapi/applications.py", line 1135, in __call__
    await super().__call__(scope, receive, send)
                           │      │        └ <bound method RequestResponseCycle.send of <uvicorn.protocols.http.h11_impl.RequestResponseCycle object at 0x78aa1e164e90>>
                           │      └ <bound method RequestResponseCycle.receive of <uvicorn.protocols.http.h11_impl.RequestResponseCycle object at 0x78aa1e164e90>>
                           └ {'type': 'http', 'asgi': {'version': '3.0', 'spec_version': '2.3'}, 'http_version': '1.1', 'server': ('127.0.0.1', 8000), 'cl...
  File "/home/serg/PycharmProjects/WordChain/backend/.venv/lib/python3.12/site-packages/starlette/applications.py", line 107, in __call__
    await self.middleware_stack(scope, receive, send)
          │    │                │      │        └ <bound method RequestResponseCycle.send of <uvicorn.protocols.http.h11_impl.RequestResponseCycle object at 0x78aa1e164e90>>
          │    │                │      └ <bound method RequestResponseCycle.receive of <uvicorn.protocols.http.h11_impl.RequestResponseCycle object at 0x78aa1e164e90>>
          │    │                └ {'type': 'http', 'asgi': {'version': '3.0', 'spec_version': '2.3'}, 'http_version': '1.1', 'server': ('127.0.0.1', 8000), 'cl...
          │    └ <starlette.middleware.errors.ServerErrorMiddleware object at 0x78aa1f39c8c0>
          └ <fastapi.applications.FastAPI object at 0x78aa1fbeaa50>
  File "/home/serg/PycharmProjects/WordChain/backend/.venv/lib/python3.12/site-packages/starlette/middleware/errors.py", line 164, in __call__
    await self.app(scope, receive, _send)
          │    │   │      │        └ <function ServerErrorMiddleware.__call__.<locals>._send at 0x78aa1f41dee0>
          │    │   │      └ <bound method RequestResponseCycle.receive of <uvicorn.protocols.http.h11_impl.RequestResponseCycle object at 0x78aa1e164e90>>
          │    │   └ {'type': 'http', 'asgi': {'version': '3.0', 'spec_version': '2.3'}, 'http_version': '1.1', 'server': ('127.0.0.1', 8000), 'cl...
          │    └ <starlette.middleware.base.BaseHTTPMiddleware object at 0x78aa1f39c890>
          └ <starlette.middleware.errors.ServerErrorMiddleware object at 0x78aa1f39c8c0>
  File "/home/serg/PycharmProjects/WordChain/backend/.venv/lib/python3.12/site-packages/starlette/middleware/base.py", line 193, in __call__
    response = await self.dispatch_func(request, call_next)
                     │    │             │        └ <function BaseHTTPMiddleware.__call__.<locals>.call_next at 0x78aa1e158fe0>
                     │    │             └ <starlette.middleware.base._CachedRequest object at 0x78aa1e164950>
                     │    └ <function log_requests at 0x78aa1f3984a0>
                     └ <starlette.middleware.base.BaseHTTPMiddleware object at 0x78aa1f39c890>

> File "/home/serg/PycharmProjects/WordChain/backend/app/main.py", line 73, in log_requests
    response = await call_next(request)
                     │         └ <starlette.middleware.base._CachedRequest object at 0x78aa1e164950>
                     └ <function BaseHTTPMiddleware.__call__.<locals>.call_next at 0x78aa1e158fe0>

  File "/home/serg/PycharmProjects/WordChain/backend/.venv/lib/python3.12/site-packages/starlette/middleware/base.py", line 168, in call_next
    raise app_exc from app_exc.__cause__ or app_exc.__context__
          │            │       │            │       └ <attribute '__context__' of 'BaseException' objects>
          │            │       │            └ AttributeError("'str' object has no attribute 'word'")
          │            │       └ <attribute '__cause__' of 'BaseException' objects>
          │            └ AttributeError("'str' object has no attribute 'word'")
          └ AttributeError("'str' object has no attribute 'word'")
  File "/home/serg/PycharmProjects/WordChain/backend/.venv/lib/python3.12/site-packages/starlette/middleware/base.py", line 144, in coro
    await self.app(scope, receive_or_disconnect, send_no_error)
          │    │   │      │                      └ <function BaseHTTPMiddleware.__call__.<locals>.call_next.<locals>.send_no_error at 0x78aa1e159120>
          │    │   │      └ <function BaseHTTPMiddleware.__call__.<locals>.call_next.<locals>.receive_or_disconnect at 0x78aa1e159080>
          │    │   └ {'type': 'http', 'asgi': {'version': '3.0', 'spec_version': '2.3'}, 'http_version': '1.1', 'server': ('127.0.0.1', 8000), 'cl...
          │    └ <starlette.middleware.cors.CORSMiddleware object at 0x78aa1f39c830>
          └ <starlette.middleware.base.BaseHTTPMiddleware object at 0x78aa1f39c890>
  File "/home/serg/PycharmProjects/WordChain/backend/.venv/lib/python3.12/site-packages/starlette/middleware/cors.py", line 93, in __call__
    await self.simple_response(scope, receive, send, request_headers=headers)
          │    │               │      │        │                     └ Headers({'host': '127.0.0.1:8000', 'connection': 'keep-alive', 'content-length': '28', 'sec-ch-ua-platform': '"Linux"', 'auth...
          │    │               │      │        └ <function BaseHTTPMiddleware.__call__.<locals>.call_next.<locals>.send_no_error at 0x78aa1e159120>
          │    │               │      └ <function BaseHTTPMiddleware.__call__.<locals>.call_next.<locals>.receive_or_disconnect at 0x78aa1e159080>
          │    │               └ {'type': 'http', 'asgi': {'version': '3.0', 'spec_version': '2.3'}, 'http_version': '1.1', 'server': ('127.0.0.1', 8000), 'cl...
          │    └ <function CORSMiddleware.simple_response at 0x78aa26a5f740>
          └ <starlette.middleware.cors.CORSMiddleware object at 0x78aa1f39c830>
  File "/home/serg/PycharmProjects/WordChain/backend/.venv/lib/python3.12/site-packages/starlette/middleware/cors.py", line 144, in simple_response
    await self.app(scope, receive, send)
          │    │   │      │        └ functools.partial(<bound method CORSMiddleware.send of <starlette.middleware.cors.CORSMiddleware object at 0x78aa1f39c830>>, ...
          │    │   │      └ <function BaseHTTPMiddleware.__call__.<locals>.call_next.<locals>.receive_or_disconnect at 0x78aa1e159080>
          │    │   └ {'type': 'http', 'asgi': {'version': '3.0', 'spec_version': '2.3'}, 'http_version': '1.1', 'server': ('127.0.0.1', 8000), 'cl...
          │    └ <starlette.middleware.exceptions.ExceptionMiddleware object at 0x78aa1f39c7a0>
          └ <starlette.middleware.cors.CORSMiddleware object at 0x78aa1f39c830>
  File "/home/serg/PycharmProjects/WordChain/backend/.venv/lib/python3.12/site-packages/starlette/middleware/exceptions.py", line 63, in __call__
    await wrap_app_handling_exceptions(self.app, conn)(scope, receive, send)
          │                            │    │    │     │      │        └ functools.partial(<bound method CORSMiddleware.send of <starlette.middleware.cors.CORSMiddleware object at 0x78aa1f39c830>>, ...
          │                            │    │    │     │      └ <function BaseHTTPMiddleware.__call__.<locals>.call_next.<locals>.receive_or_disconnect at 0x78aa1e159080>
          │                            │    │    │     └ {'type': 'http', 'asgi': {'version': '3.0', 'spec_version': '2.3'}, 'http_version': '1.1', 'server': ('127.0.0.1', 8000), 'cl...
          │                            │    │    └ <starlette.requests.Request object at 0x78aa1e164830>
          │                            │    └ <fastapi.middleware.asyncexitstack.AsyncExitStackMiddleware object at 0x78aa1f39c800>
          │                            └ <starlette.middleware.exceptions.ExceptionMiddleware object at 0x78aa1f39c7a0>
          └ <function wrap_app_handling_exceptions at 0x78aa26a0d6c0>
  File "/home/serg/PycharmProjects/WordChain/backend/.venv/lib/python3.12/site-packages/starlette/_exception_handler.py", line 53, in wrapped_app
    raise exc
  File "/home/serg/PycharmProjects/WordChain/backend/.venv/lib/python3.12/site-packages/starlette/_exception_handler.py", line 42, in wrapped_app
    await app(scope, receive, sender)
          │   │      │        └ <function wrap_app_handling_exceptions.<locals>.wrapped_app.<locals>.sender at 0x78aa1e159300>
          │   │      └ <function BaseHTTPMiddleware.__call__.<locals>.call_next.<locals>.receive_or_disconnect at 0x78aa1e159080>
          │   └ {'type': 'http', 'asgi': {'version': '3.0', 'spec_version': '2.3'}, 'http_version': '1.1', 'server': ('127.0.0.1', 8000), 'cl...
          └ <fastapi.middleware.asyncexitstack.AsyncExitStackMiddleware object at 0x78aa1f39c800>
  File "/home/serg/PycharmProjects/WordChain/backend/.venv/lib/python3.12/site-packages/fastapi/middleware/asyncexitstack.py", line 18, in __call__
    await self.app(scope, receive, send)
          │    │   │      │        └ <function wrap_app_handling_exceptions.<locals>.wrapped_app.<locals>.sender at 0x78aa1e159300>
          │    │   │      └ <function BaseHTTPMiddleware.__call__.<locals>.call_next.<locals>.receive_or_disconnect at 0x78aa1e159080>
          │    │   └ {'type': 'http', 'asgi': {'version': '3.0', 'spec_version': '2.3'}, 'http_version': '1.1', 'server': ('127.0.0.1', 8000), 'cl...
          │    └ <fastapi.routing.APIRouter object at 0x78aa1f48d6a0>
          └ <fastapi.middleware.asyncexitstack.AsyncExitStackMiddleware object at 0x78aa1f39c800>
  File "/home/serg/PycharmProjects/WordChain/backend/.venv/lib/python3.12/site-packages/starlette/routing.py", line 716, in __call__
    await self.middleware_stack(scope, receive, send)
          │    │                │      │        └ <function wrap_app_handling_exceptions.<locals>.wrapped_app.<locals>.sender at 0x78aa1e159300>
          │    │                │      └ <function BaseHTTPMiddleware.__call__.<locals>.call_next.<locals>.receive_or_disconnect at 0x78aa1e159080>
          │    │                └ {'type': 'http', 'asgi': {'version': '3.0', 'spec_version': '2.3'}, 'http_version': '1.1', 'server': ('127.0.0.1', 8000), 'cl...
          │    └ <bound method Router.app of <fastapi.routing.APIRouter object at 0x78aa1f48d6a0>>
          └ <fastapi.routing.APIRouter object at 0x78aa1f48d6a0>
  File "/home/serg/PycharmProjects/WordChain/backend/.venv/lib/python3.12/site-packages/starlette/routing.py", line 736, in app
    await route.handle(scope, receive, send)
          │     │      │      │        └ <function wrap_app_handling_exceptions.<locals>.wrapped_app.<locals>.sender at 0x78aa1e159300>
          │     │      │      └ <function BaseHTTPMiddleware.__call__.<locals>.call_next.<locals>.receive_or_disconnect at 0x78aa1e159080>
          │     │      └ {'type': 'http', 'asgi': {'version': '3.0', 'spec_version': '2.3'}, 'http_version': '1.1', 'server': ('127.0.0.1', 8000), 'cl...
          │     └ <function Route.handle at 0x78aa26a0eca0>
          └ APIRoute(path='/get_synonyms', name='get_synonyms', methods=['POST'])
  File "/home/serg/PycharmProjects/WordChain/backend/.venv/lib/python3.12/site-packages/starlette/routing.py", line 290, in handle
    await self.app(scope, receive, send)
          │    │   │      │        └ <function wrap_app_handling_exceptions.<locals>.wrapped_app.<locals>.sender at 0x78aa1e159300>
          │    │   │      └ <function BaseHTTPMiddleware.__call__.<locals>.call_next.<locals>.receive_or_disconnect at 0x78aa1e159080>
          │    │   └ {'type': 'http', 'asgi': {'version': '3.0', 'spec_version': '2.3'}, 'http_version': '1.1', 'server': ('127.0.0.1', 8000), 'cl...
          │    └ <function request_response.<locals>.app at 0x78aa1f34bba0>
          └ APIRoute(path='/get_synonyms', name='get_synonyms', methods=['POST'])
  File "/home/serg/PycharmProjects/WordChain/backend/.venv/lib/python3.12/site-packages/fastapi/routing.py", line 120, in app
    await wrap_app_handling_exceptions(app, request)(scope, receive, send)
          │                            │    │        │      │        └ <function wrap_app_handling_exceptions.<locals>.wrapped_app.<locals>.sender at 0x78aa1e159300>
          │                            │    │        │      └ <function BaseHTTPMiddleware.__call__.<locals>.call_next.<locals>.receive_or_disconnect at 0x78aa1e159080>
          │                            │    │        └ {'type': 'http', 'asgi': {'version': '3.0', 'spec_version': '2.3'}, 'http_version': '1.1', 'server': ('127.0.0.1', 8000), 'cl...
          │                            │    └ <starlette.requests.Request object at 0x78aa1e165190>
          │                            └ <function request_response.<locals>.app.<locals>.app at 0x78aa1e159440>
          └ <function wrap_app_handling_exceptions at 0x78aa26a0d6c0>
  File "/home/serg/PycharmProjects/WordChain/backend/.venv/lib/python3.12/site-packages/starlette/_exception_handler.py", line 53, in wrapped_app
    raise exc
  File "/home/serg/PycharmProjects/WordChain/backend/.venv/lib/python3.12/site-packages/starlette/_exception_handler.py", line 42, in wrapped_app
    await app(scope, receive, sender)
          │   │      │        └ <function wrap_app_handling_exceptions.<locals>.wrapped_app.<locals>.sender at 0x78aa1e159580>
          │   │      └ <function BaseHTTPMiddleware.__call__.<locals>.call_next.<locals>.receive_or_disconnect at 0x78aa1e159080>
          │   └ {'type': 'http', 'asgi': {'version': '3.0', 'spec_version': '2.3'}, 'http_version': '1.1', 'server': ('127.0.0.1', 8000), 'cl...
          └ <function request_response.<locals>.app.<locals>.app at 0x78aa1e159440>
  File "/home/serg/PycharmProjects/WordChain/backend/.venv/lib/python3.12/site-packages/fastapi/routing.py", line 106, in app
    response = await f(request)
                     │ └ <starlette.requests.Request object at 0x78aa1e165190>
                     └ <function get_request_handler.<locals>.app at 0x78aa1f34ba60>
  File "/home/serg/PycharmProjects/WordChain/backend/.venv/lib/python3.12/site-packages/fastapi/routing.py", line 427, in app
    raw_response = await run_endpoint_function(
                         └ <function run_endpoint_function at 0x78aa26a24c20>
  File "/home/serg/PycharmProjects/WordChain/backend/.venv/lib/python3.12/site-packages/fastapi/routing.py", line 313, in run_endpoint_function
    return await dependant.call(**values)
                 │         │      └ {'req': WordReadRequest(user_id=2, word='seize')}
                 │         └ <function get_synonyms at 0x78aa1fa49c60>
                 └ Dependant(path_params=[], query_params=[], header_params=[], cookie_params=[], body_params=[ModelField(field_info=Body(Pydant...

  File "/home/serg/PycharmProjects/WordChain/backend/app/routers/get_word.py", line 48, in get_synonyms
    backend_logger.info(f"Get synonyms success: {result.word}")
    │              │                             └ 'grasp, grab, capture, snatch, take, secure, apprehend, arrest, confiscate, appropriate, clutch, obtain, gain, annex, command...
    │              └ <function Logger.info at 0x78aa25799a80>
    └ <loguru.logger handlers=[(id=0, level=10, sink=<stderr>), (id=1, level=20, sink='logs/backend.log'), (id=2, level=20, sink='l...

AttributeError: 'str' object has no attribute 'word'
2026-05-22 17:24:57.230 | INFO     | app.main:log_requests:70 - Incoming request: POST http://127.0.0.1:8000/frontend-log
2026-05-22 17:24:57.230 | INFO     | app.routers.logs:receive_frontend_logs:10 - [ERROR] get_synonyms request failed {'error': 'Failed to fetch'}
2026-05-22 17:24:57.231 | INFO     | app.main:log_requests:78 - Response status: 200
2026-05-22 17:26:27.695 | INFO     | app.main:log_requests:70 - Incoming request: POST http://127.0.0.1:8000/frontend-log
2026-05-22 17:26:27.696 | INFO     | app.main:log_requests:70 - Incoming request: POST http://127.0.0.1:8000/get_synonyms
2026-05-22 17:26:27.698 | INFO     | app.routers.logs:receive_frontend_logs:10 - [INFO] get_synonyms request shape {'endpoint': '/get_synonyms', 'method': 'POST', 'hasEndpoint': True, 'hasWord': True, 'hasUser': True}
2026-05-22 17:26:27.698 | INFO     | app.routers.get_word:get_synonyms:42 - Get synonyms attempt: user_id=2 word='seize'
2026-05-22 17:26:27.968 | INFO     | app.main:log_requests:78 - Response status: 200
2026-05-22 17:26:29.942 | INFO     | app.routers.get_word:get_synonyms:48 - Get synonyms success: seize
2026-05-22 17:26:29.945 | ERROR    | app.main:log_requests:75 - Unhandled error: 1 validation error for WordReadResponse
  Input should be a valid dictionary or object to extract fields from [type=model_attributes_type, input_value='capture, grab, take, sna...re, latch, grab hold of', input_type=str]
    For further information visit https://errors.pydantic.dev/2.13/v/model_attributes_type
Traceback (most recent call last):

  File "<string>", line 1, in <module>
  File "/usr/lib/python3.12/multiprocessing/spawn.py", line 122, in spawn_main
    exitcode = _main(fd, parent_sentinel)
               │     │   └ 4
               │     └ 7
               └ <function _main at 0x7c07c99e1c60>
  File "/usr/lib/python3.12/multiprocessing/spawn.py", line 135, in _main
    return self._bootstrap(parent_sentinel)
           │    │          └ 4
           │    └ <function BaseProcess._bootstrap at 0x7c07c9abff60>
           └ <SpawnProcess name='SpawnProcess-12' parent=4711 started>
  File "/usr/lib/python3.12/multiprocessing/process.py", line 314, in _bootstrap
    self.run()
    │    └ <function BaseProcess.run at 0x7c07c9abf4c0>
    └ <SpawnProcess name='SpawnProcess-12' parent=4711 started>
  File "/usr/lib/python3.12/multiprocessing/process.py", line 108, in run
    self._target(*self._args, **self._kwargs)
    │    │        │    │        │    └ {'config': <uvicorn.config.Config object at 0x7c07c8ea8110>, 'target': <bound method Server.run of <uvicorn.server.Server obj...
    │    │        │    │        └ <SpawnProcess name='SpawnProcess-12' parent=4711 started>
    │    │        │    └ ()
    │    │        └ <SpawnProcess name='SpawnProcess-12' parent=4711 started>
    │    └ <function subprocess_started at 0x7c07c8ca1b20>
    └ <SpawnProcess name='SpawnProcess-12' parent=4711 started>
  File "/home/serg/PycharmProjects/WordChain/backend/.venv/lib/python3.12/site-packages/uvicorn/_subprocess.py", line 80, in subprocess_started
    target(sockets=sockets)
    │              └ [<socket.socket fd=3, family=2, type=1, proto=0, laddr=('127.0.0.1', 8000)>]
    └ <bound method Server.run of <uvicorn.server.Server object at 0x7c07c8cea3f0>>
  File "/home/serg/PycharmProjects/WordChain/backend/.venv/lib/python3.12/site-packages/uvicorn/server.py", line 67, in run
    return asyncio_run(self.serve(sockets=sockets), loop_factory=self.config.get_loop_factory())
           │           │    │             │                      │    │      └ <function Config.get_loop_factory at 0x7c07c8e90d60>
           │           │    │             │                      │    └ <uvicorn.config.Config object at 0x7c07c8ea8110>
           │           │    │             │                      └ <uvicorn.server.Server object at 0x7c07c8cea3f0>
           │           │    │             └ [<socket.socket fd=3, family=2, type=1, proto=0, laddr=('127.0.0.1', 8000)>]
           │           │    └ <function Server.serve at 0x7c07c8ca0ea0>
           │           └ <uvicorn.server.Server object at 0x7c07c8cea3f0>
           └ <function run at 0x7c07c952ac00>
  File "/usr/lib/python3.12/asyncio/runners.py", line 194, in run
    return runner.run(main)
           │      │   └ <coroutine object Server.serve at 0x7c07c9a449e0>
           │      └ <function Runner.run at 0x7c07c958a340>
           └ <asyncio.runners.Runner object at 0x7c07c97bf800>
  File "/usr/lib/python3.12/asyncio/runners.py", line 118, in run
    return self._loop.run_until_complete(task)
           │    │     │                  └ <Task pending name='Task-1' coro=<Server.serve() running at /home/serg/PycharmProjects/WordChain/backend/.venv/lib/python3.12...
           │    │     └ <function BaseEventLoop.run_until_complete at 0x7c07c9583f60>
           │    └ <_UnixSelectorEventLoop running=True closed=False debug=False>
           └ <asyncio.runners.Runner object at 0x7c07c97bf800>
  File "/usr/lib/python3.12/asyncio/base_events.py", line 674, in run_until_complete
    self.run_forever()
    │    └ <function BaseEventLoop.run_forever at 0x7c07c9583ec0>
    └ <_UnixSelectorEventLoop running=True closed=False debug=False>
  File "/usr/lib/python3.12/asyncio/base_events.py", line 641, in run_forever
    self._run_once()
    │    └ <function BaseEventLoop._run_once at 0x7c07c9589d00>
    └ <_UnixSelectorEventLoop running=True closed=False debug=False>
  File "/usr/lib/python3.12/asyncio/base_events.py", line 1987, in _run_once
    handle._run()
    │      └ <function Handle._run at 0x7c07c97f6200>
    └ <Handle Task.task_wakeup(<Future finished result=True>)>
  File "/usr/lib/python3.12/asyncio/events.py", line 88, in _run
    self._context.run(self._callback, *self._args)
    │    │            │    │           │    └ <member '_args' of 'Handle' objects>
    │    │            │    │           └ <Handle Task.task_wakeup(<Future finished result=True>)>
    │    │            │    └ <member '_callback' of 'Handle' objects>
    │    │            └ <Handle Task.task_wakeup(<Future finished result=True>)>
    │    └ <member '_context' of 'Handle' objects>
    └ <Handle Task.task_wakeup(<Future finished result=True>)>
  File "/home/serg/PycharmProjects/WordChain/backend/.venv/lib/python3.12/site-packages/uvicorn/protocols/http/h11_impl.py", line 410, in run_asgi
    result = await app(  # type: ignore[func-returns-value]
                   └ <uvicorn.middleware.proxy_headers.ProxyHeadersMiddleware object at 0x7c07c8ce94f0>
  File "/home/serg/PycharmProjects/WordChain/backend/.venv/lib/python3.12/site-packages/uvicorn/middleware/proxy_headers.py", line 60, in __call__
    return await self.app(scope, receive, send)
                 │    │   │      │        └ <bound method RequestResponseCycle.send of <uvicorn.protocols.http.h11_impl.RequestResponseCycle object at 0x7c07b7f02660>>
                 │    │   │      └ <bound method RequestResponseCycle.receive of <uvicorn.protocols.http.h11_impl.RequestResponseCycle object at 0x7c07b7f02660>>
                 │    │   └ {'type': 'http', 'asgi': {'version': '3.0', 'spec_version': '2.3'}, 'http_version': '1.1', 'server': ('127.0.0.1', 8000), 'cl...
                 │    └ <fastapi.applications.FastAPI object at 0x7c07c6b87980>
                 └ <uvicorn.middleware.proxy_headers.ProxyHeadersMiddleware object at 0x7c07c8ce94f0>
  File "/home/serg/PycharmProjects/WordChain/backend/.venv/lib/python3.12/site-packages/fastapi/applications.py", line 1135, in __call__
    await super().__call__(scope, receive, send)
                           │      │        └ <bound method RequestResponseCycle.send of <uvicorn.protocols.http.h11_impl.RequestResponseCycle object at 0x7c07b7f02660>>
                           │      └ <bound method RequestResponseCycle.receive of <uvicorn.protocols.http.h11_impl.RequestResponseCycle object at 0x7c07b7f02660>>
                           └ {'type': 'http', 'asgi': {'version': '3.0', 'spec_version': '2.3'}, 'http_version': '1.1', 'server': ('127.0.0.1', 8000), 'cl...
  File "/home/serg/PycharmProjects/WordChain/backend/.venv/lib/python3.12/site-packages/starlette/applications.py", line 107, in __call__
    await self.middleware_stack(scope, receive, send)
          │    │                │      │        └ <bound method RequestResponseCycle.send of <uvicorn.protocols.http.h11_impl.RequestResponseCycle object at 0x7c07b7f02660>>
          │    │                │      └ <bound method RequestResponseCycle.receive of <uvicorn.protocols.http.h11_impl.RequestResponseCycle object at 0x7c07b7f02660>>
          │    │                └ {'type': 'http', 'asgi': {'version': '3.0', 'spec_version': '2.3'}, 'http_version': '1.1', 'server': ('127.0.0.1', 8000), 'cl...
          │    └ <starlette.middleware.errors.ServerErrorMiddleware object at 0x7c07c48d87d0>
          └ <fastapi.applications.FastAPI object at 0x7c07c6b87980>
  File "/home/serg/PycharmProjects/WordChain/backend/.venv/lib/python3.12/site-packages/starlette/middleware/errors.py", line 164, in __call__
    await self.app(scope, receive, _send)
          │    │   │      │        └ <function ServerErrorMiddleware.__call__.<locals>._send at 0x7c07b7f16480>
          │    │   │      └ <bound method RequestResponseCycle.receive of <uvicorn.protocols.http.h11_impl.RequestResponseCycle object at 0x7c07b7f02660>>
          │    │   └ {'type': 'http', 'asgi': {'version': '3.0', 'spec_version': '2.3'}, 'http_version': '1.1', 'server': ('127.0.0.1', 8000), 'cl...
          │    └ <starlette.middleware.base.BaseHTTPMiddleware object at 0x7c07c48d87a0>
          └ <starlette.middleware.errors.ServerErrorMiddleware object at 0x7c07c48d87d0>
  File "/home/serg/PycharmProjects/WordChain/backend/.venv/lib/python3.12/site-packages/starlette/middleware/base.py", line 193, in __call__
    response = await self.dispatch_func(request, call_next)
                     │    │             │        └ <function BaseHTTPMiddleware.__call__.<locals>.call_next at 0x7c07b7f165c0>
                     │    │             └ <starlette.middleware.base._CachedRequest object at 0x7c07b7f02c30>
                     │    └ <function log_requests at 0x7c07c48d44a0>
                     └ <starlette.middleware.base.BaseHTTPMiddleware object at 0x7c07c48d87a0>

> File "/home/serg/PycharmProjects/WordChain/backend/app/main.py", line 73, in log_requests
    response = await call_next(request)
                     │         └ <starlette.middleware.base._CachedRequest object at 0x7c07b7f02c30>
                     └ <function BaseHTTPMiddleware.__call__.<locals>.call_next at 0x7c07b7f165c0>

  File "/home/serg/PycharmProjects/WordChain/backend/.venv/lib/python3.12/site-packages/starlette/middleware/base.py", line 168, in call_next
    raise app_exc from app_exc.__cause__ or app_exc.__context__
          │            │       │            │       └ <attribute '__context__' of 'BaseException' objects>
          │            │       │            └ 1 validation error for WordReadResponse
          │            │       │                Input should be a valid dictionary or object to extract fields from [type=model_att...
          │            │       └ <attribute '__cause__' of 'BaseException' objects>
          │            └ 1 validation error for WordReadResponse
          │                Input should be a valid dictionary or object to extract fields from [type=model_att...
          └ 1 validation error for WordReadResponse
              Input should be a valid dictionary or object to extract fields from [type=model_att...
  File "/home/serg/PycharmProjects/WordChain/backend/.venv/lib/python3.12/site-packages/starlette/middleware/base.py", line 144, in coro
    await self.app(scope, receive_or_disconnect, send_no_error)
          │    │   │      │                      └ <function BaseHTTPMiddleware.__call__.<locals>.call_next.<locals>.send_no_error at 0x7c07b7f16700>
          │    │   │      └ <function BaseHTTPMiddleware.__call__.<locals>.call_next.<locals>.receive_or_disconnect at 0x7c07b7f16660>
          │    │   └ {'type': 'http', 'asgi': {'version': '3.0', 'spec_version': '2.3'}, 'http_version': '1.1', 'server': ('127.0.0.1', 8000), 'cl...
          │    └ <starlette.middleware.cors.CORSMiddleware object at 0x7c07c48d8740>
          └ <starlette.middleware.base.BaseHTTPMiddleware object at 0x7c07c48d87a0>
  File "/home/serg/PycharmProjects/WordChain/backend/.venv/lib/python3.12/site-packages/starlette/middleware/cors.py", line 93, in __call__
    await self.simple_response(scope, receive, send, request_headers=headers)
          │    │               │      │        │                     └ Headers({'host': '127.0.0.1:8000', 'connection': 'keep-alive', 'content-length': '28', 'sec-ch-ua-platform': '"Linux"', 'auth...
          │    │               │      │        └ <function BaseHTTPMiddleware.__call__.<locals>.call_next.<locals>.send_no_error at 0x7c07b7f16700>
          │    │               │      └ <function BaseHTTPMiddleware.__call__.<locals>.call_next.<locals>.receive_or_disconnect at 0x7c07b7f16660>
          │    │               └ {'type': 'http', 'asgi': {'version': '3.0', 'spec_version': '2.3'}, 'http_version': '1.1', 'server': ('127.0.0.1', 8000), 'cl...
          │    └ <function CORSMiddleware.simple_response at 0x7c07c7e53740>
          └ <starlette.middleware.cors.CORSMiddleware object at 0x7c07c48d8740>
  File "/home/serg/PycharmProjects/WordChain/backend/.venv/lib/python3.12/site-packages/starlette/middleware/cors.py", line 144, in simple_response
    await self.app(scope, receive, send)
          │    │   │      │        └ functools.partial(<bound method CORSMiddleware.send of <starlette.middleware.cors.CORSMiddleware object at 0x7c07c48d8740>>, ...
          │    │   │      └ <function BaseHTTPMiddleware.__call__.<locals>.call_next.<locals>.receive_or_disconnect at 0x7c07b7f16660>
          │    │   └ {'type': 'http', 'asgi': {'version': '3.0', 'spec_version': '2.3'}, 'http_version': '1.1', 'server': ('127.0.0.1', 8000), 'cl...
          │    └ <starlette.middleware.exceptions.ExceptionMiddleware object at 0x7c07c48d8680>
          └ <starlette.middleware.cors.CORSMiddleware object at 0x7c07c48d8740>
  File "/home/serg/PycharmProjects/WordChain/backend/.venv/lib/python3.12/site-packages/starlette/middleware/exceptions.py", line 63, in __call__
    await wrap_app_handling_exceptions(self.app, conn)(scope, receive, send)
          │                            │    │    │     │      │        └ functools.partial(<bound method CORSMiddleware.send of <starlette.middleware.cors.CORSMiddleware object at 0x7c07c48d8740>>, ...
          │                            │    │    │     │      └ <function BaseHTTPMiddleware.__call__.<locals>.call_next.<locals>.receive_or_disconnect at 0x7c07b7f16660>
          │                            │    │    │     └ {'type': 'http', 'asgi': {'version': '3.0', 'spec_version': '2.3'}, 'http_version': '1.1', 'server': ('127.0.0.1', 8000), 'cl...
          │                            │    │    └ <starlette.requests.Request object at 0x7c07b7f03110>
          │                            │    └ <fastapi.middleware.asyncexitstack.AsyncExitStackMiddleware object at 0x7c07c48d86b0>
          │                            └ <starlette.middleware.exceptions.ExceptionMiddleware object at 0x7c07c48d8680>
          └ <function wrap_app_handling_exceptions at 0x7c07c7e016c0>
  File "/home/serg/PycharmProjects/WordChain/backend/.venv/lib/python3.12/site-packages/starlette/_exception_handler.py", line 53, in wrapped_app
    raise exc
  File "/home/serg/PycharmProjects/WordChain/backend/.venv/lib/python3.12/site-packages/starlette/_exception_handler.py", line 42, in wrapped_app
    await app(scope, receive, sender)
          │   │      │        └ <function wrap_app_handling_exceptions.<locals>.wrapped_app.<locals>.sender at 0x7c07b7f16980>
          │   │      └ <function BaseHTTPMiddleware.__call__.<locals>.call_next.<locals>.receive_or_disconnect at 0x7c07b7f16660>
          │   └ {'type': 'http', 'asgi': {'version': '3.0', 'spec_version': '2.3'}, 'http_version': '1.1', 'server': ('127.0.0.1', 8000), 'cl...
          └ <fastapi.middleware.asyncexitstack.AsyncExitStackMiddleware object at 0x7c07c48d86b0>
  File "/home/serg/PycharmProjects/WordChain/backend/.venv/lib/python3.12/site-packages/fastapi/middleware/asyncexitstack.py", line 18, in __call__
    await self.app(scope, receive, send)
          │    │   │      │        └ <function wrap_app_handling_exceptions.<locals>.wrapped_app.<locals>.sender at 0x7c07b7f16980>
          │    │   │      └ <function BaseHTTPMiddleware.__call__.<locals>.call_next.<locals>.receive_or_disconnect at 0x7c07b7f16660>
          │    │   └ {'type': 'http', 'asgi': {'version': '3.0', 'spec_version': '2.3'}, 'http_version': '1.1', 'server': ('127.0.0.1', 8000), 'cl...
          │    └ <fastapi.routing.APIRouter object at 0x7c07c49c9bb0>
          └ <fastapi.middleware.asyncexitstack.AsyncExitStackMiddleware object at 0x7c07c48d86b0>
  File "/home/serg/PycharmProjects/WordChain/backend/.venv/lib/python3.12/site-packages/starlette/routing.py", line 716, in __call__
    await self.middleware_stack(scope, receive, send)
          │    │                │      │        └ <function wrap_app_handling_exceptions.<locals>.wrapped_app.<locals>.sender at 0x7c07b7f16980>
          │    │                │      └ <function BaseHTTPMiddleware.__call__.<locals>.call_next.<locals>.receive_or_disconnect at 0x7c07b7f16660>
          │    │                └ {'type': 'http', 'asgi': {'version': '3.0', 'spec_version': '2.3'}, 'http_version': '1.1', 'server': ('127.0.0.1', 8000), 'cl...
          │    └ <bound method Router.app of <fastapi.routing.APIRouter object at 0x7c07c49c9bb0>>
          └ <fastapi.routing.APIRouter object at 0x7c07c49c9bb0>
  File "/home/serg/PycharmProjects/WordChain/backend/.venv/lib/python3.12/site-packages/starlette/routing.py", line 736, in app
    await route.handle(scope, receive, send)
          │     │      │      │        └ <function wrap_app_handling_exceptions.<locals>.wrapped_app.<locals>.sender at 0x7c07b7f16980>
          │     │      │      └ <function BaseHTTPMiddleware.__call__.<locals>.call_next.<locals>.receive_or_disconnect at 0x7c07b7f16660>
          │     │      └ {'type': 'http', 'asgi': {'version': '3.0', 'spec_version': '2.3'}, 'http_version': '1.1', 'server': ('127.0.0.1', 8000), 'cl...
          │     └ <function Route.handle at 0x7c07c7e02ca0>
          └ APIRoute(path='/get_synonyms', name='get_synonyms', methods=['POST'])
  File "/home/serg/PycharmProjects/WordChain/backend/.venv/lib/python3.12/site-packages/starlette/routing.py", line 290, in handle
    await self.app(scope, receive, send)
          │    │   │      │        └ <function wrap_app_handling_exceptions.<locals>.wrapped_app.<locals>.sender at 0x7c07b7f16980>
          │    │   │      └ <function BaseHTTPMiddleware.__call__.<locals>.call_next.<locals>.receive_or_disconnect at 0x7c07b7f16660>
          │    │   └ {'type': 'http', 'asgi': {'version': '3.0', 'spec_version': '2.3'}, 'http_version': '1.1', 'server': ('127.0.0.1', 8000), 'cl...
          │    └ <function request_response.<locals>.app at 0x7c07c4887ba0>
          └ APIRoute(path='/get_synonyms', name='get_synonyms', methods=['POST'])
  File "/home/serg/PycharmProjects/WordChain/backend/.venv/lib/python3.12/site-packages/fastapi/routing.py", line 120, in app
    await wrap_app_handling_exceptions(app, request)(scope, receive, send)
          │                            │    │        │      │        └ <function wrap_app_handling_exceptions.<locals>.wrapped_app.<locals>.sender at 0x7c07b7f16980>
          │                            │    │        │      └ <function BaseHTTPMiddleware.__call__.<locals>.call_next.<locals>.receive_or_disconnect at 0x7c07b7f16660>
          │                            │    │        └ {'type': 'http', 'asgi': {'version': '3.0', 'spec_version': '2.3'}, 'http_version': '1.1', 'server': ('127.0.0.1', 8000), 'cl...
          │                            │    └ <starlette.requests.Request object at 0x7c07b7f032c0>
          │                            └ <function request_response.<locals>.app.<locals>.app at 0x7c07b7f16a20>
          └ <function wrap_app_handling_exceptions at 0x7c07c7e016c0>
  File "/home/serg/PycharmProjects/WordChain/backend/.venv/lib/python3.12/site-packages/starlette/_exception_handler.py", line 53, in wrapped_app
    raise exc
  File "/home/serg/PycharmProjects/WordChain/backend/.venv/lib/python3.12/site-packages/starlette/_exception_handler.py", line 42, in wrapped_app
    await app(scope, receive, sender)
          │   │      │        └ <function wrap_app_handling_exceptions.<locals>.wrapped_app.<locals>.sender at 0x7c07b7f16b60>
          │   │      └ <function BaseHTTPMiddleware.__call__.<locals>.call_next.<locals>.receive_or_disconnect at 0x7c07b7f16660>
          │   └ {'type': 'http', 'asgi': {'version': '3.0', 'spec_version': '2.3'}, 'http_version': '1.1', 'server': ('127.0.0.1', 8000), 'cl...
          └ <function request_response.<locals>.app.<locals>.app at 0x7c07b7f16a20>
  File "/home/serg/PycharmProjects/WordChain/backend/.venv/lib/python3.12/site-packages/fastapi/routing.py", line 106, in app
    response = await f(request)
                     │ └ <starlette.requests.Request object at 0x7c07b7f032c0>
                     └ <function get_request_handler.<locals>.app at 0x7c07c4887a60>
  File "/home/serg/PycharmProjects/WordChain/backend/.venv/lib/python3.12/site-packages/fastapi/routing.py", line 427, in app
    raw_response = await run_endpoint_function(
                         └ <function run_endpoint_function at 0x7c07c7e18c20>
  File "/home/serg/PycharmProjects/WordChain/backend/.venv/lib/python3.12/site-packages/fastapi/routing.py", line 313, in run_endpoint_function
    return await dependant.call(**values)
                 │         │      └ {'req': WordReadRequest(user_id=2, word='seize')}
                 │         └ <function get_synonyms at 0x7c07c4f7dc60>
                 └ Dependant(path_params=[], query_params=[], header_params=[], cookie_params=[], body_params=[ModelField(field_info=Body(Pydant...

  File "/home/serg/PycharmProjects/WordChain/backend/app/routers/get_word.py", line 49, in get_synonyms
    return WordReadResponse.model_validate(result)
           │                │              └ 'capture, grab, take, snatch, confiscate, grasp, apprehend, secure, clutch, occupy, commandeer, annex, appropriate, acquire, ...
           │                └ <classmethod(<function BaseModel.model_validate at 0x7c07c84d6c00>)>
           └ <class 'app.schemas.word.WordReadResponse'>

  File "/home/serg/PycharmProjects/WordChain/backend/.venv/lib/python3.12/site-packages/pydantic/main.py", line 732, in model_validate
    return cls.__pydantic_validator__.validate_python(
           │   │                      └ <method 'validate_python' of 'pydantic_core._pydantic_core.SchemaValidator' objects>
           │   └ SchemaValidator(title="WordReadResponse", validator=Model(
           │         ModelValidator {
           │             revalidate: Never,
           │             validator:...
           └ <class 'app.schemas.word.WordReadResponse'>

pydantic_core._pydantic_core.ValidationError: 1 validation error for WordReadResponse
  Input should be a valid dictionary or object to extract fields from [type=model_attributes_type, input_value='capture, grab, take, sna...re, latch, grab hold of', input_type=str]
    For further information visit https://errors.pydantic.dev/2.13/v/model_attributes_type
2026-05-22 17:26:29.959 | INFO     | app.main:log_requests:70 - Incoming request: POST http://127.0.0.1:8000/frontend-log
2026-05-22 17:26:29.960 | INFO     | app.routers.logs:receive_frontend_logs:10 - [ERROR] get_synonyms request failed {'error': 'Failed to fetch'}
2026-05-22 17:26:29.960 | INFO     | app.main:log_requests:78 - Response status: 200
2026-05-22 17:35:36.189 | INFO     | app.main:log_requests:70 - Incoming request: OPTIONS http://127.0.0.1:8000/frontend-log
2026-05-22 17:35:36.190 | INFO     | app.main:log_requests:70 - Incoming request: OPTIONS http://127.0.0.1:8000/get_synonyms
2026-05-22 17:35:36.190 | INFO     | app.main:log_requests:78 - Response status: 200
2026-05-22 17:35:36.191 | INFO     | app.main:log_requests:78 - Response status: 200
2026-05-22 17:35:36.194 | INFO     | app.main:log_requests:70 - Incoming request: POST http://127.0.0.1:8000/get_synonyms
2026-05-22 17:35:36.196 | INFO     | app.main:log_requests:70 - Incoming request: POST http://127.0.0.1:8000/frontend-log
2026-05-22 17:35:36.197 | INFO     | app.routers.get_word:get_synonyms:42 - Get synonyms attempt: user_id=2 word='seize'
2026-05-22 17:35:36.473 | INFO     | app.routers.logs:receive_frontend_logs:10 - [INFO] get_synonyms request shape {'endpoint': '/get_synonyms', 'method': 'POST', 'hasEndpoint': True, 'hasWord': True, 'hasUser': True}
2026-05-22 17:35:36.474 | INFO     | app.main:log_requests:78 - Response status: 200
2026-05-22 17:35:39.509 | INFO     | app.routers.get_word:get_synonyms:48 - Get synonyms success: seize
2026-05-22 17:35:39.509 | ERROR    | app.main:log_requests:75 - Unhandled error: 2 validation errors for WordReadResponse
synonyms
  Input should be a valid list [type=list_type, input_value='capture, grab, grasp, sn..., occupy, annex, secure', input_type=str]
    For further information visit https://errors.pydantic.dev/2.13/v/list_type
antonyms
  Input should be a valid list [type=list_type, input_value='', input_type=str]
    For further information visit https://errors.pydantic.dev/2.13/v/list_type
Traceback (most recent call last):

  File "<string>", line 1, in <module>
  File "/usr/lib/python3.12/multiprocessing/spawn.py", line 122, in spawn_main
    exitcode = _main(fd, parent_sentinel)
               │     │   └ 4
               │     └ 7
               └ <function _main at 0x707bb8ee5c60>
  File "/usr/lib/python3.12/multiprocessing/spawn.py", line 135, in _main
    return self._bootstrap(parent_sentinel)
           │    │          └ 4
           │    └ <function BaseProcess._bootstrap at 0x707bb8fc3f60>
           └ <SpawnProcess name='SpawnProcess-14' parent=4711 started>
  File "/usr/lib/python3.12/multiprocessing/process.py", line 314, in _bootstrap
    self.run()
    │    └ <function BaseProcess.run at 0x707bb8fc34c0>
    └ <SpawnProcess name='SpawnProcess-14' parent=4711 started>
  File "/usr/lib/python3.12/multiprocessing/process.py", line 108, in run
    self._target(*self._args, **self._kwargs)
    │    │        │    │        │    └ {'config': <uvicorn.config.Config object at 0x707bb8358800>, 'target': <bound method Server.run of <uvicorn.server.Server obj...
    │    │        │    │        └ <SpawnProcess name='SpawnProcess-14' parent=4711 started>
    │    │        │    └ ()
    │    │        └ <SpawnProcess name='SpawnProcess-14' parent=4711 started>
    │    └ <function subprocess_started at 0x707bb81a1b20>
    └ <SpawnProcess name='SpawnProcess-14' parent=4711 started>
  File "/home/serg/PycharmProjects/WordChain/backend/.venv/lib/python3.12/site-packages/uvicorn/_subprocess.py", line 80, in subprocess_started
    target(sockets=sockets)
    │              └ [<socket.socket fd=3, family=2, type=1, proto=0, laddr=('127.0.0.1', 8000)>]
    └ <bound method Server.run of <uvicorn.server.Server object at 0x707bb81e6390>>
  File "/home/serg/PycharmProjects/WordChain/backend/.venv/lib/python3.12/site-packages/uvicorn/server.py", line 67, in run
    return asyncio_run(self.serve(sockets=sockets), loop_factory=self.config.get_loop_factory())
           │           │    │             │                      │    │      └ <function Config.get_loop_factory at 0x707bb8390d60>
           │           │    │             │                      │    └ <uvicorn.config.Config object at 0x707bb8358800>
           │           │    │             │                      └ <uvicorn.server.Server object at 0x707bb81e6390>
           │           │    │             └ [<socket.socket fd=3, family=2, type=1, proto=0, laddr=('127.0.0.1', 8000)>]
           │           │    └ <function Server.serve at 0x707bb81a0ea0>
           │           └ <uvicorn.server.Server object at 0x707bb81e6390>
           └ <function run at 0x707bb850ec00>
  File "/usr/lib/python3.12/asyncio/runners.py", line 194, in run
    return runner.run(main)
           │      │   └ <coroutine object Server.serve at 0x707bb8f489e0>
           │      └ <function Runner.run at 0x707bb856e340>
           └ <asyncio.runners.Runner object at 0x707bb83880b0>
  File "/usr/lib/python3.12/asyncio/runners.py", line 118, in run
    return self._loop.run_until_complete(task)
           │    │     │                  └ <Task pending name='Task-1' coro=<Server.serve() running at /home/serg/PycharmProjects/WordChain/backend/.venv/lib/python3.12...
           │    │     └ <function BaseEventLoop.run_until_complete at 0x707bb8567f60>
           │    └ <_UnixSelectorEventLoop running=True closed=False debug=False>
           └ <asyncio.runners.Runner object at 0x707bb83880b0>
  File "/usr/lib/python3.12/asyncio/base_events.py", line 674, in run_until_complete
    self.run_forever()
    │    └ <function BaseEventLoop.run_forever at 0x707bb8567ec0>
    └ <_UnixSelectorEventLoop running=True closed=False debug=False>
  File "/usr/lib/python3.12/asyncio/base_events.py", line 641, in run_forever
    self._run_once()
    │    └ <function BaseEventLoop._run_once at 0x707bb856dd00>
    └ <_UnixSelectorEventLoop running=True closed=False debug=False>
  File "/usr/lib/python3.12/asyncio/base_events.py", line 1987, in _run_once
    handle._run()
    │      └ <function Handle._run at 0x707bb8cfa200>
    └ <Handle Task.task_wakeup(<Future finished result=True>)>
  File "/usr/lib/python3.12/asyncio/events.py", line 88, in _run
    self._context.run(self._callback, *self._args)
    │    │            │    │           │    └ <member '_args' of 'Handle' objects>
    │    │            │    │           └ <Handle Task.task_wakeup(<Future finished result=True>)>
    │    │            │    └ <member '_callback' of 'Handle' objects>
    │    │            └ <Handle Task.task_wakeup(<Future finished result=True>)>
    │    └ <member '_context' of 'Handle' objects>
    └ <Handle Task.task_wakeup(<Future finished result=True>)>
  File "/home/serg/PycharmProjects/WordChain/backend/.venv/lib/python3.12/site-packages/uvicorn/protocols/http/h11_impl.py", line 410, in run_asgi
    result = await app(  # type: ignore[func-returns-value]
                   └ <uvicorn.middleware.proxy_headers.ProxyHeadersMiddleware object at 0x707bb81e76b0>
  File "/home/serg/PycharmProjects/WordChain/backend/.venv/lib/python3.12/site-packages/uvicorn/middleware/proxy_headers.py", line 60, in __call__
    return await self.app(scope, receive, send)
                 │    │   │      │        └ <bound method RequestResponseCycle.send of <uvicorn.protocols.http.h11_impl.RequestResponseCycle object at 0x707bafef3140>>
                 │    │   │      └ <bound method RequestResponseCycle.receive of <uvicorn.protocols.http.h11_impl.RequestResponseCycle object at 0x707bafef3140>>
                 │    │   └ {'type': 'http', 'asgi': {'version': '3.0', 'spec_version': '2.3'}, 'http_version': '1.1', 'server': ('127.0.0.1', 8000), 'cl...
                 │    └ <fastapi.applications.FastAPI object at 0x707bb64c6810>
                 └ <uvicorn.middleware.proxy_headers.ProxyHeadersMiddleware object at 0x707bb81e76b0>
  File "/home/serg/PycharmProjects/WordChain/backend/.venv/lib/python3.12/site-packages/fastapi/applications.py", line 1135, in __call__
    await super().__call__(scope, receive, send)
                           │      │        └ <bound method RequestResponseCycle.send of <uvicorn.protocols.http.h11_impl.RequestResponseCycle object at 0x707bafef3140>>
                           │      └ <bound method RequestResponseCycle.receive of <uvicorn.protocols.http.h11_impl.RequestResponseCycle object at 0x707bafef3140>>
                           └ {'type': 'http', 'asgi': {'version': '3.0', 'spec_version': '2.3'}, 'http_version': '1.1', 'server': ('127.0.0.1', 8000), 'cl...
  File "/home/serg/PycharmProjects/WordChain/backend/.venv/lib/python3.12/site-packages/starlette/applications.py", line 107, in __call__
    await self.middleware_stack(scope, receive, send)
          │    │                │      │        └ <bound method RequestResponseCycle.send of <uvicorn.protocols.http.h11_impl.RequestResponseCycle object at 0x707bafef3140>>
          │    │                │      └ <bound method RequestResponseCycle.receive of <uvicorn.protocols.http.h11_impl.RequestResponseCycle object at 0x707bafef3140>>
          │    │                └ {'type': 'http', 'asgi': {'version': '3.0', 'spec_version': '2.3'}, 'http_version': '1.1', 'server': ('127.0.0.1', 8000), 'cl...
          │    └ <starlette.middleware.errors.ServerErrorMiddleware object at 0x707bafe88650>
          └ <fastapi.applications.FastAPI object at 0x707bb64c6810>
  File "/home/serg/PycharmProjects/WordChain/backend/.venv/lib/python3.12/site-packages/starlette/middleware/errors.py", line 164, in __call__
    await self.app(scope, receive, _send)
          │    │   │      │        └ <function ServerErrorMiddleware.__call__.<locals>._send at 0x707bafe83ec0>
          │    │   │      └ <bound method RequestResponseCycle.receive of <uvicorn.protocols.http.h11_impl.RequestResponseCycle object at 0x707bafef3140>>
          │    │   └ {'type': 'http', 'asgi': {'version': '3.0', 'spec_version': '2.3'}, 'http_version': '1.1', 'server': ('127.0.0.1', 8000), 'cl...
          │    └ <starlette.middleware.base.BaseHTTPMiddleware object at 0x707bafe88620>
          └ <starlette.middleware.errors.ServerErrorMiddleware object at 0x707bafe88650>
  File "/home/serg/PycharmProjects/WordChain/backend/.venv/lib/python3.12/site-packages/starlette/middleware/base.py", line 193, in __call__
    response = await self.dispatch_func(request, call_next)
                     │    │             │        └ <function BaseHTTPMiddleware.__call__.<locals>.call_next at 0x707bafec02c0>
                     │    │             └ <starlette.middleware.base._CachedRequest object at 0x707bafe8bda0>
                     │    └ <function log_requests at 0x707bafe804a0>
                     └ <starlette.middleware.base.BaseHTTPMiddleware object at 0x707bafe88620>

> File "/home/serg/PycharmProjects/WordChain/backend/app/main.py", line 73, in log_requests
    response = await call_next(request)
                     │         └ <starlette.middleware.base._CachedRequest object at 0x707bafe8bda0>
                     └ <function BaseHTTPMiddleware.__call__.<locals>.call_next at 0x707bafec02c0>

  File "/home/serg/PycharmProjects/WordChain/backend/.venv/lib/python3.12/site-packages/starlette/middleware/base.py", line 168, in call_next
    raise app_exc from app_exc.__cause__ or app_exc.__context__
          │            │       │            │       └ <attribute '__context__' of 'BaseException' objects>
          │            │       │            └ 2 validation errors for WordReadResponse
          │            │       │              synonyms
          │            │       │                Input should be a valid list [type=list_type, input_value='capture, grab,...
          │            │       └ <attribute '__cause__' of 'BaseException' objects>
          │            └ 2 validation errors for WordReadResponse
          │              synonyms
          │                Input should be a valid list [type=list_type, input_value='capture, grab,...
          └ 2 validation errors for WordReadResponse
            synonyms
              Input should be a valid list [type=list_type, input_value='capture, grab,...
  File "/home/serg/PycharmProjects/WordChain/backend/.venv/lib/python3.12/site-packages/starlette/middleware/base.py", line 144, in coro
    await self.app(scope, receive_or_disconnect, send_no_error)
          │    │   │      │                      └ <function BaseHTTPMiddleware.__call__.<locals>.call_next.<locals>.send_no_error at 0x707baf505f80>
          │    │   │      └ <function BaseHTTPMiddleware.__call__.<locals>.call_next.<locals>.receive_or_disconnect at 0x707bafec0180>
          │    │   └ {'type': 'http', 'asgi': {'version': '3.0', 'spec_version': '2.3'}, 'http_version': '1.1', 'server': ('127.0.0.1', 8000), 'cl...
          │    └ <starlette.middleware.cors.CORSMiddleware object at 0x707bafe885f0>
          └ <starlette.middleware.base.BaseHTTPMiddleware object at 0x707bafe88620>
  File "/home/serg/PycharmProjects/WordChain/backend/.venv/lib/python3.12/site-packages/starlette/middleware/cors.py", line 93, in __call__
    await self.simple_response(scope, receive, send, request_headers=headers)
          │    │               │      │        │                     └ Headers({'host': '127.0.0.1:8000', 'connection': 'keep-alive', 'content-length': '28', 'sec-ch-ua-platform': '"Linux"', 'auth...
          │    │               │      │        └ <function BaseHTTPMiddleware.__call__.<locals>.call_next.<locals>.send_no_error at 0x707baf505f80>
          │    │               │      └ <function BaseHTTPMiddleware.__call__.<locals>.call_next.<locals>.receive_or_disconnect at 0x707bafec0180>
          │    │               └ {'type': 'http', 'asgi': {'version': '3.0', 'spec_version': '2.3'}, 'http_version': '1.1', 'server': ('127.0.0.1', 8000), 'cl...
          │    └ <function CORSMiddleware.simple_response at 0x707bb7353740>
          └ <starlette.middleware.cors.CORSMiddleware object at 0x707bafe885f0>
  File "/home/serg/PycharmProjects/WordChain/backend/.venv/lib/python3.12/site-packages/starlette/middleware/cors.py", line 144, in simple_response
    await self.app(scope, receive, send)
          │    │   │      │        └ functools.partial(<bound method CORSMiddleware.send of <starlette.middleware.cors.CORSMiddleware object at 0x707bafe885f0>>, ...
          │    │   │      └ <function BaseHTTPMiddleware.__call__.<locals>.call_next.<locals>.receive_or_disconnect at 0x707bafec0180>
          │    │   └ {'type': 'http', 'asgi': {'version': '3.0', 'spec_version': '2.3'}, 'http_version': '1.1', 'server': ('127.0.0.1', 8000), 'cl...
          │    └ <starlette.middleware.exceptions.ExceptionMiddleware object at 0x707bafe885c0>
          └ <starlette.middleware.cors.CORSMiddleware object at 0x707bafe885f0>
  File "/home/serg/PycharmProjects/WordChain/backend/.venv/lib/python3.12/site-packages/starlette/middleware/exceptions.py", line 63, in __call__
    await wrap_app_handling_exceptions(self.app, conn)(scope, receive, send)
          │                            │    │    │     │      │        └ functools.partial(<bound method CORSMiddleware.send of <starlette.middleware.cors.CORSMiddleware object at 0x707bafe885f0>>, ...
          │                            │    │    │     │      └ <function BaseHTTPMiddleware.__call__.<locals>.call_next.<locals>.receive_or_disconnect at 0x707bafec0180>
          │                            │    │    │     └ {'type': 'http', 'asgi': {'version': '3.0', 'spec_version': '2.3'}, 'http_version': '1.1', 'server': ('127.0.0.1', 8000), 'cl...
          │                            │    │    └ <starlette.requests.Request object at 0x707bafef2e10>
          │                            │    └ <fastapi.middleware.asyncexitstack.AsyncExitStackMiddleware object at 0x707bafe88590>
          │                            └ <starlette.middleware.exceptions.ExceptionMiddleware object at 0x707bafe885c0>
          └ <function wrap_app_handling_exceptions at 0x707bb73016c0>
  File "/home/serg/PycharmProjects/WordChain/backend/.venv/lib/python3.12/site-packages/starlette/_exception_handler.py", line 53, in wrapped_app
    raise exc
  File "/home/serg/PycharmProjects/WordChain/backend/.venv/lib/python3.12/site-packages/starlette/_exception_handler.py", line 42, in wrapped_app
    await app(scope, receive, sender)
          │   │      │        └ <function wrap_app_handling_exceptions.<locals>.wrapped_app.<locals>.sender at 0x707baf5062a0>
          │   │      └ <function BaseHTTPMiddleware.__call__.<locals>.call_next.<locals>.receive_or_disconnect at 0x707bafec0180>
          │   └ {'type': 'http', 'asgi': {'version': '3.0', 'spec_version': '2.3'}, 'http_version': '1.1', 'server': ('127.0.0.1', 8000), 'cl...
          └ <fastapi.middleware.asyncexitstack.AsyncExitStackMiddleware object at 0x707bafe88590>
  File "/home/serg/PycharmProjects/WordChain/backend/.venv/lib/python3.12/site-packages/fastapi/middleware/asyncexitstack.py", line 18, in __call__
    await self.app(scope, receive, send)
          │    │   │      │        └ <function wrap_app_handling_exceptions.<locals>.wrapped_app.<locals>.sender at 0x707baf5062a0>
          │    │   │      └ <function BaseHTTPMiddleware.__call__.<locals>.call_next.<locals>.receive_or_disconnect at 0x707bafec0180>
          │    │   └ {'type': 'http', 'asgi': {'version': '3.0', 'spec_version': '2.3'}, 'http_version': '1.1', 'server': ('127.0.0.1', 8000), 'cl...
          │    └ <fastapi.routing.APIRouter object at 0x707baff7aae0>
          └ <fastapi.middleware.asyncexitstack.AsyncExitStackMiddleware object at 0x707bafe88590>
  File "/home/serg/PycharmProjects/WordChain/backend/.venv/lib/python3.12/site-packages/starlette/routing.py", line 716, in __call__
    await self.middleware_stack(scope, receive, send)
          │    │                │      │        └ <function wrap_app_handling_exceptions.<locals>.wrapped_app.<locals>.sender at 0x707baf5062a0>
          │    │                │      └ <function BaseHTTPMiddleware.__call__.<locals>.call_next.<locals>.receive_or_disconnect at 0x707bafec0180>
          │    │                └ {'type': 'http', 'asgi': {'version': '3.0', 'spec_version': '2.3'}, 'http_version': '1.1', 'server': ('127.0.0.1', 8000), 'cl...
          │    └ <bound method Router.app of <fastapi.routing.APIRouter object at 0x707baff7aae0>>
          └ <fastapi.routing.APIRouter object at 0x707baff7aae0>
  File "/home/serg/PycharmProjects/WordChain/backend/.venv/lib/python3.12/site-packages/starlette/routing.py", line 736, in app
    await route.handle(scope, receive, send)
          │     │      │      │        └ <function wrap_app_handling_exceptions.<locals>.wrapped_app.<locals>.sender at 0x707baf5062a0>
          │     │      │      └ <function BaseHTTPMiddleware.__call__.<locals>.call_next.<locals>.receive_or_disconnect at 0x707bafec0180>
          │     │      └ {'type': 'http', 'asgi': {'version': '3.0', 'spec_version': '2.3'}, 'http_version': '1.1', 'server': ('127.0.0.1', 8000), 'cl...
          │     └ <function Route.handle at 0x707bb7302ca0>
          └ APIRoute(path='/get_synonyms', name='get_synonyms', methods=['POST'])
  File "/home/serg/PycharmProjects/WordChain/backend/.venv/lib/python3.12/site-packages/starlette/routing.py", line 290, in handle
    await self.app(scope, receive, send)
          │    │   │      │        └ <function wrap_app_handling_exceptions.<locals>.wrapped_app.<locals>.sender at 0x707baf5062a0>
          │    │   │      └ <function BaseHTTPMiddleware.__call__.<locals>.call_next.<locals>.receive_or_disconnect at 0x707bafec0180>
          │    │   └ {'type': 'http', 'asgi': {'version': '3.0', 'spec_version': '2.3'}, 'http_version': '1.1', 'server': ('127.0.0.1', 8000), 'cl...
          │    └ <function request_response.<locals>.app at 0x707bafe33ba0>
          └ APIRoute(path='/get_synonyms', name='get_synonyms', methods=['POST'])
  File "/home/serg/PycharmProjects/WordChain/backend/.venv/lib/python3.12/site-packages/fastapi/routing.py", line 120, in app
    await wrap_app_handling_exceptions(app, request)(scope, receive, send)
          │                            │    │        │      │        └ <function wrap_app_handling_exceptions.<locals>.wrapped_app.<locals>.sender at 0x707baf5062a0>
          │                            │    │        │      └ <function BaseHTTPMiddleware.__call__.<locals>.call_next.<locals>.receive_or_disconnect at 0x707bafec0180>
          │                            │    │        └ {'type': 'http', 'asgi': {'version': '3.0', 'spec_version': '2.3'}, 'http_version': '1.1', 'server': ('127.0.0.1', 8000), 'cl...
          │                            │    └ <starlette.requests.Request object at 0x707bafef2540>
          │                            └ <function request_response.<locals>.app.<locals>.app at 0x707baf506480>
          └ <function wrap_app_handling_exceptions at 0x707bb73016c0>
  File "/home/serg/PycharmProjects/WordChain/backend/.venv/lib/python3.12/site-packages/starlette/_exception_handler.py", line 53, in wrapped_app
    raise exc
  File "/home/serg/PycharmProjects/WordChain/backend/.venv/lib/python3.12/site-packages/starlette/_exception_handler.py", line 42, in wrapped_app
    await app(scope, receive, sender)
          │   │      │        └ <function wrap_app_handling_exceptions.<locals>.wrapped_app.<locals>.sender at 0x707baf5060c0>
          │   │      └ <function BaseHTTPMiddleware.__call__.<locals>.call_next.<locals>.receive_or_disconnect at 0x707bafec0180>
          │   └ {'type': 'http', 'asgi': {'version': '3.0', 'spec_version': '2.3'}, 'http_version': '1.1', 'server': ('127.0.0.1', 8000), 'cl...
          └ <function request_response.<locals>.app.<locals>.app at 0x707baf506480>
  File "/home/serg/PycharmProjects/WordChain/backend/.venv/lib/python3.12/site-packages/fastapi/routing.py", line 106, in app
    response = await f(request)
                     │ └ <starlette.requests.Request object at 0x707bafef2540>
                     └ <function get_request_handler.<locals>.app at 0x707bafe33a60>
  File "/home/serg/PycharmProjects/WordChain/backend/.venv/lib/python3.12/site-packages/fastapi/routing.py", line 427, in app
    raw_response = await run_endpoint_function(
                         └ <function run_endpoint_function at 0x707bb7318c20>
  File "/home/serg/PycharmProjects/WordChain/backend/.venv/lib/python3.12/site-packages/fastapi/routing.py", line 313, in run_endpoint_function
    return await dependant.call(**values)
                 │         │      └ {'req': WordReadRequest(user_id=2, word='seize')}
                 │         └ <function get_synonyms at 0x707bb4481c60>
                 └ Dependant(path_params=[], query_params=[], header_params=[], cookie_params=[], body_params=[ModelField(field_info=Body(Pydant...

  File "/home/serg/PycharmProjects/WordChain/backend/app/routers/get_word.py", line 49, in get_synonyms
    return WordReadResponse(
           └ <class 'app.schemas.word.WordReadResponse'>

  File "/home/serg/PycharmProjects/WordChain/backend/.venv/lib/python3.12/site-packages/pydantic/main.py", line 263, in __init__
    validated_self = self.__pydantic_validator__.validate_python(data, self_instance=self)
                     │    │                      │               │                   └ WordReadResponse()
                     │    │                      │               └ {'word': 'seize', 'translation': '', 'transcription': '', 'part_of_speech': '', 'synonyms': 'capture, grab, grasp, snatch, ta...
                     │    │                      └ <method 'validate_python' of 'pydantic_core._pydantic_core.SchemaValidator' objects>
                     │    └ SchemaValidator(title="WordReadResponse", validator=Model(
                     │          ModelValidator {
                     │              revalidate: Never,
                     │              validator:...
                     └ WordReadResponse()

pydantic_core._pydantic_core.ValidationError: 2 validation errors for WordReadResponse
synonyms
  Input should be a valid list [type=list_type, input_value='capture, grab, grasp, sn..., occupy, annex, secure', input_type=str]
    For further information visit https://errors.pydantic.dev/2.13/v/list_type
antonyms
  Input should be a valid list [type=list_type, input_value='', input_type=str]
    For further information visit https://errors.pydantic.dev/2.13/v/list_type
2026-05-22 17:35:39.521 | INFO     | app.main:log_requests:70 - Incoming request: POST http://127.0.0.1:8000/frontend-log
2026-05-22 17:35:39.521 | INFO     | app.routers.logs:receive_frontend_logs:10 - [ERROR] get_synonyms request failed {'error': 'Failed to fetch'}
2026-05-22 17:35:39.522 | INFO     | app.main:log_requests:78 - Response status: 200
2026-05-22 17:40:11.876 | INFO     | app.main:log_requests:70 - Incoming request: POST http://127.0.0.1:8000/frontend-log
2026-05-22 17:40:11.878 | INFO     | app.main:log_requests:70 - Incoming request: POST http://127.0.0.1:8000/get_synonyms
2026-05-22 17:40:11.879 | INFO     | app.routers.logs:receive_frontend_logs:10 - [INFO] get_synonyms request shape {'endpoint': '/get_synonyms', 'method': 'POST', 'hasEndpoint': True, 'hasWord': True, 'hasUser': True}
2026-05-22 17:40:11.880 | INFO     | app.main:log_requests:78 - Response status: 200
2026-05-22 17:40:11.880 | INFO     | app.routers.get_word:get_synonyms:42 - Get synonyms attempt: user_id=2 word='seize'
2026-05-22 17:40:13.442 | INFO     | app.routers.get_word:get_synonyms:48 - Get synonyms success: seize
2026-05-22 17:40:13.442 | INFO     | app.main:log_requests:78 - Response status: 200
2026-05-22 17:40:13.445 | INFO     | app.main:log_requests:70 - Incoming request: POST http://127.0.0.1:8000/frontend-log
2026-05-22 17:40:13.446 | INFO     | app.routers.logs:receive_frontend_logs:10 - [INFO] get_synonyms response shape {'keys': ['word', 'translation', 'part_of_speech', 'transcription', 'examples', 'synonyms', 'antonyms', 'sentences']}
2026-05-22 17:40:13.446 | INFO     | app.main:log_requests:78 - Response status: 200
2026-05-22 17:41:44.197 | INFO     | app.main:log_requests:70 - Incoming request: POST http://127.0.0.1:8000/frontend-log
2026-05-22 17:41:44.198 | INFO     | app.main:log_requests:70 - Incoming request: POST http://127.0.0.1:8000/frontend-log
2026-05-22 17:41:44.199 | INFO     | app.main:log_requests:70 - Incoming request: POST http://127.0.0.1:8000/frontend-log
2026-05-22 17:41:44.199 | INFO     | app.main:log_requests:70 - Incoming request: OPTIONS http://127.0.0.1:8000/me
2026-05-22 17:41:44.200 | INFO     | app.routers.logs:receive_frontend_logs:10 - [INFO] Translate screen render start {}
2026-05-22 17:41:44.202 | INFO     | app.main:log_requests:78 - Response status: 200
2026-05-22 17:41:44.202 | INFO     | app.routers.logs:receive_frontend_logs:10 - [INFO] Translate screen node {'found': True}
2026-05-22 17:41:44.203 | INFO     | app.main:log_requests:78 - Response status: 200
2026-05-22 17:41:44.204 | INFO     | app.main:log_requests:78 - Response status: 200
2026-05-22 17:41:44.205 | INFO     | app.routers.logs:receive_frontend_logs:10 - [INFO] Me request shape {'endpoint': '/me', 'method': 'GET', 'hasToken': True}
2026-05-22 17:41:44.206 | INFO     | app.main:log_requests:78 - Response status: 200
2026-05-22 17:41:44.209 | INFO     | app.main:log_requests:70 - Incoming request: GET http://127.0.0.1:8000/me
2026-05-22 17:41:44.223 | INFO     | app.routers.auth:get_me:53 - Get current user. 2 - Sergey
2026-05-22 17:41:44.224 | INFO     | app.main:log_requests:78 - Response status: 200
2026-05-22 17:41:44.267 | INFO     | app.main:log_requests:70 - Incoming request: POST http://127.0.0.1:8000/frontend-log
2026-05-22 17:41:44.268 | INFO     | app.main:log_requests:70 - Incoming request: POST http://127.0.0.1:8000/frontend-log
2026-05-22 17:41:44.269 | INFO     | app.routers.logs:receive_frontend_logs:10 - [INFO] Me response shape {'keys': ['nickname', 'email', 'avatar_url', 'is_guest', 'is_premium', 'id', 'created_at', 'last_login'], 'isGuest': False}
2026-05-22 17:41:44.269 | INFO     | app.main:log_requests:78 - Response status: 200
2026-05-22 17:41:44.270 | INFO     | app.routers.logs:receive_frontend_logs:10 - [INFO] Init user success {'hasUser': True}
2026-05-22 17:41:44.270 | INFO     | app.main:log_requests:78 - Response status: 200
2026-05-22 17:41:49.090 | INFO     | app.main:log_requests:70 - Incoming request: POST http://127.0.0.1:8000/frontend-log
2026-05-22 17:41:49.092 | INFO     | app.main:log_requests:70 - Incoming request: OPTIONS http://127.0.0.1:8000/get_sets
2026-05-22 17:41:49.093 | INFO     | app.main:log_requests:78 - Response status: 200
2026-05-22 17:41:49.094 | INFO     | app.routers.logs:receive_frontend_logs:10 - [INFO] Sets screen render start {}
2026-05-22 17:41:49.095 | INFO     | app.main:log_requests:78 - Response status: 200
2026-05-22 17:41:49.096 | INFO     | app.main:log_requests:70 - Incoming request: POST http://127.0.0.1:8000/get_sets
2026-05-22 17:41:49.098 | INFO     | app.routers.get_sets:get_sets:11 - Getting Sets attempt: name='Sergey'
2026-05-22 17:41:49.108 | INFO     | app.routers.get_sets:get_sets:16 - Getting Sets success: [{'id': 1, 'name': 'Set-1', 'word_ids': [6, 5, 4, 3, 2, 1]}, {'id': 2, 'name': 'Set-2', 'word_ids': [12, 11, 10, 9, 8, 7]}, {'id': 5, 'name': 'Set-3', 'word_ids': [30, 29, 28, 27, 26, 25]}, {'id': 6, 'name': 'Set-4', 'word_ids': [36, 35, 34, 33, 32, 31]}, {'id': 7, 'name': 'Set-5', 'word_ids': [42, 41, 40, 39, 38, 37]}, {'id': 8, 'name': 'Set-6', 'word_ids': [48, 47, 46, 45, 44, 43]}]
2026-05-22 17:41:49.108 | INFO     | app.main:log_requests:78 - Response status: 200
2026-05-22 17:41:49.112 | INFO     | app.main:log_requests:70 - Incoming request: POST http://127.0.0.1:8000/frontend-log
2026-05-22 17:41:49.112 | INFO     | app.routers.logs:receive_frontend_logs:10 - [INFO] Get sets of Sergey request sent {}
2026-05-22 17:41:49.112 | INFO     | app.main:log_requests:78 - Response status: 200
2026-05-22 17:41:50.184 | INFO     | app.main:log_requests:70 - Incoming request: OPTIONS http://127.0.0.1:8000/get_words
2026-05-22 17:41:50.184 | INFO     | app.main:log_requests:78 - Response status: 200
2026-05-22 17:41:50.188 | INFO     | app.main:log_requests:70 - Incoming request: POST http://127.0.0.1:8000/get_words
2026-05-22 17:41:50.189 | INFO     | app.routers.get_words_from_set:get_words:11 - Getting Sets attempt: word_ids=[6, 5, 4, 3, 2, 1]
2026-05-22 17:41:50.189 | INFO     | app.services.set_service:get_words_from_set:128 - [GET WORDS] Start fetching words for IDs: [6, 5, 4, 3, 2, 1]
2026-05-22 17:41:50.189 | INFO     | app.services.set_service:get_words_from_set:131 - [GET WORDS] Fetching words for ID: 6
2026-05-22 17:41:50.194 | INFO     | app.services.set_service:get_words_from_set:139 - [GET WORDS] Found word: id=6, word='seize'
2026-05-22 17:41:50.194 | INFO     | app.services.set_service:get_words_from_set:131 - [GET WORDS] Fetching words for ID: 5
2026-05-22 17:41:50.196 | INFO     | app.services.set_service:get_words_from_set:139 - [GET WORDS] Found word: id=5, word='settle'
2026-05-22 17:41:50.196 | INFO     | app.services.set_service:get_words_from_set:131 - [GET WORDS] Fetching words for ID: 4
2026-05-22 17:41:50.197 | INFO     | app.services.set_service:get_words_from_set:139 - [GET WORDS] Found word: id=4, word='suit'
2026-05-22 17:41:50.197 | INFO     | app.services.set_service:get_words_from_set:131 - [GET WORDS] Fetching words for ID: 3
2026-05-22 17:41:50.199 | INFO     | app.services.set_service:get_words_from_set:139 - [GET WORDS] Found word: id=3, word='request'
2026-05-22 17:41:50.199 | INFO     | app.services.set_service:get_words_from_set:131 - [GET WORDS] Fetching words for ID: 2
2026-05-22 17:41:50.200 | INFO     | app.services.set_service:get_words_from_set:139 - [GET WORDS] Found word: id=2, word='rise'
2026-05-22 17:41:50.200 | INFO     | app.services.set_service:get_words_from_set:131 - [GET WORDS] Fetching words for ID: 1
2026-05-22 17:41:50.201 | INFO     | app.services.set_service:get_words_from_set:139 - [GET WORDS] Found word: id=1, word='enterprise'
2026-05-22 17:41:50.201 | INFO     | app.services.set_service:get_words_from_set:141 - [GET WORDS] Final result list: [{'id': 6, 'word': 'seize'}, {'id': 5, 'word': 'settle'}, {'id': 4, 'word': 'suit'}, {'id': 3, 'word': 'request'}, {'id': 2, 'word': 'rise'}, {'id': 1, 'word': 'enterprise'}]
2026-05-22 17:41:50.202 | INFO     | app.routers.get_words_from_set:get_words:16 - Getting Sets success: [{'id': 6, 'word': 'seize'}, {'id': 5, 'word': 'settle'}, {'id': 4, 'word': 'suit'}, {'id': 3, 'word': 'request'}, {'id': 2, 'word': 'rise'}, {'id': 1, 'word': 'enterprise'}]
2026-05-22 17:41:50.202 | INFO     | app.main:log_requests:78 - Response status: 200
2026-05-22 17:41:50.206 | INFO     | app.main:log_requests:70 - Incoming request: POST http://127.0.0.1:8000/frontend-log
2026-05-22 17:41:50.206 | INFO     | app.routers.logs:receive_frontend_logs:10 - [INFO] Get words from Set-1 request sent {}
2026-05-22 17:41:50.207 | INFO     | app.main:log_requests:78 - Response status: 200
2026-05-22 17:41:51.130 | INFO     | app.main:log_requests:70 - Incoming request: POST http://127.0.0.1:8000/frontend-log
2026-05-22 17:41:51.132 | INFO     | app.main:log_requests:70 - Incoming request: POST http://127.0.0.1:8000/frontend-log
2026-05-22 17:41:51.134 | INFO     | app.main:log_requests:70 - Incoming request: POST http://127.0.0.1:8000/frontend-log
2026-05-22 17:41:51.135 | INFO     | app.main:log_requests:70 - Incoming request: POST http://127.0.0.1:8000/frontend-log
2026-05-22 17:41:51.136 | INFO     | app.routers.logs:receive_frontend_logs:10 - [INFO] Word settle clicked {'word': 'settle'}
2026-05-22 17:41:51.136 | INFO     | app.main:log_requests:70 - Incoming request: POST http://127.0.0.1:8000/frontend-log
2026-05-22 17:41:51.136 | INFO     | app.main:log_requests:70 - Incoming request: POST http://127.0.0.1:8000/frontend-log
2026-05-22 17:41:51.137 | INFO     | app.main:log_requests:78 - Response status: 200
2026-05-22 17:41:51.137 | INFO     | app.routers.logs:receive_frontend_logs:10 - [INFO] Word screen render start {}
2026-05-22 17:41:51.138 | INFO     | app.routers.logs:receive_frontend_logs:10 - [INFO] Word screen node {'found': True}
2026-05-22 17:41:51.138 | INFO     | app.routers.logs:receive_frontend_logs:10 - [INFO] Word request from the base {}
2026-05-22 17:41:51.138 | INFO     | app.main:log_requests:78 - Response status: 200
2026-05-22 17:41:51.139 | INFO     | app.main:log_requests:78 - Response status: 200
2026-05-22 17:41:51.139 | INFO     | app.main:log_requests:78 - Response status: 200
2026-05-22 17:41:51.140 | INFO     | app.routers.logs:receive_frontend_logs:10 - [INFO] Word request start {'endpoint': '/get_word', 'word': 'settle', 'user_id': 2, 'languge': ''}
2026-05-22 17:41:51.140 | INFO     | app.routers.logs:receive_frontend_logs:10 - [INFO] get_word request shape {'endpoint': '/get_word', 'method': 'POST', 'hasEndpoint': True, 'hasWord': True, 'hasUser': True}
2026-05-22 17:41:51.141 | INFO     | app.main:log_requests:78 - Response status: 200
2026-05-22 17:41:51.141 | INFO     | app.main:log_requests:78 - Response status: 200
2026-05-22 17:41:51.144 | INFO     | app.main:log_requests:70 - Incoming request: OPTIONS http://127.0.0.1:8000/get_word
2026-05-22 17:41:51.144 | INFO     | app.main:log_requests:78 - Response status: 200
2026-05-22 17:41:51.146 | INFO     | app.main:log_requests:70 - Incoming request: POST http://127.0.0.1:8000/get_word
2026-05-22 17:41:51.146 | INFO     | app.routers.get_word:get_word:15 - Reading Word attempt: user_id=2 word='settle'
2026-05-22 17:41:51.149 | INFO     | app.routers.get_word:get_word:21 - Reading word success: settle
2026-05-22 17:41:51.150 | ERROR    | app.main:log_requests:75 - Unhandled error: 2 validation errors for WordReadResponse
examples
  Input should be a valid string [type=string_type, input_value=[], input_type=list]
    For further information visit https://errors.pydantic.dev/2.13/v/string_type
synonyms
  Input should be a valid string [type=string_type, input_value=[], input_type=list]
    For further information visit https://errors.pydantic.dev/2.13/v/string_type
Traceback (most recent call last):

  File "<string>", line 1, in <module>
  File "/usr/lib/python3.12/multiprocessing/spawn.py", line 122, in spawn_main
    exitcode = _main(fd, parent_sentinel)
               │     │   └ 4
               │     └ 7
               └ <function _main at 0x738c9fde1c60>
  File "/usr/lib/python3.12/multiprocessing/spawn.py", line 135, in _main
    return self._bootstrap(parent_sentinel)
           │    │          └ 4
           │    └ <function BaseProcess._bootstrap at 0x738c9febff60>
           └ <SpawnProcess name='SpawnProcess-16' parent=4711 started>
  File "/usr/lib/python3.12/multiprocessing/process.py", line 314, in _bootstrap
    self.run()
    │    └ <function BaseProcess.run at 0x738c9febf4c0>
    └ <SpawnProcess name='SpawnProcess-16' parent=4711 started>
  File "/usr/lib/python3.12/multiprocessing/process.py", line 108, in run
    self._target(*self._args, **self._kwargs)
    │    │        │    │        │    └ {'config': <uvicorn.config.Config object at 0x738c9f2a8110>, 'target': <bound method Server.run of <uvicorn.server.Server obj...
    │    │        │    │        └ <SpawnProcess name='SpawnProcess-16' parent=4711 started>
    │    │        │    └ ()
    │    │        └ <SpawnProcess name='SpawnProcess-16' parent=4711 started>
    │    └ <function subprocess_started at 0x738c9f0a1b20>
    └ <SpawnProcess name='SpawnProcess-16' parent=4711 started>
  File "/home/serg/PycharmProjects/WordChain/backend/.venv/lib/python3.12/site-packages/uvicorn/_subprocess.py", line 80, in subprocess_started
    target(sockets=sockets)
    │              └ [<socket.socket fd=3, family=2, type=1, proto=0, laddr=('127.0.0.1', 8000)>]
    └ <bound method Server.run of <uvicorn.server.Server object at 0x738c9f0ea3f0>>
  File "/home/serg/PycharmProjects/WordChain/backend/.venv/lib/python3.12/site-packages/uvicorn/server.py", line 67, in run
    return asyncio_run(self.serve(sockets=sockets), loop_factory=self.config.get_loop_factory())
           │           │    │             │                      │    │      └ <function Config.get_loop_factory at 0x738c9f290d60>
           │           │    │             │                      │    └ <uvicorn.config.Config object at 0x738c9f2a8110>
           │           │    │             │                      └ <uvicorn.server.Server object at 0x738c9f0ea3f0>
           │           │    │             └ [<socket.socket fd=3, family=2, type=1, proto=0, laddr=('127.0.0.1', 8000)>]
           │           │    └ <function Server.serve at 0x738c9f0a0ea0>
           │           └ <uvicorn.server.Server object at 0x738c9f0ea3f0>
           └ <function run at 0x738c9f962c00>
  File "/usr/lib/python3.12/asyncio/runners.py", line 194, in run
    return runner.run(main)
           │      │   └ <coroutine object Server.serve at 0x738c9fe449e0>
           │      └ <function Runner.run at 0x738c9f9c2340>
           └ <asyncio.runners.Runner object at 0x738c9fbbf800>
  File "/usr/lib/python3.12/asyncio/runners.py", line 118, in run
    return self._loop.run_until_complete(task)
           │    │     │                  └ <Task pending name='Task-1' coro=<Server.serve() running at /home/serg/PycharmProjects/WordChain/backend/.venv/lib/python3.12...
           │    │     └ <function BaseEventLoop.run_until_complete at 0x738c9f9bbf60>
           │    └ <_UnixSelectorEventLoop running=True closed=False debug=False>
           └ <asyncio.runners.Runner object at 0x738c9fbbf800>
  File "/usr/lib/python3.12/asyncio/base_events.py", line 674, in run_until_complete
    self.run_forever()
    │    └ <function BaseEventLoop.run_forever at 0x738c9f9bbec0>
    └ <_UnixSelectorEventLoop running=True closed=False debug=False>
  File "/usr/lib/python3.12/asyncio/base_events.py", line 641, in run_forever
    self._run_once()
    │    └ <function BaseEventLoop._run_once at 0x738c9f9c1d00>
    └ <_UnixSelectorEventLoop running=True closed=False debug=False>
  File "/usr/lib/python3.12/asyncio/base_events.py", line 1987, in _run_once
    handle._run()
    │      └ <function Handle._run at 0x738c9fbf6200>
    └ <Handle Task.task_wakeup(<Future finished result=True>)>
  File "/usr/lib/python3.12/asyncio/events.py", line 88, in _run
    self._context.run(self._callback, *self._args)
    │    │            │    │           │    └ <member '_args' of 'Handle' objects>
    │    │            │    │           └ <Handle Task.task_wakeup(<Future finished result=True>)>
    │    │            │    └ <member '_callback' of 'Handle' objects>
    │    │            └ <Handle Task.task_wakeup(<Future finished result=True>)>
    │    └ <member '_context' of 'Handle' objects>
    └ <Handle Task.task_wakeup(<Future finished result=True>)>
  File "/home/serg/PycharmProjects/WordChain/backend/.venv/lib/python3.12/site-packages/uvicorn/protocols/http/h11_impl.py", line 410, in run_asgi
    result = await app(  # type: ignore[func-returns-value]
                   └ <uvicorn.middleware.proxy_headers.ProxyHeadersMiddleware object at 0x738c9f0e94f0>
  File "/home/serg/PycharmProjects/WordChain/backend/.venv/lib/python3.12/site-packages/uvicorn/middleware/proxy_headers.py", line 60, in __call__
    return await self.app(scope, receive, send)
                 │    │   │      │        └ <bound method RequestResponseCycle.send of <uvicorn.protocols.http.h11_impl.RequestResponseCycle object at 0x738c95887f50>>
                 │    │   │      └ <bound method RequestResponseCycle.receive of <uvicorn.protocols.http.h11_impl.RequestResponseCycle object at 0x738c95887f50>>
                 │    │   └ {'type': 'http', 'asgi': {'version': '3.0', 'spec_version': '2.3'}, 'http_version': '1.1', 'server': ('127.0.0.1', 8000), 'cl...
                 │    └ <fastapi.applications.FastAPI object at 0x738c97186a50>
                 └ <uvicorn.middleware.proxy_headers.ProxyHeadersMiddleware object at 0x738c9f0e94f0>
  File "/home/serg/PycharmProjects/WordChain/backend/.venv/lib/python3.12/site-packages/fastapi/applications.py", line 1135, in __call__
    await super().__call__(scope, receive, send)
                           │      │        └ <bound method RequestResponseCycle.send of <uvicorn.protocols.http.h11_impl.RequestResponseCycle object at 0x738c95887f50>>
                           │      └ <bound method RequestResponseCycle.receive of <uvicorn.protocols.http.h11_impl.RequestResponseCycle object at 0x738c95887f50>>
                           └ {'type': 'http', 'asgi': {'version': '3.0', 'spec_version': '2.3'}, 'http_version': '1.1', 'server': ('127.0.0.1', 8000), 'cl...
  File "/home/serg/PycharmProjects/WordChain/backend/.venv/lib/python3.12/site-packages/starlette/applications.py", line 107, in __call__
    await self.middleware_stack(scope, receive, send)
          │    │                │      │        └ <bound method RequestResponseCycle.send of <uvicorn.protocols.http.h11_impl.RequestResponseCycle object at 0x738c95887f50>>
          │    │                │      └ <bound method RequestResponseCycle.receive of <uvicorn.protocols.http.h11_impl.RequestResponseCycle object at 0x738c95887f50>>
          │    │                └ {'type': 'http', 'asgi': {'version': '3.0', 'spec_version': '2.3'}, 'http_version': '1.1', 'server': ('127.0.0.1', 8000), 'cl...
          │    └ <starlette.middleware.errors.ServerErrorMiddleware object at 0x738c96ce0740>
          └ <fastapi.applications.FastAPI object at 0x738c97186a50>
  File "/home/serg/PycharmProjects/WordChain/backend/.venv/lib/python3.12/site-packages/starlette/middleware/errors.py", line 164, in __call__
    await self.app(scope, receive, _send)
          │    │   │      │        └ <function ServerErrorMiddleware.__call__.<locals>._send at 0x738c95a77380>
          │    │   │      └ <bound method RequestResponseCycle.receive of <uvicorn.protocols.http.h11_impl.RequestResponseCycle object at 0x738c95887f50>>
          │    │   └ {'type': 'http', 'asgi': {'version': '3.0', 'spec_version': '2.3'}, 'http_version': '1.1', 'server': ('127.0.0.1', 8000), 'cl...
          │    └ <starlette.middleware.base.BaseHTTPMiddleware object at 0x738c973dde20>
          └ <starlette.middleware.errors.ServerErrorMiddleware object at 0x738c96ce0740>
  File "/home/serg/PycharmProjects/WordChain/backend/.venv/lib/python3.12/site-packages/starlette/middleware/base.py", line 193, in __call__
    response = await self.dispatch_func(request, call_next)
                     │    │             │        └ <function BaseHTTPMiddleware.__call__.<locals>.call_next at 0x738c95a76980>
                     │    │             └ <starlette.middleware.base._CachedRequest object at 0x738c95885cd0>
                     │    └ <function log_requests at 0x738c96cdc4a0>
                     └ <starlette.middleware.base.BaseHTTPMiddleware object at 0x738c973dde20>

> File "/home/serg/PycharmProjects/WordChain/backend/app/main.py", line 73, in log_requests
    response = await call_next(request)
                     │         └ <starlette.middleware.base._CachedRequest object at 0x738c95885cd0>
                     └ <function BaseHTTPMiddleware.__call__.<locals>.call_next at 0x738c95a76980>

  File "/home/serg/PycharmProjects/WordChain/backend/.venv/lib/python3.12/site-packages/starlette/middleware/base.py", line 168, in call_next
    raise app_exc from app_exc.__cause__ or app_exc.__context__
          │            │       │            │       └ <attribute '__context__' of 'BaseException' objects>
          │            │       │            └ 2 validation errors for WordReadResponse
          │            │       │              examples
          │            │       │                Input should be a valid string [type=string_type, input_value=[], input_t...
          │            │       └ <attribute '__cause__' of 'BaseException' objects>
          │            └ 2 validation errors for WordReadResponse
          │              examples
          │                Input should be a valid string [type=string_type, input_value=[], input_t...
          └ 2 validation errors for WordReadResponse
            examples
              Input should be a valid string [type=string_type, input_value=[], input_t...
  File "/home/serg/PycharmProjects/WordChain/backend/.venv/lib/python3.12/site-packages/starlette/middleware/base.py", line 144, in coro
    await self.app(scope, receive_or_disconnect, send_no_error)
          │    │   │      │                      └ <function BaseHTTPMiddleware.__call__.<locals>.call_next.<locals>.send_no_error at 0x738c96362980>
          │    │   │      └ <function BaseHTTPMiddleware.__call__.<locals>.call_next.<locals>.receive_or_disconnect at 0x738c95a77100>
          │    │   └ {'type': 'http', 'asgi': {'version': '3.0', 'spec_version': '2.3'}, 'http_version': '1.1', 'server': ('127.0.0.1', 8000), 'cl...
          │    └ <starlette.middleware.cors.CORSMiddleware object at 0x738c96ce02c0>
          └ <starlette.middleware.base.BaseHTTPMiddleware object at 0x738c973dde20>
  File "/home/serg/PycharmProjects/WordChain/backend/.venv/lib/python3.12/site-packages/starlette/middleware/cors.py", line 93, in __call__
    await self.simple_response(scope, receive, send, request_headers=headers)
          │    │               │      │        │                     └ Headers({'host': '127.0.0.1:8000', 'connection': 'keep-alive', 'content-length': '29', 'sec-ch-ua-platform': '"Linux"', 'auth...
          │    │               │      │        └ <function BaseHTTPMiddleware.__call__.<locals>.call_next.<locals>.send_no_error at 0x738c96362980>
          │    │               │      └ <function BaseHTTPMiddleware.__call__.<locals>.call_next.<locals>.receive_or_disconnect at 0x738c95a77100>
          │    │               └ {'type': 'http', 'asgi': {'version': '3.0', 'spec_version': '2.3'}, 'http_version': '1.1', 'server': ('127.0.0.1', 8000), 'cl...
          │    └ <function CORSMiddleware.simple_response at 0x738c9e253740>
          └ <starlette.middleware.cors.CORSMiddleware object at 0x738c96ce02c0>
  File "/home/serg/PycharmProjects/WordChain/backend/.venv/lib/python3.12/site-packages/starlette/middleware/cors.py", line 144, in simple_response
    await self.app(scope, receive, send)
          │    │   │      │        └ functools.partial(<bound method CORSMiddleware.send of <starlette.middleware.cors.CORSMiddleware object at 0x738c96ce02c0>>, ...
          │    │   │      └ <function BaseHTTPMiddleware.__call__.<locals>.call_next.<locals>.receive_or_disconnect at 0x738c95a77100>
          │    │   └ {'type': 'http', 'asgi': {'version': '3.0', 'spec_version': '2.3'}, 'http_version': '1.1', 'server': ('127.0.0.1', 8000), 'cl...
          │    └ <starlette.middleware.exceptions.ExceptionMiddleware object at 0x738c96ce0710>
          └ <starlette.middleware.cors.CORSMiddleware object at 0x738c96ce02c0>
  File "/home/serg/PycharmProjects/WordChain/backend/.venv/lib/python3.12/site-packages/starlette/middleware/exceptions.py", line 63, in __call__
    await wrap_app_handling_exceptions(self.app, conn)(scope, receive, send)
          │                            │    │    │     │      │        └ functools.partial(<bound method CORSMiddleware.send of <starlette.middleware.cors.CORSMiddleware object at 0x738c96ce02c0>>, ...
          │                            │    │    │     │      └ <function BaseHTTPMiddleware.__call__.<locals>.call_next.<locals>.receive_or_disconnect at 0x738c95a77100>
          │                            │    │    │     └ {'type': 'http', 'asgi': {'version': '3.0', 'spec_version': '2.3'}, 'http_version': '1.1', 'server': ('127.0.0.1', 8000), 'cl...
          │                            │    │    └ <starlette.requests.Request object at 0x738c95886db0>
          │                            │    └ <fastapi.middleware.asyncexitstack.AsyncExitStackMiddleware object at 0x738c96ce06e0>
          │                            └ <starlette.middleware.exceptions.ExceptionMiddleware object at 0x738c96ce0710>
          └ <function wrap_app_handling_exceptions at 0x738c9e2016c0>
  File "/home/serg/PycharmProjects/WordChain/backend/.venv/lib/python3.12/site-packages/starlette/_exception_handler.py", line 53, in wrapped_app
    raise exc
  File "/home/serg/PycharmProjects/WordChain/backend/.venv/lib/python3.12/site-packages/starlette/_exception_handler.py", line 42, in wrapped_app
    await app(scope, receive, sender)
          │   │      │        └ <function wrap_app_handling_exceptions.<locals>.wrapped_app.<locals>.sender at 0x738c95847ec0>
          │   │      └ <function BaseHTTPMiddleware.__call__.<locals>.call_next.<locals>.receive_or_disconnect at 0x738c95a77100>
          │   └ {'type': 'http', 'asgi': {'version': '3.0', 'spec_version': '2.3'}, 'http_version': '1.1', 'server': ('127.0.0.1', 8000), 'cl...
          └ <fastapi.middleware.asyncexitstack.AsyncExitStackMiddleware object at 0x738c96ce06e0>
  File "/home/serg/PycharmProjects/WordChain/backend/.venv/lib/python3.12/site-packages/fastapi/middleware/asyncexitstack.py", line 18, in __call__
    await self.app(scope, receive, send)
          │    │   │      │        └ <function wrap_app_handling_exceptions.<locals>.wrapped_app.<locals>.sender at 0x738c95847ec0>
          │    │   │      └ <function BaseHTTPMiddleware.__call__.<locals>.call_next.<locals>.receive_or_disconnect at 0x738c95a77100>
          │    │   └ {'type': 'http', 'asgi': {'version': '3.0', 'spec_version': '2.3'}, 'http_version': '1.1', 'server': ('127.0.0.1', 8000), 'cl...
          │    └ <fastapi.routing.APIRouter object at 0x738c96dd1700>
          └ <fastapi.middleware.asyncexitstack.AsyncExitStackMiddleware object at 0x738c96ce06e0>
  File "/home/serg/PycharmProjects/WordChain/backend/.venv/lib/python3.12/site-packages/starlette/routing.py", line 716, in __call__
    await self.middleware_stack(scope, receive, send)
          │    │                │      │        └ <function wrap_app_handling_exceptions.<locals>.wrapped_app.<locals>.sender at 0x738c95847ec0>
          │    │                │      └ <function BaseHTTPMiddleware.__call__.<locals>.call_next.<locals>.receive_or_disconnect at 0x738c95a77100>
          │    │                └ {'type': 'http', 'asgi': {'version': '3.0', 'spec_version': '2.3'}, 'http_version': '1.1', 'server': ('127.0.0.1', 8000), 'cl...
          │    └ <bound method Router.app of <fastapi.routing.APIRouter object at 0x738c96dd1700>>
          └ <fastapi.routing.APIRouter object at 0x738c96dd1700>
  File "/home/serg/PycharmProjects/WordChain/backend/.venv/lib/python3.12/site-packages/starlette/routing.py", line 736, in app
    await route.handle(scope, receive, send)
          │     │      │      │        └ <function wrap_app_handling_exceptions.<locals>.wrapped_app.<locals>.sender at 0x738c95847ec0>
          │     │      │      └ <function BaseHTTPMiddleware.__call__.<locals>.call_next.<locals>.receive_or_disconnect at 0x738c95a77100>
          │     │      └ {'type': 'http', 'asgi': {'version': '3.0', 'spec_version': '2.3'}, 'http_version': '1.1', 'server': ('127.0.0.1', 8000), 'cl...
          │     └ <function Route.handle at 0x738c9e202ca0>
          └ APIRoute(path='/get_word', name='get_word', methods=['POST'])
  File "/home/serg/PycharmProjects/WordChain/backend/.venv/lib/python3.12/site-packages/starlette/routing.py", line 290, in handle
    await self.app(scope, receive, send)
          │    │   │      │        └ <function wrap_app_handling_exceptions.<locals>.wrapped_app.<locals>.sender at 0x738c95847ec0>
          │    │   │      └ <function BaseHTTPMiddleware.__call__.<locals>.call_next.<locals>.receive_or_disconnect at 0x738c95a77100>
          │    │   └ {'type': 'http', 'asgi': {'version': '3.0', 'spec_version': '2.3'}, 'http_version': '1.1', 'server': ('127.0.0.1', 8000), 'cl...
          │    └ <function request_response.<locals>.app at 0x738c96c8f560>
          └ APIRoute(path='/get_word', name='get_word', methods=['POST'])
  File "/home/serg/PycharmProjects/WordChain/backend/.venv/lib/python3.12/site-packages/fastapi/routing.py", line 120, in app
    await wrap_app_handling_exceptions(app, request)(scope, receive, send)
          │                            │    │        │      │        └ <function wrap_app_handling_exceptions.<locals>.wrapped_app.<locals>.sender at 0x738c95847ec0>
          │                            │    │        │      └ <function BaseHTTPMiddleware.__call__.<locals>.call_next.<locals>.receive_or_disconnect at 0x738c95a77100>
          │                            │    │        └ {'type': 'http', 'asgi': {'version': '3.0', 'spec_version': '2.3'}, 'http_version': '1.1', 'server': ('127.0.0.1', 8000), 'cl...
          │                            │    └ <starlette.requests.Request object at 0x738c95884c80>
          │                            └ <function request_response.<locals>.app.<locals>.app at 0x738c95847f60>
          └ <function wrap_app_handling_exceptions at 0x738c9e2016c0>
  File "/home/serg/PycharmProjects/WordChain/backend/.venv/lib/python3.12/site-packages/starlette/_exception_handler.py", line 53, in wrapped_app
    raise exc
  File "/home/serg/PycharmProjects/WordChain/backend/.venv/lib/python3.12/site-packages/starlette/_exception_handler.py", line 42, in wrapped_app
    await app(scope, receive, sender)
          │   │      │        └ <function wrap_app_handling_exceptions.<locals>.wrapped_app.<locals>.sender at 0x738c95847d80>
          │   │      └ <function BaseHTTPMiddleware.__call__.<locals>.call_next.<locals>.receive_or_disconnect at 0x738c95a77100>
          │   └ {'type': 'http', 'asgi': {'version': '3.0', 'spec_version': '2.3'}, 'http_version': '1.1', 'server': ('127.0.0.1', 8000), 'cl...
          └ <function request_response.<locals>.app.<locals>.app at 0x738c95847f60>
  File "/home/serg/PycharmProjects/WordChain/backend/.venv/lib/python3.12/site-packages/fastapi/routing.py", line 106, in app
    response = await f(request)
                     │ └ <starlette.requests.Request object at 0x738c95884c80>
                     └ <function get_request_handler.<locals>.app at 0x738c96c8f420>
  File "/home/serg/PycharmProjects/WordChain/backend/.venv/lib/python3.12/site-packages/fastapi/routing.py", line 427, in app
    raw_response = await run_endpoint_function(
                         └ <function run_endpoint_function at 0x738c9e218c20>
  File "/home/serg/PycharmProjects/WordChain/backend/.venv/lib/python3.12/site-packages/fastapi/routing.py", line 313, in run_endpoint_function
    return await dependant.call(**values)
                 │         │      └ {'req': WordReadRequest(user_id=2, word='settle')}
                 │         └ <function get_word at 0x738c9c6c4220>
                 └ Dependant(path_params=[], query_params=[], header_params=[], cookie_params=[], body_params=[ModelField(field_info=Body(Pydant...

  File "/home/serg/PycharmProjects/WordChain/backend/app/routers/get_word.py", line 22, in get_word
    return WordReadResponse.model_validate(result)
           │                │              └ <app.db.models.word.Word object at 0x738c9585f830>
           │                └ <classmethod(<function BaseModel.model_validate at 0x738c9e8d6c00>)>
           └ <class 'app.schemas.word.WordReadResponse'>

  File "/home/serg/PycharmProjects/WordChain/backend/.venv/lib/python3.12/site-packages/pydantic/main.py", line 732, in model_validate
    return cls.__pydantic_validator__.validate_python(
           │   │                      └ <method 'validate_python' of 'pydantic_core._pydantic_core.SchemaValidator' objects>
           │   └ SchemaValidator(title="WordReadResponse", validator=Model(
           │         ModelValidator {
           │             revalidate: Never,
           │             validator:...
           └ <class 'app.schemas.word.WordReadResponse'>

pydantic_core._pydantic_core.ValidationError: 2 validation errors for WordReadResponse
examples
  Input should be a valid string [type=string_type, input_value=[], input_type=list]
    For further information visit https://errors.pydantic.dev/2.13/v/string_type
synonyms
  Input should be a valid string [type=string_type, input_value=[], input_type=list]
    For further information visit https://errors.pydantic.dev/2.13/v/string_type
2026-05-22 17:41:51.163 | INFO     | app.main:log_requests:70 - Incoming request: POST http://127.0.0.1:8000/frontend-log
2026-05-22 17:41:51.164 | INFO     | app.main:log_requests:70 - Incoming request: POST http://127.0.0.1:8000/frontend-log
2026-05-22 17:41:51.164 | INFO     | app.main:log_requests:70 - Incoming request: POST http://127.0.0.1:8000/frontend-log
2026-05-22 17:41:51.164 | INFO     | app.routers.logs:receive_frontend_logs:10 - [ERROR] get_word request failed {'error': 'Failed to fetch'}
2026-05-22 17:41:51.165 | INFO     | app.main:log_requests:78 - Response status: 200
2026-05-22 17:41:51.165 | INFO     | app.routers.logs:receive_frontend_logs:10 - [ERROR] Word request failed in UI {'error': 'Failed to fetch'}
2026-05-22 17:41:51.166 | INFO     | app.routers.logs:receive_frontend_logs:10 - [INFO] Word details loaded {'word': 'settle', 'hasData': False}
2026-05-22 17:41:51.166 | INFO     | app.main:log_requests:78 - Response status: 200
2026-05-22 17:41:51.167 | INFO     | app.main:log_requests:78 - Response status: 200
2026-05-22 17:42:02.032 | INFO     | app.main:log_requests:70 - Incoming request: POST http://127.0.0.1:8000/frontend-log
2026-05-22 17:42:02.033 | INFO     | app.main:log_requests:70 - Incoming request: POST http://127.0.0.1:8000/get_sets
2026-05-22 17:42:02.035 | INFO     | app.routers.logs:receive_frontend_logs:10 - [INFO] Sets screen render start {}
2026-05-22 17:42:02.035 | INFO     | app.routers.get_sets:get_sets:11 - Getting Sets attempt: name='Sergey'
2026-05-22 17:42:02.036 | INFO     | app.main:log_requests:78 - Response status: 200
2026-05-22 17:42:02.042 | INFO     | app.routers.get_sets:get_sets:16 - Getting Sets success: [{'id': 1, 'name': 'Set-1', 'word_ids': [6, 5, 4, 3, 2, 1]}, {'id': 2, 'name': 'Set-2', 'word_ids': [12, 11, 10, 9, 8, 7]}, {'id': 5, 'name': 'Set-3', 'word_ids': [30, 29, 28, 27, 26, 25]}, {'id': 6, 'name': 'Set-4', 'word_ids': [36, 35, 34, 33, 32, 31]}, {'id': 7, 'name': 'Set-5', 'word_ids': [42, 41, 40, 39, 38, 37]}, {'id': 8, 'name': 'Set-6', 'word_ids': [48, 47, 46, 45, 44, 43]}]
2026-05-22 17:42:02.042 | INFO     | app.main:log_requests:78 - Response status: 200
2026-05-22 17:42:02.046 | INFO     | app.main:log_requests:70 - Incoming request: POST http://127.0.0.1:8000/frontend-log
2026-05-22 17:42:02.047 | INFO     | app.routers.logs:receive_frontend_logs:10 - [INFO] Get sets of Sergey request sent {}
2026-05-22 17:42:02.047 | INFO     | app.main:log_requests:78 - Response status: 200
2026-05-22 17:42:03.237 | INFO     | app.main:log_requests:70 - Incoming request: POST http://127.0.0.1:8000/get_words
2026-05-22 17:42:03.238 | INFO     | app.routers.get_words_from_set:get_words:11 - Getting Sets attempt: word_ids=[6, 5, 4, 3, 2, 1]
2026-05-22 17:42:03.238 | INFO     | app.services.set_service:get_words_from_set:128 - [GET WORDS] Start fetching words for IDs: [6, 5, 4, 3, 2, 1]
2026-05-22 17:42:03.239 | INFO     | app.services.set_service:get_words_from_set:131 - [GET WORDS] Fetching words for ID: 6
2026-05-22 17:42:03.243 | INFO     | app.services.set_service:get_words_from_set:139 - [GET WORDS] Found word: id=6, word='seize'
2026-05-22 17:42:03.243 | INFO     | app.services.set_service:get_words_from_set:131 - [GET WORDS] Fetching words for ID: 5
2026-05-22 17:42:03.245 | INFO     | app.services.set_service:get_words_from_set:139 - [GET WORDS] Found word: id=5, word='settle'
2026-05-22 17:42:03.245 | INFO     | app.services.set_service:get_words_from_set:131 - [GET WORDS] Fetching words for ID: 4
2026-05-22 17:42:03.246 | INFO     | app.services.set_service:get_words_from_set:139 - [GET WORDS] Found word: id=4, word='suit'
2026-05-22 17:42:03.246 | INFO     | app.services.set_service:get_words_from_set:131 - [GET WORDS] Fetching words for ID: 3
2026-05-22 17:42:03.248 | INFO     | app.services.set_service:get_words_from_set:139 - [GET WORDS] Found word: id=3, word='request'
2026-05-22 17:42:03.248 | INFO     | app.services.set_service:get_words_from_set:131 - [GET WORDS] Fetching words for ID: 2
2026-05-22 17:42:03.249 | INFO     | app.services.set_service:get_words_from_set:139 - [GET WORDS] Found word: id=2, word='rise'
2026-05-22 17:42:03.249 | INFO     | app.services.set_service:get_words_from_set:131 - [GET WORDS] Fetching words for ID: 1
2026-05-22 17:42:03.250 | INFO     | app.services.set_service:get_words_from_set:139 - [GET WORDS] Found word: id=1, word='enterprise'
2026-05-22 17:42:03.251 | INFO     | app.services.set_service:get_words_from_set:141 - [GET WORDS] Final result list: [{'id': 6, 'word': 'seize'}, {'id': 5, 'word': 'settle'}, {'id': 4, 'word': 'suit'}, {'id': 3, 'word': 'request'}, {'id': 2, 'word': 'rise'}, {'id': 1, 'word': 'enterprise'}]
2026-05-22 17:42:03.251 | INFO     | app.routers.get_words_from_set:get_words:16 - Getting Sets success: [{'id': 6, 'word': 'seize'}, {'id': 5, 'word': 'settle'}, {'id': 4, 'word': 'suit'}, {'id': 3, 'word': 'request'}, {'id': 2, 'word': 'rise'}, {'id': 1, 'word': 'enterprise'}]
2026-05-22 17:42:03.251 | INFO     | app.main:log_requests:78 - Response status: 200
2026-05-22 17:42:03.255 | INFO     | app.main:log_requests:70 - Incoming request: POST http://127.0.0.1:8000/frontend-log
2026-05-22 17:42:03.256 | INFO     | app.routers.logs:receive_frontend_logs:10 - [INFO] Get words from Set-1 request sent {}
2026-05-22 17:42:03.256 | INFO     | app.main:log_requests:78 - Response status: 200
2026-05-22 17:42:04.704 | INFO     | app.main:log_requests:70 - Incoming request: POST http://127.0.0.1:8000/frontend-log
2026-05-22 17:42:04.705 | INFO     | app.main:log_requests:70 - Incoming request: POST http://127.0.0.1:8000/frontend-log
2026-05-22 17:42:04.709 | INFO     | app.routers.logs:receive_frontend_logs:10 - [INFO] Word seize clicked {'word': 'seize'}
2026-05-22 17:42:04.709 | INFO     | app.main:log_requests:70 - Incoming request: POST http://127.0.0.1:8000/frontend-log
2026-05-22 17:42:04.710 | INFO     | app.main:log_requests:70 - Incoming request: POST http://127.0.0.1:8000/frontend-log
2026-05-22 17:42:04.710 | INFO     | app.main:log_requests:70 - Incoming request: POST http://127.0.0.1:8000/frontend-log
2026-05-22 17:42:04.710 | INFO     | app.main:log_requests:70 - Incoming request: POST http://127.0.0.1:8000/frontend-log
2026-05-22 17:42:04.710 | INFO     | app.routers.logs:receive_frontend_logs:10 - [INFO] Word screen render start {}
2026-05-22 17:42:04.711 | INFO     | app.main:log_requests:78 - Response status: 200
2026-05-22 17:42:04.712 | INFO     | app.main:log_requests:78 - Response status: 200
2026-05-22 17:42:04.713 | INFO     | app.routers.logs:receive_frontend_logs:10 - [INFO] Word screen node {'found': True}
2026-05-22 17:42:04.713 | INFO     | app.routers.logs:receive_frontend_logs:10 - [INFO] Word request from the base {}
2026-05-22 17:42:04.714 | INFO     | app.routers.logs:receive_frontend_logs:10 - [INFO] Word request start {'endpoint': '/get_word', 'word': 'seize', 'user_id': 2, 'languge': ''}
2026-05-22 17:42:04.714 | INFO     | app.routers.logs:receive_frontend_logs:10 - [INFO] get_word request shape {'endpoint': '/get_word', 'method': 'POST', 'hasEndpoint': True, 'hasWord': True, 'hasUser': True}
2026-05-22 17:42:04.715 | INFO     | app.main:log_requests:78 - Response status: 200
2026-05-22 17:42:04.715 | INFO     | app.main:log_requests:78 - Response status: 200
2026-05-22 17:42:04.716 | INFO     | app.main:log_requests:78 - Response status: 200
2026-05-22 17:42:04.716 | INFO     | app.main:log_requests:78 - Response status: 200
2026-05-22 17:42:04.717 | INFO     | app.main:log_requests:70 - Incoming request: POST http://127.0.0.1:8000/get_word
2026-05-22 17:42:04.719 | INFO     | app.routers.get_word:get_word:15 - Reading Word attempt: user_id=2 word='seize'
2026-05-22 17:42:04.722 | INFO     | app.routers.get_word:get_word:21 - Reading word success: seize
2026-05-22 17:42:04.722 | ERROR    | app.main:log_requests:75 - Unhandled error: 2 validation errors for WordReadResponse
examples
  Input should be a valid string [type=string_type, input_value=[], input_type=list]
    For further information visit https://errors.pydantic.dev/2.13/v/string_type
synonyms
  Input should be a valid string [type=string_type, input_value=[], input_type=list]
    For further information visit https://errors.pydantic.dev/2.13/v/string_type
Traceback (most recent call last):

  File "<string>", line 1, in <module>
  File "/usr/lib/python3.12/multiprocessing/spawn.py", line 122, in spawn_main
    exitcode = _main(fd, parent_sentinel)
               │     │   └ 4
               │     └ 7
               └ <function _main at 0x738c9fde1c60>
  File "/usr/lib/python3.12/multiprocessing/spawn.py", line 135, in _main
    return self._bootstrap(parent_sentinel)
           │    │          └ 4
           │    └ <function BaseProcess._bootstrap at 0x738c9febff60>
           └ <SpawnProcess name='SpawnProcess-16' parent=4711 started>
  File "/usr/lib/python3.12/multiprocessing/process.py", line 314, in _bootstrap
    self.run()
    │    └ <function BaseProcess.run at 0x738c9febf4c0>
    └ <SpawnProcess name='SpawnProcess-16' parent=4711 started>
  File "/usr/lib/python3.12/multiprocessing/process.py", line 108, in run
    self._target(*self._args, **self._kwargs)
    │    │        │    │        │    └ {'config': <uvicorn.config.Config object at 0x738c9f2a8110>, 'target': <bound method Server.run of <uvicorn.server.Server obj...
    │    │        │    │        └ <SpawnProcess name='SpawnProcess-16' parent=4711 started>
    │    │        │    └ ()
    │    │        └ <SpawnProcess name='SpawnProcess-16' parent=4711 started>
    │    └ <function subprocess_started at 0x738c9f0a1b20>
    └ <SpawnProcess name='SpawnProcess-16' parent=4711 started>
  File "/home/serg/PycharmProjects/WordChain/backend/.venv/lib/python3.12/site-packages/uvicorn/_subprocess.py", line 80, in subprocess_started
    target(sockets=sockets)
    │              └ [<socket.socket fd=3, family=2, type=1, proto=0, laddr=('127.0.0.1', 8000)>]
    └ <bound method Server.run of <uvicorn.server.Server object at 0x738c9f0ea3f0>>
  File "/home/serg/PycharmProjects/WordChain/backend/.venv/lib/python3.12/site-packages/uvicorn/server.py", line 67, in run
    return asyncio_run(self.serve(sockets=sockets), loop_factory=self.config.get_loop_factory())
           │           │    │             │                      │    │      └ <function Config.get_loop_factory at 0x738c9f290d60>
           │           │    │             │                      │    └ <uvicorn.config.Config object at 0x738c9f2a8110>
           │           │    │             │                      └ <uvicorn.server.Server object at 0x738c9f0ea3f0>
           │           │    │             └ [<socket.socket fd=3, family=2, type=1, proto=0, laddr=('127.0.0.1', 8000)>]
           │           │    └ <function Server.serve at 0x738c9f0a0ea0>
           │           └ <uvicorn.server.Server object at 0x738c9f0ea3f0>
           └ <function run at 0x738c9f962c00>
  File "/usr/lib/python3.12/asyncio/runners.py", line 194, in run
    return runner.run(main)
           │      │   └ <coroutine object Server.serve at 0x738c9fe449e0>
           │      └ <function Runner.run at 0x738c9f9c2340>
           └ <asyncio.runners.Runner object at 0x738c9fbbf800>
  File "/usr/lib/python3.12/asyncio/runners.py", line 118, in run
    return self._loop.run_until_complete(task)
           │    │     │                  └ <Task pending name='Task-1' coro=<Server.serve() running at /home/serg/PycharmProjects/WordChain/backend/.venv/lib/python3.12...
           │    │     └ <function BaseEventLoop.run_until_complete at 0x738c9f9bbf60>
           │    └ <_UnixSelectorEventLoop running=True closed=False debug=False>
           └ <asyncio.runners.Runner object at 0x738c9fbbf800>
  File "/usr/lib/python3.12/asyncio/base_events.py", line 674, in run_until_complete
    self.run_forever()
    │    └ <function BaseEventLoop.run_forever at 0x738c9f9bbec0>
    └ <_UnixSelectorEventLoop running=True closed=False debug=False>
  File "/usr/lib/python3.12/asyncio/base_events.py", line 641, in run_forever
    self._run_once()
    │    └ <function BaseEventLoop._run_once at 0x738c9f9c1d00>
    └ <_UnixSelectorEventLoop running=True closed=False debug=False>
  File "/usr/lib/python3.12/asyncio/base_events.py", line 1987, in _run_once
    handle._run()
    │      └ <function Handle._run at 0x738c9fbf6200>
    └ <Handle Task.task_wakeup(<Future finished result=True>)>
  File "/usr/lib/python3.12/asyncio/events.py", line 88, in _run
    self._context.run(self._callback, *self._args)
    │    │            │    │           │    └ <member '_args' of 'Handle' objects>
    │    │            │    │           └ <Handle Task.task_wakeup(<Future finished result=True>)>
    │    │            │    └ <member '_callback' of 'Handle' objects>
    │    │            └ <Handle Task.task_wakeup(<Future finished result=True>)>
    │    └ <member '_context' of 'Handle' objects>
    └ <Handle Task.task_wakeup(<Future finished result=True>)>
  File "/home/serg/PycharmProjects/WordChain/backend/.venv/lib/python3.12/site-packages/uvicorn/protocols/http/h11_impl.py", line 410, in run_asgi
    result = await app(  # type: ignore[func-returns-value]
                   └ <uvicorn.middleware.proxy_headers.ProxyHeadersMiddleware object at 0x738c9f0e94f0>
  File "/home/serg/PycharmProjects/WordChain/backend/.venv/lib/python3.12/site-packages/uvicorn/middleware/proxy_headers.py", line 60, in __call__
    return await self.app(scope, receive, send)
                 │    │   │      │        └ <bound method RequestResponseCycle.send of <uvicorn.protocols.http.h11_impl.RequestResponseCycle object at 0x738c95899a60>>
                 │    │   │      └ <bound method RequestResponseCycle.receive of <uvicorn.protocols.http.h11_impl.RequestResponseCycle object at 0x738c95899a60>>
                 │    │   └ {'type': 'http', 'asgi': {'version': '3.0', 'spec_version': '2.3'}, 'http_version': '1.1', 'server': ('127.0.0.1', 8000), 'cl...
                 │    └ <fastapi.applications.FastAPI object at 0x738c97186a50>
                 └ <uvicorn.middleware.proxy_headers.ProxyHeadersMiddleware object at 0x738c9f0e94f0>
  File "/home/serg/PycharmProjects/WordChain/backend/.venv/lib/python3.12/site-packages/fastapi/applications.py", line 1135, in __call__
    await super().__call__(scope, receive, send)
                           │      │        └ <bound method RequestResponseCycle.send of <uvicorn.protocols.http.h11_impl.RequestResponseCycle object at 0x738c95899a60>>
                           │      └ <bound method RequestResponseCycle.receive of <uvicorn.protocols.http.h11_impl.RequestResponseCycle object at 0x738c95899a60>>
                           └ {'type': 'http', 'asgi': {'version': '3.0', 'spec_version': '2.3'}, 'http_version': '1.1', 'server': ('127.0.0.1', 8000), 'cl...
  File "/home/serg/PycharmProjects/WordChain/backend/.venv/lib/python3.12/site-packages/starlette/applications.py", line 107, in __call__
    await self.middleware_stack(scope, receive, send)
          │    │                │      │        └ <bound method RequestResponseCycle.send of <uvicorn.protocols.http.h11_impl.RequestResponseCycle object at 0x738c95899a60>>
          │    │                │      └ <bound method RequestResponseCycle.receive of <uvicorn.protocols.http.h11_impl.RequestResponseCycle object at 0x738c95899a60>>
          │    │                └ {'type': 'http', 'asgi': {'version': '3.0', 'spec_version': '2.3'}, 'http_version': '1.1', 'server': ('127.0.0.1', 8000), 'cl...
          │    └ <starlette.middleware.errors.ServerErrorMiddleware object at 0x738c96ce0740>
          └ <fastapi.applications.FastAPI object at 0x738c97186a50>
  File "/home/serg/PycharmProjects/WordChain/backend/.venv/lib/python3.12/site-packages/starlette/middleware/errors.py", line 164, in __call__
    await self.app(scope, receive, _send)
          │    │   │      │        └ <function ServerErrorMiddleware.__call__.<locals>._send at 0x738c9587ca40>
          │    │   │      └ <bound method RequestResponseCycle.receive of <uvicorn.protocols.http.h11_impl.RequestResponseCycle object at 0x738c95899a60>>
          │    │   └ {'type': 'http', 'asgi': {'version': '3.0', 'spec_version': '2.3'}, 'http_version': '1.1', 'server': ('127.0.0.1', 8000), 'cl...
          │    └ <starlette.middleware.base.BaseHTTPMiddleware object at 0x738c973dde20>
          └ <starlette.middleware.errors.ServerErrorMiddleware object at 0x738c96ce0740>
  File "/home/serg/PycharmProjects/WordChain/backend/.venv/lib/python3.12/site-packages/starlette/middleware/base.py", line 193, in __call__
    response = await self.dispatch_func(request, call_next)
                     │    │             │        └ <function BaseHTTPMiddleware.__call__.<locals>.call_next at 0x738c9587d620>
                     │    │             └ <starlette.middleware.base._CachedRequest object at 0x738c958301a0>
                     │    └ <function log_requests at 0x738c96cdc4a0>
                     └ <starlette.middleware.base.BaseHTTPMiddleware object at 0x738c973dde20>

> File "/home/serg/PycharmProjects/WordChain/backend/app/main.py", line 73, in log_requests
    response = await call_next(request)
                     │         └ <starlette.middleware.base._CachedRequest object at 0x738c958301a0>
                     └ <function BaseHTTPMiddleware.__call__.<locals>.call_next at 0x738c9587d620>

  File "/home/serg/PycharmProjects/WordChain/backend/.venv/lib/python3.12/site-packages/starlette/middleware/base.py", line 168, in call_next
    raise app_exc from app_exc.__cause__ or app_exc.__context__
          │            │       │            │       └ <attribute '__context__' of 'BaseException' objects>
          │            │       │            └ 2 validation errors for WordReadResponse
          │            │       │              examples
          │            │       │                Input should be a valid string [type=string_type, input_value=[], input_t...
          │            │       └ <attribute '__cause__' of 'BaseException' objects>
          │            └ 2 validation errors for WordReadResponse
          │              examples
          │                Input should be a valid string [type=string_type, input_value=[], input_t...
          └ 2 validation errors for WordReadResponse
            examples
              Input should be a valid string [type=string_type, input_value=[], input_t...
  File "/home/serg/PycharmProjects/WordChain/backend/.venv/lib/python3.12/site-packages/starlette/middleware/base.py", line 144, in coro
    await self.app(scope, receive_or_disconnect, send_no_error)
          │    │   │      │                      └ <function BaseHTTPMiddleware.__call__.<locals>.call_next.<locals>.send_no_error at 0x738c9587c900>
          │    │   │      └ <function BaseHTTPMiddleware.__call__.<locals>.call_next.<locals>.receive_or_disconnect at 0x738c9587da80>
          │    │   └ {'type': 'http', 'asgi': {'version': '3.0', 'spec_version': '2.3'}, 'http_version': '1.1', 'server': ('127.0.0.1', 8000), 'cl...
          │    └ <starlette.middleware.cors.CORSMiddleware object at 0x738c96ce02c0>
          └ <starlette.middleware.base.BaseHTTPMiddleware object at 0x738c973dde20>
  File "/home/serg/PycharmProjects/WordChain/backend/.venv/lib/python3.12/site-packages/starlette/middleware/cors.py", line 93, in __call__
    await self.simple_response(scope, receive, send, request_headers=headers)
          │    │               │      │        │                     └ Headers({'host': '127.0.0.1:8000', 'connection': 'keep-alive', 'content-length': '28', 'sec-ch-ua-platform': '"Linux"', 'auth...
          │    │               │      │        └ <function BaseHTTPMiddleware.__call__.<locals>.call_next.<locals>.send_no_error at 0x738c9587c900>
          │    │               │      └ <function BaseHTTPMiddleware.__call__.<locals>.call_next.<locals>.receive_or_disconnect at 0x738c9587da80>
          │    │               └ {'type': 'http', 'asgi': {'version': '3.0', 'spec_version': '2.3'}, 'http_version': '1.1', 'server': ('127.0.0.1', 8000), 'cl...
          │    └ <function CORSMiddleware.simple_response at 0x738c9e253740>
          └ <starlette.middleware.cors.CORSMiddleware object at 0x738c96ce02c0>
  File "/home/serg/PycharmProjects/WordChain/backend/.venv/lib/python3.12/site-packages/starlette/middleware/cors.py", line 144, in simple_response
    await self.app(scope, receive, send)
          │    │   │      │        └ functools.partial(<bound method CORSMiddleware.send of <starlette.middleware.cors.CORSMiddleware object at 0x738c96ce02c0>>, ...
          │    │   │      └ <function BaseHTTPMiddleware.__call__.<locals>.call_next.<locals>.receive_or_disconnect at 0x738c9587da80>
          │    │   └ {'type': 'http', 'asgi': {'version': '3.0', 'spec_version': '2.3'}, 'http_version': '1.1', 'server': ('127.0.0.1', 8000), 'cl...
          │    └ <starlette.middleware.exceptions.ExceptionMiddleware object at 0x738c96ce0710>
          └ <starlette.middleware.cors.CORSMiddleware object at 0x738c96ce02c0>
  File "/home/serg/PycharmProjects/WordChain/backend/.venv/lib/python3.12/site-packages/starlette/middleware/exceptions.py", line 63, in __call__
    await wrap_app_handling_exceptions(self.app, conn)(scope, receive, send)
          │                            │    │    │     │      │        └ functools.partial(<bound method CORSMiddleware.send of <starlette.middleware.cors.CORSMiddleware object at 0x738c96ce02c0>>, ...
          │                            │    │    │     │      └ <function BaseHTTPMiddleware.__call__.<locals>.call_next.<locals>.receive_or_disconnect at 0x738c9587da80>
          │                            │    │    │     └ {'type': 'http', 'asgi': {'version': '3.0', 'spec_version': '2.3'}, 'http_version': '1.1', 'server': ('127.0.0.1', 8000), 'cl...
          │                            │    │    └ <starlette.requests.Request object at 0x738c95a8ed50>
          │                            │    └ <fastapi.middleware.asyncexitstack.AsyncExitStackMiddleware object at 0x738c96ce06e0>
          │                            └ <starlette.middleware.exceptions.ExceptionMiddleware object at 0x738c96ce0710>
          └ <function wrap_app_handling_exceptions at 0x738c9e2016c0>
  File "/home/serg/PycharmProjects/WordChain/backend/.venv/lib/python3.12/site-packages/starlette/_exception_handler.py", line 53, in wrapped_app
    raise exc
  File "/home/serg/PycharmProjects/WordChain/backend/.venv/lib/python3.12/site-packages/starlette/_exception_handler.py", line 42, in wrapped_app
    await app(scope, receive, sender)
          │   │      │        └ <function wrap_app_handling_exceptions.<locals>.wrapped_app.<locals>.sender at 0x738c9587cae0>
          │   │      └ <function BaseHTTPMiddleware.__call__.<locals>.call_next.<locals>.receive_or_disconnect at 0x738c9587da80>
          │   └ {'type': 'http', 'asgi': {'version': '3.0', 'spec_version': '2.3'}, 'http_version': '1.1', 'server': ('127.0.0.1', 8000), 'cl...
          └ <fastapi.middleware.asyncexitstack.AsyncExitStackMiddleware object at 0x738c96ce06e0>
  File "/home/serg/PycharmProjects/WordChain/backend/.venv/lib/python3.12/site-packages/fastapi/middleware/asyncexitstack.py", line 18, in __call__
    await self.app(scope, receive, send)
          │    │   │      │        └ <function wrap_app_handling_exceptions.<locals>.wrapped_app.<locals>.sender at 0x738c9587cae0>
          │    │   │      └ <function BaseHTTPMiddleware.__call__.<locals>.call_next.<locals>.receive_or_disconnect at 0x738c9587da80>
          │    │   └ {'type': 'http', 'asgi': {'version': '3.0', 'spec_version': '2.3'}, 'http_version': '1.1', 'server': ('127.0.0.1', 8000), 'cl...
          │    └ <fastapi.routing.APIRouter object at 0x738c96dd1700>
          └ <fastapi.middleware.asyncexitstack.AsyncExitStackMiddleware object at 0x738c96ce06e0>
  File "/home/serg/PycharmProjects/WordChain/backend/.venv/lib/python3.12/site-packages/starlette/routing.py", line 716, in __call__
    await self.middleware_stack(scope, receive, send)
          │    │                │      │        └ <function wrap_app_handling_exceptions.<locals>.wrapped_app.<locals>.sender at 0x738c9587cae0>
          │    │                │      └ <function BaseHTTPMiddleware.__call__.<locals>.call_next.<locals>.receive_or_disconnect at 0x738c9587da80>
          │    │                └ {'type': 'http', 'asgi': {'version': '3.0', 'spec_version': '2.3'}, 'http_version': '1.1', 'server': ('127.0.0.1', 8000), 'cl...
          │    └ <bound method Router.app of <fastapi.routing.APIRouter object at 0x738c96dd1700>>
          └ <fastapi.routing.APIRouter object at 0x738c96dd1700>
  File "/home/serg/PycharmProjects/WordChain/backend/.venv/lib/python3.12/site-packages/starlette/routing.py", line 736, in app
    await route.handle(scope, receive, send)
          │     │      │      │        └ <function wrap_app_handling_exceptions.<locals>.wrapped_app.<locals>.sender at 0x738c9587cae0>
          │     │      │      └ <function BaseHTTPMiddleware.__call__.<locals>.call_next.<locals>.receive_or_disconnect at 0x738c9587da80>
          │     │      └ {'type': 'http', 'asgi': {'version': '3.0', 'spec_version': '2.3'}, 'http_version': '1.1', 'server': ('127.0.0.1', 8000), 'cl...
          │     └ <function Route.handle at 0x738c9e202ca0>
          └ APIRoute(path='/get_word', name='get_word', methods=['POST'])
  File "/home/serg/PycharmProjects/WordChain/backend/.venv/lib/python3.12/site-packages/starlette/routing.py", line 290, in handle
    await self.app(scope, receive, send)
          │    │   │      │        └ <function wrap_app_handling_exceptions.<locals>.wrapped_app.<locals>.sender at 0x738c9587cae0>
          │    │   │      └ <function BaseHTTPMiddleware.__call__.<locals>.call_next.<locals>.receive_or_disconnect at 0x738c9587da80>
          │    │   └ {'type': 'http', 'asgi': {'version': '3.0', 'spec_version': '2.3'}, 'http_version': '1.1', 'server': ('127.0.0.1', 8000), 'cl...
          │    └ <function request_response.<locals>.app at 0x738c96c8f560>
          └ APIRoute(path='/get_word', name='get_word', methods=['POST'])
  File "/home/serg/PycharmProjects/WordChain/backend/.venv/lib/python3.12/site-packages/fastapi/routing.py", line 120, in app
    await wrap_app_handling_exceptions(app, request)(scope, receive, send)
          │                            │    │        │      │        └ <function wrap_app_handling_exceptions.<locals>.wrapped_app.<locals>.sender at 0x738c9587cae0>
          │                            │    │        │      └ <function BaseHTTPMiddleware.__call__.<locals>.call_next.<locals>.receive_or_disconnect at 0x738c9587da80>
          │                            │    │        └ {'type': 'http', 'asgi': {'version': '3.0', 'spec_version': '2.3'}, 'http_version': '1.1', 'server': ('127.0.0.1', 8000), 'cl...
          │                            │    └ <starlette.requests.Request object at 0x738c9589a690>
          │                            └ <function request_response.<locals>.app.<locals>.app at 0x738c96362ac0>
          └ <function wrap_app_handling_exceptions at 0x738c9e2016c0>
  File "/home/serg/PycharmProjects/WordChain/backend/.venv/lib/python3.12/site-packages/starlette/_exception_handler.py", line 53, in wrapped_app
    raise exc
  File "/home/serg/PycharmProjects/WordChain/backend/.venv/lib/python3.12/site-packages/starlette/_exception_handler.py", line 42, in wrapped_app
    await app(scope, receive, sender)
          │   │      │        └ <function wrap_app_handling_exceptions.<locals>.wrapped_app.<locals>.sender at 0x738c96362200>
          │   │      └ <function BaseHTTPMiddleware.__call__.<locals>.call_next.<locals>.receive_or_disconnect at 0x738c9587da80>
          │   └ {'type': 'http', 'asgi': {'version': '3.0', 'spec_version': '2.3'}, 'http_version': '1.1', 'server': ('127.0.0.1', 8000), 'cl...
          └ <function request_response.<locals>.app.<locals>.app at 0x738c96362ac0>
  File "/home/serg/PycharmProjects/WordChain/backend/.venv/lib/python3.12/site-packages/fastapi/routing.py", line 106, in app
    response = await f(request)
                     │ └ <starlette.requests.Request object at 0x738c9589a690>
                     └ <function get_request_handler.<locals>.app at 0x738c96c8f420>
  File "/home/serg/PycharmProjects/WordChain/backend/.venv/lib/python3.12/site-packages/fastapi/routing.py", line 427, in app
    raw_response = await run_endpoint_function(
                         └ <function run_endpoint_function at 0x738c9e218c20>
  File "/home/serg/PycharmProjects/WordChain/backend/.venv/lib/python3.12/site-packages/fastapi/routing.py", line 313, in run_endpoint_function
    return await dependant.call(**values)
                 │         │      └ {'req': WordReadRequest(user_id=2, word='seize')}
                 │         └ <function get_word at 0x738c9c6c4220>
                 └ Dependant(path_params=[], query_params=[], header_params=[], cookie_params=[], body_params=[ModelField(field_info=Body(Pydant...

  File "/home/serg/PycharmProjects/WordChain/backend/app/routers/get_word.py", line 22, in get_word
    return WordReadResponse.model_validate(result)
           │                │              └ <app.db.models.word.Word object at 0x738c9585cfe0>
           │                └ <classmethod(<function BaseModel.model_validate at 0x738c9e8d6c00>)>
           └ <class 'app.schemas.word.WordReadResponse'>

  File "/home/serg/PycharmProjects/WordChain/backend/.venv/lib/python3.12/site-packages/pydantic/main.py", line 732, in model_validate
    return cls.__pydantic_validator__.validate_python(
           │   │                      └ <method 'validate_python' of 'pydantic_core._pydantic_core.SchemaValidator' objects>
           │   └ SchemaValidator(title="WordReadResponse", validator=Model(
           │         ModelValidator {
           │             revalidate: Never,
           │             validator:...
           └ <class 'app.schemas.word.WordReadResponse'>

pydantic_core._pydantic_core.ValidationError: 2 validation errors for WordReadResponse
examples
  Input should be a valid string [type=string_type, input_value=[], input_type=list]
    For further information visit https://errors.pydantic.dev/2.13/v/string_type
synonyms
  Input should be a valid string [type=string_type, input_value=[], input_type=list]
    For further information visit https://errors.pydantic.dev/2.13/v/string_type
2026-05-22 17:42:04.730 | INFO     | app.main:log_requests:70 - Incoming request: POST http://127.0.0.1:8000/frontend-log
2026-05-22 17:42:04.731 | INFO     | app.main:log_requests:70 - Incoming request: POST http://127.0.0.1:8000/frontend-log
2026-05-22 17:42:04.731 | INFO     | app.main:log_requests:70 - Incoming request: POST http://127.0.0.1:8000/frontend-log
2026-05-22 17:42:04.732 | INFO     | app.routers.logs:receive_frontend_logs:10 - [ERROR] get_word request failed {'error': 'Failed to fetch'}
2026-05-22 17:42:04.732 | INFO     | app.routers.logs:receive_frontend_logs:10 - [ERROR] Word request failed in UI {'error': 'Failed to fetch'}
2026-05-22 17:42:04.732 | INFO     | app.main:log_requests:78 - Response status: 200
2026-05-22 17:42:04.733 | INFO     | app.routers.logs:receive_frontend_logs:10 - [INFO] Word details loaded {'word': 'seize', 'hasData': False}
2026-05-22 17:42:04.733 | INFO     | app.main:log_requests:78 - Response status: 200
2026-05-22 17:42:04.733 | INFO     | app.main:log_requests:78 - Response status: 200
2026-05-23 08:58:48.579 | INFO     | app.main:log_requests:70 - Incoming request: GET http://127.0.0.1:8000/
2026-05-23 08:58:48.581 | INFO     | app.main:root:29 - Root endpoint called
2026-05-23 08:58:48.581 | INFO     | app.main:log_requests:78 - Response status: 200
2026-05-23 08:58:48.635 | INFO     | app.main:log_requests:70 - Incoming request: GET http://127.0.0.1:8000/favicon.ico
2026-05-23 08:58:48.636 | INFO     | app.main:log_requests:78 - Response status: 404
2026-05-23 08:59:14.742 | INFO     | app.main:log_requests:70 - Incoming request: OPTIONS http://127.0.0.1:8000/frontend-log
2026-05-23 08:59:14.743 | INFO     | app.main:log_requests:70 - Incoming request: OPTIONS http://127.0.0.1:8000/frontend-log
2026-05-23 08:59:14.743 | INFO     | app.main:log_requests:78 - Response status: 200
2026-05-23 08:59:14.744 | INFO     | app.main:log_requests:78 - Response status: 200
2026-05-23 08:59:14.748 | INFO     | app.main:log_requests:70 - Incoming request: POST http://127.0.0.1:8000/frontend-log
2026-05-23 08:59:14.749 | INFO     | app.main:log_requests:70 - Incoming request: OPTIONS http://127.0.0.1:8000/frontend-log
2026-05-23 08:59:14.750 | INFO     | app.main:log_requests:70 - Incoming request: POST http://127.0.0.1:8000/frontend-log
2026-05-23 08:59:14.750 | INFO     | app.main:log_requests:70 - Incoming request: OPTIONS http://127.0.0.1:8000/me
2026-05-23 08:59:14.751 | INFO     | app.main:log_requests:78 - Response status: 200
2026-05-23 08:59:14.751 | INFO     | app.main:log_requests:78 - Response status: 200
2026-05-23 08:59:14.752 | INFO     | app.routers.logs:receive_frontend_logs:10 - [INFO] Translate screen node {'found': True}
2026-05-23 08:59:14.753 | INFO     | app.routers.logs:receive_frontend_logs:10 - [INFO] Translate screen render start {}
2026-05-23 08:59:14.753 | INFO     | app.main:log_requests:78 - Response status: 200
2026-05-23 08:59:14.754 | INFO     | app.main:log_requests:78 - Response status: 200
2026-05-23 08:59:14.756 | INFO     | app.main:log_requests:70 - Incoming request: POST http://127.0.0.1:8000/frontend-log
2026-05-23 08:59:14.757 | INFO     | app.main:log_requests:70 - Incoming request: GET http://127.0.0.1:8000/me
2026-05-23 08:59:14.766 | INFO     | app.routers.logs:receive_frontend_logs:10 - [INFO] Me request shape {'endpoint': '/me', 'method': 'GET', 'hasToken': True}
2026-05-23 08:59:14.767 | INFO     | app.main:log_requests:78 - Response status: 200
2026-05-23 08:59:14.771 | INFO     | app.routers.auth:get_me:53 - Get current user. 2 - Sergey
2026-05-23 08:59:14.772 | INFO     | app.main:log_requests:78 - Response status: 200
2026-05-23 08:59:14.815 | INFO     | app.main:log_requests:70 - Incoming request: POST http://127.0.0.1:8000/frontend-log
2026-05-23 08:59:14.815 | INFO     | app.main:log_requests:70 - Incoming request: POST http://127.0.0.1:8000/frontend-log
2026-05-23 08:59:14.816 | INFO     | app.routers.logs:receive_frontend_logs:10 - [INFO] Me response shape {'keys': ['nickname', 'email', 'avatar_url', 'is_guest', 'is_premium', 'id', 'created_at', 'last_login'], 'isGuest': False}
2026-05-23 08:59:14.817 | INFO     | app.routers.logs:receive_frontend_logs:10 - [INFO] Init user success {'hasUser': True}
2026-05-23 08:59:14.817 | INFO     | app.main:log_requests:78 - Response status: 200
2026-05-23 08:59:14.818 | INFO     | app.main:log_requests:78 - Response status: 200
2026-05-23 09:33:26.109 | INFO     | app.main:log_requests:69 - Incoming request: OPTIONS http://127.0.0.1:8000/frontend-log
2026-05-23 09:33:26.109 | INFO     | app.main:log_requests:69 - Incoming request: OPTIONS http://127.0.0.1:8000/frontend-log
2026-05-23 09:33:26.109 | INFO     | app.main:log_requests:77 - Response status: 200
2026-05-23 09:33:26.110 | INFO     | app.main:log_requests:77 - Response status: 200
2026-05-23 09:33:26.112 | INFO     | app.main:log_requests:69 - Incoming request: POST http://127.0.0.1:8000/frontend-log
2026-05-23 09:33:26.113 | INFO     | app.main:log_requests:69 - Incoming request: POST http://127.0.0.1:8000/frontend-log
2026-05-23 09:33:26.114 | INFO     | app.routers.logs:receive_frontend_logs:10 - [INFO] Translate screen node {'found': True}
2026-05-23 09:33:26.114 | INFO     | app.routers.logs:receive_frontend_logs:10 - [INFO] Translate screen render start {}
2026-05-23 09:33:26.114 | INFO     | app.main:log_requests:77 - Response status: 200
2026-05-23 09:33:26.114 | INFO     | app.main:log_requests:77 - Response status: 200
2026-05-23 09:33:31.750 | INFO     | app.main:log_requests:69 - Incoming request: POST http://127.0.0.1:8000/frontend-log
2026-05-23 09:33:31.751 | INFO     | app.main:log_requests:69 - Incoming request: POST http://127.0.0.1:8000/frontend-log
2026-05-23 09:33:31.751 | INFO     | app.routers.logs:receive_frontend_logs:10 - [INFO] Translate screen render start {}
2026-05-23 09:33:31.752 | INFO     | app.routers.logs:receive_frontend_logs:10 - [INFO] Translate screen node {'found': True}
2026-05-23 09:33:31.752 | INFO     | app.main:log_requests:77 - Response status: 200
2026-05-23 09:33:31.753 | INFO     | app.main:log_requests:77 - Response status: 200
2026-05-23 09:33:47.563 | INFO     | app.main:log_requests:69 - Incoming request: POST http://127.0.0.1:8000/frontend-log
2026-05-23 09:33:47.563 | INFO     | app.main:log_requests:69 - Incoming request: POST http://127.0.0.1:8000/frontend-log
2026-05-23 09:33:47.564 | INFO     | app.main:log_requests:69 - Incoming request: POST http://127.0.0.1:8000/frontend-log
2026-05-23 09:33:47.565 | INFO     | app.main:log_requests:69 - Incoming request: OPTIONS http://127.0.0.1:8000/translate
2026-05-23 09:33:47.565 | INFO     | app.routers.logs:receive_frontend_logs:10 - [INFO] Translate button clicked {}
2026-05-23 09:33:47.566 | INFO     | app.main:log_requests:77 - Response status: 200
2026-05-23 09:33:47.566 | INFO     | app.routers.logs:receive_frontend_logs:10 - [INFO] Translate request start {'word': 'genius', 'sourceLang': 'en', 'targetLang': 'ru'}
2026-05-23 09:33:47.567 | INFO     | app.main:log_requests:77 - Response status: 200
2026-05-23 09:33:47.567 | INFO     | app.routers.logs:receive_frontend_logs:10 - [INFO] Translate request shape {'endpoint': '/translate', 'method': 'POST', 'bodyShape': ['word', 'source_lang', 'target_lang'], 'bodyPreview': {'word': 'genius', 'source_lang': 'en', 'target_lang': 'ru'}}
2026-05-23 09:33:47.568 | INFO     | app.main:log_requests:77 - Response status: 200
2026-05-23 09:33:47.568 | INFO     | app.main:log_requests:77 - Response status: 200
2026-05-23 09:33:47.572 | INFO     | app.main:log_requests:69 - Incoming request: POST http://127.0.0.1:8000/translate
2026-05-23 09:33:47.573 | INFO     | app.routers.translation:translate:10 - Translation attempt: genius
2026-05-23 09:33:52.264 | SUCCESS  | app.routers.translation:translate:19 - Translation success: genius
2026-05-23 09:33:52.264 | INFO     | app.main:log_requests:77 - Response status: 200
2026-05-23 09:33:52.268 | INFO     | app.main:log_requests:69 - Incoming request: POST http://127.0.0.1:8000/frontend-log
2026-05-23 09:33:52.269 | INFO     | app.main:log_requests:69 - Incoming request: POST http://127.0.0.1:8000/frontend-log
2026-05-23 09:33:52.270 | INFO     | app.routers.logs:receive_frontend_logs:10 - [INFO] Translate response shape {'status': None, 'keys': ['word', 'translation', 'part_of_speech', 'transcription', 'examples', 'synonyms', 'antonyms'], 'hasTranslation': True, 'hasTranscription': True, 'hasPartOfSpeech': True}
2026-05-23 09:33:52.270 | INFO     | app.routers.logs:receive_frontend_logs:10 - [INFO] Translate request success {'hasTranslation': True}
2026-05-23 09:33:52.270 | INFO     | app.main:log_requests:77 - Response status: 200
2026-05-23 09:33:52.271 | INFO     | app.main:log_requests:77 - Response status: 200
2026-05-23 09:33:57.112 | INFO     | app.main:log_requests:69 - Incoming request: POST http://127.0.0.1:8000/frontend-log
2026-05-23 09:33:57.113 | INFO     | app.main:log_requests:69 - Incoming request: POST http://127.0.0.1:8000/frontend-log
2026-05-23 09:33:57.114 | INFO     | app.routers.logs:receive_frontend_logs:10 - [INFO] Save button clicked {'hasResult': True}
2026-05-23 09:33:57.114 | INFO     | app.main:log_requests:69 - Incoming request: OPTIONS http://127.0.0.1:8000/saveWord
2026-05-23 09:33:57.114 | INFO     | app.main:log_requests:77 - Response status: 200
2026-05-23 09:33:57.115 | INFO     | app.routers.logs:receive_frontend_logs:10 - [INFO] SaveWord request shape {'endpoint': '/saveWord', 'method': 'POST', 'bodyShape': ['word', 'translation', 'transcription', 'part_of_speech'], 'bodyPreview': {'word': 'genius', 'translation': 'гений, одарённый, талант, умник, светило, вундеркинд', 'transcription': 'ˈdʒiːniəs', 'part_of_speech': 'noun'}}
2026-05-23 09:33:57.115 | INFO     | app.main:log_requests:77 - Response status: 200
2026-05-23 09:33:57.116 | INFO     | app.main:log_requests:77 - Response status: 200
2026-05-23 09:33:57.120 | INFO     | app.main:log_requests:69 - Incoming request: POST http://127.0.0.1:8000/saveWord
2026-05-23 09:33:57.131 | INFO     | app.routers.save_word:save_word:21 - Saving attempt: genius
2026-05-23 09:33:57.153 | INFO     | app.routers.save_word:save_word:39 - Word saved success: genius
2026-05-23 09:33:57.153 | INFO     | app.services.set_service:check_and_create_set:17 - [SET] Checking if user 2 needs a new set...
2026-05-23 09:33:57.157 | INFO     | app.services.set_service:check_and_create_set:26 - [SET] User 2 has total words: 40
2026-05-23 09:33:57.160 | INFO     | app.services.set_service:check_and_create_set:33 - [SET] User 2 has used words (in sets): 36
2026-05-23 09:33:57.160 | INFO     | app.services.set_service:check_and_create_set:38 - [SET] User 2 has FREE words: 4
2026-05-23 09:33:57.160 | INFO     | app.services.set_service:check_and_create_set:42 - [SET] Not enough free words (4/6). No new set.
2026-05-23 09:33:57.161 | ERROR    | app.main:log_requests:74 - Unhandled error: 1 validation error:
  {'type': 'string_type', 'loc': ('response', 'synonyms'), 'msg': 'Input should be a valid string', 'input': []}

  File "/home/serg/PycharmProjects/WordChain/backend/app/routers/save_word.py", line 14, in save_word
    POST /saveWord
Traceback (most recent call last):

  File "<string>", line 1, in <module>
  File "/usr/lib/python3.12/multiprocessing/spawn.py", line 122, in spawn_main
    exitcode = _main(fd, parent_sentinel)
               │     │   └ 4
               │     └ 7
               └ <function _main at 0x7ae6566e5c60>
  File "/usr/lib/python3.12/multiprocessing/spawn.py", line 135, in _main
    return self._bootstrap(parent_sentinel)
           │    │          └ 4
           │    └ <function BaseProcess._bootstrap at 0x7ae6567c3f60>
           └ <SpawnProcess name='SpawnProcess-4' parent=3967 started>
  File "/usr/lib/python3.12/multiprocessing/process.py", line 314, in _bootstrap
    self.run()
    │    └ <function BaseProcess.run at 0x7ae6567c34c0>
    └ <SpawnProcess name='SpawnProcess-4' parent=3967 started>
  File "/usr/lib/python3.12/multiprocessing/process.py", line 108, in run
    self._target(*self._args, **self._kwargs)
    │    │        │    │        │    └ {'config': <uvicorn.config.Config object at 0x7ae655bc3a10>, 'target': <bound method Server.run of <uvicorn.server.Server obj...
    │    │        │    │        └ <SpawnProcess name='SpawnProcess-4' parent=3967 started>
    │    │        │    └ ()
    │    │        └ <SpawnProcess name='SpawnProcess-4' parent=3967 started>
    │    └ <function subprocess_started at 0x7ae65599db20>
    └ <SpawnProcess name='SpawnProcess-4' parent=3967 started>
  File "/home/serg/PycharmProjects/WordChain/backend/.venv/lib/python3.12/site-packages/uvicorn/_subprocess.py", line 80, in subprocess_started
    target(sockets=sockets)
    │              └ [<socket.socket fd=3, family=2, type=1, proto=0, laddr=('127.0.0.1', 8000)>]
    └ <bound method Server.run of <uvicorn.server.Server object at 0x7ae656566120>>
  File "/home/serg/PycharmProjects/WordChain/backend/.venv/lib/python3.12/site-packages/uvicorn/server.py", line 67, in run
    return asyncio_run(self.serve(sockets=sockets), loop_factory=self.config.get_loop_factory())
           │           │    │             │                      │    │      └ <function Config.get_loop_factory at 0x7ae655b88d60>
           │           │    │             │                      │    └ <uvicorn.config.Config object at 0x7ae655bc3a10>
           │           │    │             │                      └ <uvicorn.server.Server object at 0x7ae656566120>
           │           │    │             └ [<socket.socket fd=3, family=2, type=1, proto=0, laddr=('127.0.0.1', 8000)>]
           │           │    └ <function Server.serve at 0x7ae65599cea0>
           │           └ <uvicorn.server.Server object at 0x7ae656566120>
           └ <function run at 0x7ae655d0ec00>
  File "/usr/lib/python3.12/asyncio/runners.py", line 194, in run
    return runner.run(main)
           │      │   └ <coroutine object Server.serve at 0x7ae6567489e0>
           │      └ <function Runner.run at 0x7ae655d6e340>
           └ <asyncio.runners.Runner object at 0x7ae655994f20>
  File "/usr/lib/python3.12/asyncio/runners.py", line 118, in run
    return self._loop.run_until_complete(task)
           │    │     │                  └ <Task pending name='Task-1' coro=<Server.serve() running at /home/serg/PycharmProjects/WordChain/backend/.venv/lib/python3.12...
           │    │     └ <function BaseEventLoop.run_until_complete at 0x7ae655d67f60>
           │    └ <_UnixSelectorEventLoop running=True closed=False debug=False>
           └ <asyncio.runners.Runner object at 0x7ae655994f20>
  File "/usr/lib/python3.12/asyncio/base_events.py", line 674, in run_until_complete
    self.run_forever()
    │    └ <function BaseEventLoop.run_forever at 0x7ae655d67ec0>
    └ <_UnixSelectorEventLoop running=True closed=False debug=False>
  File "/usr/lib/python3.12/asyncio/base_events.py", line 641, in run_forever
    self._run_once()
    │    └ <function BaseEventLoop._run_once at 0x7ae655d6dd00>
    └ <_UnixSelectorEventLoop running=True closed=False debug=False>
  File "/usr/lib/python3.12/asyncio/base_events.py", line 1987, in _run_once
    handle._run()
    │      └ <function Handle._run at 0x7ae6564fa200>
    └ <Handle Task.task_wakeup(<Future finished result=True>)>
  File "/usr/lib/python3.12/asyncio/events.py", line 88, in _run
    self._context.run(self._callback, *self._args)
    │    │            │    │           │    └ <member '_args' of 'Handle' objects>
    │    │            │    │           └ <Handle Task.task_wakeup(<Future finished result=True>)>
    │    │            │    └ <member '_callback' of 'Handle' objects>
    │    │            └ <Handle Task.task_wakeup(<Future finished result=True>)>
    │    └ <member '_context' of 'Handle' objects>
    └ <Handle Task.task_wakeup(<Future finished result=True>)>
  File "/home/serg/PycharmProjects/WordChain/backend/.venv/lib/python3.12/site-packages/uvicorn/protocols/http/h11_impl.py", line 410, in run_asgi
    result = await app(  # type: ignore[func-returns-value]
                   └ <uvicorn.middleware.proxy_headers.ProxyHeadersMiddleware object at 0x7ae6559e5ee0>
  File "/home/serg/PycharmProjects/WordChain/backend/.venv/lib/python3.12/site-packages/uvicorn/middleware/proxy_headers.py", line 60, in __call__
    return await self.app(scope, receive, send)
                 │    │   │      │        └ <bound method RequestResponseCycle.send of <uvicorn.protocols.http.h11_impl.RequestResponseCycle object at 0x7ae650c655b0>>
                 │    │   │      └ <bound method RequestResponseCycle.receive of <uvicorn.protocols.http.h11_impl.RequestResponseCycle object at 0x7ae650c655b0>>
                 │    │   └ {'type': 'http', 'asgi': {'version': '3.0', 'spec_version': '2.3'}, 'http_version': '1.1', 'server': ('127.0.0.1', 8000), 'cl...
                 │    └ <fastapi.applications.FastAPI object at 0x7ae655a4a780>
                 └ <uvicorn.middleware.proxy_headers.ProxyHeadersMiddleware object at 0x7ae6559e5ee0>
  File "/home/serg/PycharmProjects/WordChain/backend/.venv/lib/python3.12/site-packages/fastapi/applications.py", line 1135, in __call__
    await super().__call__(scope, receive, send)
                           │      │        └ <bound method RequestResponseCycle.send of <uvicorn.protocols.http.h11_impl.RequestResponseCycle object at 0x7ae650c655b0>>
                           │      └ <bound method RequestResponseCycle.receive of <uvicorn.protocols.http.h11_impl.RequestResponseCycle object at 0x7ae650c655b0>>
                           └ {'type': 'http', 'asgi': {'version': '3.0', 'spec_version': '2.3'}, 'http_version': '1.1', 'server': ('127.0.0.1', 8000), 'cl...
  File "/home/serg/PycharmProjects/WordChain/backend/.venv/lib/python3.12/site-packages/starlette/applications.py", line 107, in __call__
    await self.middleware_stack(scope, receive, send)
          │    │                │      │        └ <bound method RequestResponseCycle.send of <uvicorn.protocols.http.h11_impl.RequestResponseCycle object at 0x7ae650c655b0>>
          │    │                │      └ <bound method RequestResponseCycle.receive of <uvicorn.protocols.http.h11_impl.RequestResponseCycle object at 0x7ae650c655b0>>
          │    │                └ {'type': 'http', 'asgi': {'version': '3.0', 'spec_version': '2.3'}, 'http_version': '1.1', 'server': ('127.0.0.1', 8000), 'cl...
          │    └ <starlette.middleware.errors.ServerErrorMiddleware object at 0x7ae6515dc290>
          └ <fastapi.applications.FastAPI object at 0x7ae655a4a780>
  File "/home/serg/PycharmProjects/WordChain/backend/.venv/lib/python3.12/site-packages/starlette/middleware/errors.py", line 164, in __call__
    await self.app(scope, receive, _send)
          │    │   │      │        └ <function ServerErrorMiddleware.__call__.<locals>._send at 0x7ae650c5e8e0>
          │    │   │      └ <bound method RequestResponseCycle.receive of <uvicorn.protocols.http.h11_impl.RequestResponseCycle object at 0x7ae650c655b0>>
          │    │   └ {'type': 'http', 'asgi': {'version': '3.0', 'spec_version': '2.3'}, 'http_version': '1.1', 'server': ('127.0.0.1', 8000), 'cl...
          │    └ <starlette.middleware.base.BaseHTTPMiddleware object at 0x7ae6515dc2f0>
          └ <starlette.middleware.errors.ServerErrorMiddleware object at 0x7ae6515dc290>
  File "/home/serg/PycharmProjects/WordChain/backend/.venv/lib/python3.12/site-packages/starlette/middleware/base.py", line 193, in __call__
    response = await self.dispatch_func(request, call_next)
                     │    │             │        └ <function BaseHTTPMiddleware.__call__.<locals>.call_next at 0x7ae650c5dda0>
                     │    │             └ <starlette.middleware.base._CachedRequest object at 0x7ae650c4e390>
                     │    └ <function log_requests at 0x7ae6515cc400>
                     └ <starlette.middleware.base.BaseHTTPMiddleware object at 0x7ae6515dc2f0>

> File "/home/serg/PycharmProjects/WordChain/backend/app/main.py", line 72, in log_requests
    response = await call_next(request)
                     │         └ <starlette.middleware.base._CachedRequest object at 0x7ae650c4e390>
                     └ <function BaseHTTPMiddleware.__call__.<locals>.call_next at 0x7ae650c5dda0>

  File "/home/serg/PycharmProjects/WordChain/backend/.venv/lib/python3.12/site-packages/starlette/middleware/base.py", line 168, in call_next
    raise app_exc from app_exc.__cause__ or app_exc.__context__
          │            │       │            │       └ <attribute '__context__' of 'BaseException' objects>
          │            │       │            └ ResponseValidationError()
          │            │       └ <attribute '__cause__' of 'BaseException' objects>
          │            └ ResponseValidationError()
          └ ResponseValidationError()
  File "/home/serg/PycharmProjects/WordChain/backend/.venv/lib/python3.12/site-packages/starlette/middleware/base.py", line 144, in coro
    await self.app(scope, receive_or_disconnect, send_no_error)
          │    │   │      │                      └ <function BaseHTTPMiddleware.__call__.<locals>.call_next.<locals>.send_no_error at 0x7ae650c5ed40>
          │    │   │      └ <function BaseHTTPMiddleware.__call__.<locals>.call_next.<locals>.receive_or_disconnect at 0x7ae650c5fa60>
          │    │   └ {'type': 'http', 'asgi': {'version': '3.0', 'spec_version': '2.3'}, 'http_version': '1.1', 'server': ('127.0.0.1', 8000), 'cl...
          │    └ <starlette.middleware.cors.CORSMiddleware object at 0x7ae6515dc230>
          └ <starlette.middleware.base.BaseHTTPMiddleware object at 0x7ae6515dc2f0>
  File "/home/serg/PycharmProjects/WordChain/backend/.venv/lib/python3.12/site-packages/starlette/middleware/cors.py", line 93, in __call__
    await self.simple_response(scope, receive, send, request_headers=headers)
          │    │               │      │        │                     └ Headers({'host': '127.0.0.1:8000', 'connection': 'keep-alive', 'content-length': '184', 'sec-ch-ua-platform': '"Linux"', 'aut...
          │    │               │      │        └ <function BaseHTTPMiddleware.__call__.<locals>.call_next.<locals>.send_no_error at 0x7ae650c5ed40>
          │    │               │      └ <function BaseHTTPMiddleware.__call__.<locals>.call_next.<locals>.receive_or_disconnect at 0x7ae650c5fa60>
          │    │               └ {'type': 'http', 'asgi': {'version': '3.0', 'spec_version': '2.3'}, 'http_version': '1.1', 'server': ('127.0.0.1', 8000), 'cl...
          │    └ <function CORSMiddleware.simple_response at 0x7ae654b57740>
          └ <starlette.middleware.cors.CORSMiddleware object at 0x7ae6515dc230>
  File "/home/serg/PycharmProjects/WordChain/backend/.venv/lib/python3.12/site-packages/starlette/middleware/cors.py", line 144, in simple_response
    await self.app(scope, receive, send)
          │    │   │      │        └ functools.partial(<bound method CORSMiddleware.send of <starlette.middleware.cors.CORSMiddleware object at 0x7ae6515dc230>>, ...
          │    │   │      └ <function BaseHTTPMiddleware.__call__.<locals>.call_next.<locals>.receive_or_disconnect at 0x7ae650c5fa60>
          │    │   └ {'type': 'http', 'asgi': {'version': '3.0', 'spec_version': '2.3'}, 'http_version': '1.1', 'server': ('127.0.0.1', 8000), 'cl...
          │    └ <starlette.middleware.exceptions.ExceptionMiddleware object at 0x7ae6520242f0>
          └ <starlette.middleware.cors.CORSMiddleware object at 0x7ae6515dc230>
  File "/home/serg/PycharmProjects/WordChain/backend/.venv/lib/python3.12/site-packages/starlette/middleware/exceptions.py", line 63, in __call__
    await wrap_app_handling_exceptions(self.app, conn)(scope, receive, send)
          │                            │    │    │     │      │        └ functools.partial(<bound method CORSMiddleware.send of <starlette.middleware.cors.CORSMiddleware object at 0x7ae6515dc230>>, ...
          │                            │    │    │     │      └ <function BaseHTTPMiddleware.__call__.<locals>.call_next.<locals>.receive_or_disconnect at 0x7ae650c5fa60>
          │                            │    │    │     └ {'type': 'http', 'asgi': {'version': '3.0', 'spec_version': '2.3'}, 'http_version': '1.1', 'server': ('127.0.0.1', 8000), 'cl...
          │                            │    │    └ <starlette.requests.Request object at 0x7ae650c657c0>
          │                            │    └ <fastapi.middleware.asyncexitstack.AsyncExitStackMiddleware object at 0x7ae6515dc260>
          │                            └ <starlette.middleware.exceptions.ExceptionMiddleware object at 0x7ae6520242f0>
          └ <function wrap_app_handling_exceptions at 0x7ae654b0d6c0>
  File "/home/serg/PycharmProjects/WordChain/backend/.venv/lib/python3.12/site-packages/starlette/_exception_handler.py", line 53, in wrapped_app
    raise exc
  File "/home/serg/PycharmProjects/WordChain/backend/.venv/lib/python3.12/site-packages/starlette/_exception_handler.py", line 42, in wrapped_app
    await app(scope, receive, sender)
          │   │      │        └ <function wrap_app_handling_exceptions.<locals>.wrapped_app.<locals>.sender at 0x7ae650c5eb60>
          │   │      └ <function BaseHTTPMiddleware.__call__.<locals>.call_next.<locals>.receive_or_disconnect at 0x7ae650c5fa60>
          │   └ {'type': 'http', 'asgi': {'version': '3.0', 'spec_version': '2.3'}, 'http_version': '1.1', 'server': ('127.0.0.1', 8000), 'cl...
          └ <fastapi.middleware.asyncexitstack.AsyncExitStackMiddleware object at 0x7ae6515dc260>
  File "/home/serg/PycharmProjects/WordChain/backend/.venv/lib/python3.12/site-packages/fastapi/middleware/asyncexitstack.py", line 18, in __call__
    await self.app(scope, receive, send)
          │    │   │      │        └ <function wrap_app_handling_exceptions.<locals>.wrapped_app.<locals>.sender at 0x7ae650c5eb60>
          │    │   │      └ <function BaseHTTPMiddleware.__call__.<locals>.call_next.<locals>.receive_or_disconnect at 0x7ae650c5fa60>
          │    │   └ {'type': 'http', 'asgi': {'version': '3.0', 'spec_version': '2.3'}, 'http_version': '1.1', 'server': ('127.0.0.1', 8000), 'cl...
          │    └ <fastapi.routing.APIRouter object at 0x7ae6516a77a0>
          └ <fastapi.middleware.asyncexitstack.AsyncExitStackMiddleware object at 0x7ae6515dc260>
  File "/home/serg/PycharmProjects/WordChain/backend/.venv/lib/python3.12/site-packages/starlette/routing.py", line 716, in __call__
    await self.middleware_stack(scope, receive, send)
          │    │                │      │        └ <function wrap_app_handling_exceptions.<locals>.wrapped_app.<locals>.sender at 0x7ae650c5eb60>
          │    │                │      └ <function BaseHTTPMiddleware.__call__.<locals>.call_next.<locals>.receive_or_disconnect at 0x7ae650c5fa60>
          │    │                └ {'type': 'http', 'asgi': {'version': '3.0', 'spec_version': '2.3'}, 'http_version': '1.1', 'server': ('127.0.0.1', 8000), 'cl...
          │    └ <bound method Router.app of <fastapi.routing.APIRouter object at 0x7ae6516a77a0>>
          └ <fastapi.routing.APIRouter object at 0x7ae6516a77a0>
  File "/home/serg/PycharmProjects/WordChain/backend/.venv/lib/python3.12/site-packages/starlette/routing.py", line 736, in app
    await route.handle(scope, receive, send)
          │     │      │      │        └ <function wrap_app_handling_exceptions.<locals>.wrapped_app.<locals>.sender at 0x7ae650c5eb60>
          │     │      │      └ <function BaseHTTPMiddleware.__call__.<locals>.call_next.<locals>.receive_or_disconnect at 0x7ae650c5fa60>
          │     │      └ {'type': 'http', 'asgi': {'version': '3.0', 'spec_version': '2.3'}, 'http_version': '1.1', 'server': ('127.0.0.1', 8000), 'cl...
          │     └ <function Route.handle at 0x7ae654b0eca0>
          └ APIRoute(path='/saveWord', name='save_word', methods=['POST'])
  File "/home/serg/PycharmProjects/WordChain/backend/.venv/lib/python3.12/site-packages/starlette/routing.py", line 290, in handle
    await self.app(scope, receive, send)
          │    │   │      │        └ <function wrap_app_handling_exceptions.<locals>.wrapped_app.<locals>.sender at 0x7ae650c5eb60>
          │    │   │      └ <function BaseHTTPMiddleware.__call__.<locals>.call_next.<locals>.receive_or_disconnect at 0x7ae650c5fa60>
          │    │   └ {'type': 'http', 'asgi': {'version': '3.0', 'spec_version': '2.3'}, 'http_version': '1.1', 'server': ('127.0.0.1', 8000), 'cl...
          │    └ <function request_response.<locals>.app at 0x7ae651596840>
          └ APIRoute(path='/saveWord', name='save_word', methods=['POST'])
  File "/home/serg/PycharmProjects/WordChain/backend/.venv/lib/python3.12/site-packages/fastapi/routing.py", line 120, in app
    await wrap_app_handling_exceptions(app, request)(scope, receive, send)
          │                            │    │        │      │        └ <function wrap_app_handling_exceptions.<locals>.wrapped_app.<locals>.sender at 0x7ae650c5eb60>
          │                            │    │        │      └ <function BaseHTTPMiddleware.__call__.<locals>.call_next.<locals>.receive_or_disconnect at 0x7ae650c5fa60>
          │                            │    │        └ {'type': 'http', 'asgi': {'version': '3.0', 'spec_version': '2.3'}, 'http_version': '1.1', 'server': ('127.0.0.1', 8000), 'cl...
          │                            │    └ <starlette.requests.Request object at 0x7ae650c64470>
          │                            └ <function request_response.<locals>.app.<locals>.app at 0x7ae650c5eca0>
          └ <function wrap_app_handling_exceptions at 0x7ae654b0d6c0>
  File "/home/serg/PycharmProjects/WordChain/backend/.venv/lib/python3.12/site-packages/starlette/_exception_handler.py", line 53, in wrapped_app
    raise exc
  File "/home/serg/PycharmProjects/WordChain/backend/.venv/lib/python3.12/site-packages/starlette/_exception_handler.py", line 42, in wrapped_app
    await app(scope, receive, sender)
          │   │      │        └ <function wrap_app_handling_exceptions.<locals>.wrapped_app.<locals>.sender at 0x7ae650c5ea20>
          │   │      └ <function BaseHTTPMiddleware.__call__.<locals>.call_next.<locals>.receive_or_disconnect at 0x7ae650c5fa60>
          │   └ {'type': 'http', 'asgi': {'version': '3.0', 'spec_version': '2.3'}, 'http_version': '1.1', 'server': ('127.0.0.1', 8000), 'cl...
          └ <function request_response.<locals>.app.<locals>.app at 0x7ae650c5eca0>
  File "/home/serg/PycharmProjects/WordChain/backend/.venv/lib/python3.12/site-packages/fastapi/routing.py", line 106, in app
    response = await f(request)
                     │ └ <starlette.requests.Request object at 0x7ae650c64470>
                     └ <function get_request_handler.<locals>.app at 0x7ae6515967a0>
  File "/home/serg/PycharmProjects/WordChain/backend/.venv/lib/python3.12/site-packages/fastapi/routing.py", line 449, in app
    content = await serialize_response(
                    └ <function serialize_response at 0x7ae654b24b80>
  File "/home/serg/PycharmProjects/WordChain/backend/.venv/lib/python3.12/site-packages/fastapi/routing.py", line 275, in serialize_response
    raise ResponseValidationError(
          └ <class 'fastapi.exceptions.ResponseValidationError'>

fastapi.exceptions.ResponseValidationError: 1 validation error:
  {'type': 'string_type', 'loc': ('response', 'synonyms'), 'msg': 'Input should be a valid string', 'input': []}

  File "/home/serg/PycharmProjects/WordChain/backend/app/routers/save_word.py", line 14, in save_word
    POST /saveWord
2026-05-23 09:33:57.184 | INFO     | app.main:log_requests:69 - Incoming request: POST http://127.0.0.1:8000/frontend-log
2026-05-23 09:33:57.184 | INFO     | app.main:log_requests:69 - Incoming request: POST http://127.0.0.1:8000/frontend-log
2026-05-23 09:33:57.186 | INFO     | app.routers.logs:receive_frontend_logs:10 - [ERROR] SaveWord request failed {'endpoint': '/saveWord', 'method': 'POST', 'error': 'Failed to fetch'}
2026-05-23 09:33:57.186 | INFO     | app.routers.logs:receive_frontend_logs:10 - [ERROR] Save request failed in UI {'error': 'Failed to fetch'}
2026-05-23 09:33:57.186 | INFO     | app.main:log_requests:77 - Response status: 200
2026-05-23 09:33:57.187 | INFO     | app.main:log_requests:77 - Response status: 200
2026-05-23 09:37:19.402 | INFO     | app.main:log_requests:69 - Incoming request: POST http://127.0.0.1:8000/frontend-log
2026-05-23 09:37:19.404 | INFO     | app.main:log_requests:69 - Incoming request: POST http://127.0.0.1:8000/frontend-log
2026-05-23 09:37:19.404 | INFO     | app.main:log_requests:69 - Incoming request: POST http://127.0.0.1:8000/frontend-log
2026-05-23 09:37:19.405 | INFO     | app.main:log_requests:69 - Incoming request: POST http://127.0.0.1:8000/translate
2026-05-23 09:37:19.406 | INFO     | app.routers.logs:receive_frontend_logs:10 - [INFO] Translate button clicked {}
2026-05-23 09:37:19.407 | INFO     | app.routers.logs:receive_frontend_logs:10 - [INFO] Translate request start {'word': 'library', 'sourceLang': 'en', 'targetLang': 'ru'}
2026-05-23 09:37:19.407 | INFO     | app.routers.logs:receive_frontend_logs:10 - [INFO] Translate request shape {'endpoint': '/translate', 'method': 'POST', 'bodyShape': ['word', 'source_lang', 'target_lang'], 'bodyPreview': {'word': 'library', 'source_lang': 'en', 'target_lang': 'ru'}}
2026-05-23 09:37:19.407 | INFO     | app.main:log_requests:77 - Response status: 200
2026-05-23 09:37:19.408 | INFO     | app.main:log_requests:77 - Response status: 200
2026-05-23 09:37:19.408 | INFO     | app.main:log_requests:77 - Response status: 200
2026-05-23 09:37:19.409 | INFO     | app.routers.translation:translate:10 - Translation attempt: library
2026-05-23 09:37:22.996 | SUCCESS  | app.routers.translation:translate:19 - Translation success: library
2026-05-23 09:37:22.997 | INFO     | app.main:log_requests:77 - Response status: 200
2026-05-23 09:37:23.000 | INFO     | app.main:log_requests:69 - Incoming request: POST http://127.0.0.1:8000/frontend-log
2026-05-23 09:37:23.001 | INFO     | app.main:log_requests:69 - Incoming request: POST http://127.0.0.1:8000/frontend-log
2026-05-23 09:37:23.002 | INFO     | app.routers.logs:receive_frontend_logs:10 - [INFO] Translate response shape {'status': None, 'keys': ['word', 'translation', 'part_of_speech', 'transcription', 'examples', 'synonyms', 'antonyms'], 'hasTranslation': True, 'hasTranscription': True, 'hasPartOfSpeech': True}
2026-05-23 09:37:23.003 | INFO     | app.routers.logs:receive_frontend_logs:10 - [INFO] Translate request success {'hasTranslation': True}
2026-05-23 09:37:23.003 | INFO     | app.main:log_requests:77 - Response status: 200
2026-05-23 09:37:23.004 | INFO     | app.main:log_requests:77 - Response status: 200
2026-05-23 09:37:24.458 | INFO     | app.main:log_requests:69 - Incoming request: POST http://127.0.0.1:8000/frontend-log
2026-05-23 09:37:24.460 | INFO     | app.main:log_requests:69 - Incoming request: POST http://127.0.0.1:8000/frontend-log
2026-05-23 09:37:24.460 | INFO     | app.routers.logs:receive_frontend_logs:10 - [INFO] Save button clicked {'hasResult': True}
2026-05-23 09:37:24.461 | INFO     | app.main:log_requests:69 - Incoming request: POST http://127.0.0.1:8000/saveWord
2026-05-23 09:37:24.462 | INFO     | app.main:log_requests:77 - Response status: 200
2026-05-23 09:37:24.462 | INFO     | app.routers.logs:receive_frontend_logs:10 - [INFO] SaveWord request shape {'endpoint': '/saveWord', 'method': 'POST', 'bodyShape': ['word', 'translation', 'transcription', 'part_of_speech'], 'bodyPreview': {'word': 'library', 'translation': 'библиотека, библиотекa, книгохранилище, медиатека, архив, читальня', 'transcription': 'ˈlaɪbrəri', 'part_of_speech': 'noun'}}
2026-05-23 09:37:24.463 | INFO     | app.main:log_requests:77 - Response status: 200
2026-05-23 09:37:24.473 | INFO     | app.routers.save_word:save_word:21 - Saving attempt: library
2026-05-23 09:37:24.484 | INFO     | app.routers.save_word:save_word:39 - Word saved success: library
2026-05-23 09:37:24.484 | INFO     | app.services.set_service:check_and_create_set:17 - [SET] Checking if user 2 needs a new set...
2026-05-23 09:37:24.486 | INFO     | app.services.set_service:check_and_create_set:26 - [SET] User 2 has total words: 41
2026-05-23 09:37:24.487 | INFO     | app.services.set_service:check_and_create_set:33 - [SET] User 2 has used words (in sets): 36
2026-05-23 09:37:24.488 | INFO     | app.services.set_service:check_and_create_set:38 - [SET] User 2 has FREE words: 5
2026-05-23 09:37:24.488 | INFO     | app.services.set_service:check_and_create_set:42 - [SET] Not enough free words (5/6). No new set.
2026-05-23 09:37:24.488 | ERROR    | app.main:log_requests:74 - Unhandled error: 1 validation error:
  {'type': 'string_type', 'loc': ('response', 'synonyms'), 'msg': 'Input should be a valid string', 'input': []}

  File "/home/serg/PycharmProjects/WordChain/backend/app/routers/save_word.py", line 14, in save_word
    POST /saveWord
Traceback (most recent call last):

  File "<string>", line 1, in <module>
  File "/usr/lib/python3.12/multiprocessing/spawn.py", line 122, in spawn_main
    exitcode = _main(fd, parent_sentinel)
               │     │   └ 4
               │     └ 7
               └ <function _main at 0x7735fbce1c60>
  File "/usr/lib/python3.12/multiprocessing/spawn.py", line 135, in _main
    return self._bootstrap(parent_sentinel)
           │    │          └ 4
           │    └ <function BaseProcess._bootstrap at 0x7735fbdbff60>
           └ <SpawnProcess name='SpawnProcess-5' parent=3967 started>
  File "/usr/lib/python3.12/multiprocessing/process.py", line 314, in _bootstrap
    self.run()
    │    └ <function BaseProcess.run at 0x7735fbdbf4c0>
    └ <SpawnProcess name='SpawnProcess-5' parent=3967 started>
  File "/usr/lib/python3.12/multiprocessing/process.py", line 108, in run
    self._target(*self._args, **self._kwargs)
    │    │        │    │        │    └ {'config': <uvicorn.config.Config object at 0x7735faf05070>, 'target': <bound method Server.run of <uvicorn.server.Server obj...
    │    │        │    │        └ <SpawnProcess name='SpawnProcess-5' parent=3967 started>
    │    │        │    └ ()
    │    │        └ <SpawnProcess name='SpawnProcess-5' parent=3967 started>
    │    └ <function subprocess_started at 0x7735faf0db20>
    └ <SpawnProcess name='SpawnProcess-5' parent=3967 started>
  File "/home/serg/PycharmProjects/WordChain/backend/.venv/lib/python3.12/site-packages/uvicorn/_subprocess.py", line 80, in subprocess_started
    target(sockets=sockets)
    │              └ [<socket.socket fd=3, family=2, type=1, proto=0, laddr=('127.0.0.1', 8000)>]
    └ <bound method Server.run of <uvicorn.server.Server object at 0x7735faf56330>>
  File "/home/serg/PycharmProjects/WordChain/backend/.venv/lib/python3.12/site-packages/uvicorn/server.py", line 67, in run
    return asyncio_run(self.serve(sockets=sockets), loop_factory=self.config.get_loop_factory())
           │           │    │             │                      │    │      └ <function Config.get_loop_factory at 0x7735fb098d60>
           │           │    │             │                      │    └ <uvicorn.config.Config object at 0x7735faf05070>
           │           │    │             │                      └ <uvicorn.server.Server object at 0x7735faf56330>
           │           │    │             └ [<socket.socket fd=3, family=2, type=1, proto=0, laddr=('127.0.0.1', 8000)>]
           │           │    └ <function Server.serve at 0x7735faf0cea0>
           │           └ <uvicorn.server.Server object at 0x7735faf56330>
           └ <function run at 0x7735fb7fec00>
  File "/usr/lib/python3.12/asyncio/runners.py", line 194, in run
    return runner.run(main)
           │      │   └ <coroutine object Server.serve at 0x7735fbd449e0>
           │      └ <function Runner.run at 0x7735fb85e340>
           └ <asyncio.runners.Runner object at 0x7735fb0b1250>
  File "/usr/lib/python3.12/asyncio/runners.py", line 118, in run
    return self._loop.run_until_complete(task)
           │    │     │                  └ <Task pending name='Task-1' coro=<Server.serve() running at /home/serg/PycharmProjects/WordChain/backend/.venv/lib/python3.12...
           │    │     └ <function BaseEventLoop.run_until_complete at 0x7735fb857f60>
           │    └ <_UnixSelectorEventLoop running=True closed=False debug=False>
           └ <asyncio.runners.Runner object at 0x7735fb0b1250>
  File "/usr/lib/python3.12/asyncio/base_events.py", line 674, in run_until_complete
    self.run_forever()
    │    └ <function BaseEventLoop.run_forever at 0x7735fb857ec0>
    └ <_UnixSelectorEventLoop running=True closed=False debug=False>
  File "/usr/lib/python3.12/asyncio/base_events.py", line 641, in run_forever
    self._run_once()
    │    └ <function BaseEventLoop._run_once at 0x7735fb85dd00>
    └ <_UnixSelectorEventLoop running=True closed=False debug=False>
  File "/usr/lib/python3.12/asyncio/base_events.py", line 1987, in _run_once
    handle._run()
    │      └ <function Handle._run at 0x7735fbaca200>
    └ <Handle Task.task_wakeup(<Future finished result=True>)>
  File "/usr/lib/python3.12/asyncio/events.py", line 88, in _run
    self._context.run(self._callback, *self._args)
    │    │            │    │           │    └ <member '_args' of 'Handle' objects>
    │    │            │    │           └ <Handle Task.task_wakeup(<Future finished result=True>)>
    │    │            │    └ <member '_callback' of 'Handle' objects>
    │    │            └ <Handle Task.task_wakeup(<Future finished result=True>)>
    │    └ <member '_context' of 'Handle' objects>
    └ <Handle Task.task_wakeup(<Future finished result=True>)>
  File "/home/serg/PycharmProjects/WordChain/backend/.venv/lib/python3.12/site-packages/uvicorn/protocols/http/h11_impl.py", line 410, in run_asgi
    result = await app(  # type: ignore[func-returns-value]
                   └ <uvicorn.middleware.proxy_headers.ProxyHeadersMiddleware object at 0x7735faf942f0>
  File "/home/serg/PycharmProjects/WordChain/backend/.venv/lib/python3.12/site-packages/uvicorn/middleware/proxy_headers.py", line 60, in __call__
    return await self.app(scope, receive, send)
                 │    │   │      │        └ <bound method RequestResponseCycle.send of <uvicorn.protocols.http.h11_impl.RequestResponseCycle object at 0x7735f17e07d0>>
                 │    │   │      └ <bound method RequestResponseCycle.receive of <uvicorn.protocols.http.h11_impl.RequestResponseCycle object at 0x7735f17e07d0>>
                 │    │   └ {'type': 'http', 'asgi': {'version': '3.0', 'spec_version': '2.3'}, 'http_version': '1.1', 'server': ('127.0.0.1', 8000), 'cl...
                 │    └ <fastapi.applications.FastAPI object at 0x7735fafdd0a0>
                 └ <uvicorn.middleware.proxy_headers.ProxyHeadersMiddleware object at 0x7735faf942f0>
  File "/home/serg/PycharmProjects/WordChain/backend/.venv/lib/python3.12/site-packages/fastapi/applications.py", line 1135, in __call__
    await super().__call__(scope, receive, send)
                           │      │        └ <bound method RequestResponseCycle.send of <uvicorn.protocols.http.h11_impl.RequestResponseCycle object at 0x7735f17e07d0>>
                           │      └ <bound method RequestResponseCycle.receive of <uvicorn.protocols.http.h11_impl.RequestResponseCycle object at 0x7735f17e07d0>>
                           └ {'type': 'http', 'asgi': {'version': '3.0', 'spec_version': '2.3'}, 'http_version': '1.1', 'server': ('127.0.0.1', 8000), 'cl...
  File "/home/serg/PycharmProjects/WordChain/backend/.venv/lib/python3.12/site-packages/starlette/applications.py", line 107, in __call__
    await self.middleware_stack(scope, receive, send)
          │    │                │      │        └ <bound method RequestResponseCycle.send of <uvicorn.protocols.http.h11_impl.RequestResponseCycle object at 0x7735f17e07d0>>
          │    │                │      └ <bound method RequestResponseCycle.receive of <uvicorn.protocols.http.h11_impl.RequestResponseCycle object at 0x7735f17e07d0>>
          │    │                └ {'type': 'http', 'asgi': {'version': '3.0', 'spec_version': '2.3'}, 'http_version': '1.1', 'server': ('127.0.0.1', 8000), 'cl...
          │    └ <starlette.middleware.errors.ServerErrorMiddleware object at 0x7735f2adc470>
          └ <fastapi.applications.FastAPI object at 0x7735fafdd0a0>
  File "/home/serg/PycharmProjects/WordChain/backend/.venv/lib/python3.12/site-packages/starlette/middleware/errors.py", line 164, in __call__
    await self.app(scope, receive, _send)
          │    │   │      │        └ <function ServerErrorMiddleware.__call__.<locals>._send at 0x7735f21620c0>
          │    │   │      └ <bound method RequestResponseCycle.receive of <uvicorn.protocols.http.h11_impl.RequestResponseCycle object at 0x7735f17e07d0>>
          │    │   └ {'type': 'http', 'asgi': {'version': '3.0', 'spec_version': '2.3'}, 'http_version': '1.1', 'server': ('127.0.0.1', 8000), 'cl...
          │    └ <starlette.middleware.base.BaseHTTPMiddleware object at 0x7735f2cd0bc0>
          └ <starlette.middleware.errors.ServerErrorMiddleware object at 0x7735f2adc470>
  File "/home/serg/PycharmProjects/WordChain/backend/.venv/lib/python3.12/site-packages/starlette/middleware/base.py", line 193, in __call__
    response = await self.dispatch_func(request, call_next)
                     │    │             │        └ <function BaseHTTPMiddleware.__call__.<locals>.call_next at 0x7735f1875a80>
                     │    │             └ <starlette.middleware.base._CachedRequest object at 0x7735f214f080>
                     │    └ <function log_requests at 0x7735f2ae0360>
                     └ <starlette.middleware.base.BaseHTTPMiddleware object at 0x7735f2cd0bc0>

> File "/home/serg/PycharmProjects/WordChain/backend/app/main.py", line 72, in log_requests
    response = await call_next(request)
                     │         └ <starlette.middleware.base._CachedRequest object at 0x7735f214f080>
                     └ <function BaseHTTPMiddleware.__call__.<locals>.call_next at 0x7735f1875a80>

  File "/home/serg/PycharmProjects/WordChain/backend/.venv/lib/python3.12/site-packages/starlette/middleware/base.py", line 168, in call_next
    raise app_exc from app_exc.__cause__ or app_exc.__context__
          │            │       │            │       └ <attribute '__context__' of 'BaseException' objects>
          │            │       │            └ ResponseValidationError()
          │            │       └ <attribute '__cause__' of 'BaseException' objects>
          │            └ ResponseValidationError()
          └ ResponseValidationError()
  File "/home/serg/PycharmProjects/WordChain/backend/.venv/lib/python3.12/site-packages/starlette/middleware/base.py", line 144, in coro
    await self.app(scope, receive_or_disconnect, send_no_error)
          │    │   │      │                      └ <function BaseHTTPMiddleware.__call__.<locals>.call_next.<locals>.send_no_error at 0x7735f1875b20>
          │    │   │      └ <function BaseHTTPMiddleware.__call__.<locals>.call_next.<locals>.receive_or_disconnect at 0x7735f1875760>
          │    │   └ {'type': 'http', 'asgi': {'version': '3.0', 'spec_version': '2.3'}, 'http_version': '1.1', 'server': ('127.0.0.1', 8000), 'cl...
          │    └ <starlette.middleware.cors.CORSMiddleware object at 0x7735f2adc3b0>
          └ <starlette.middleware.base.BaseHTTPMiddleware object at 0x7735f2cd0bc0>
  File "/home/serg/PycharmProjects/WordChain/backend/.venv/lib/python3.12/site-packages/starlette/middleware/cors.py", line 93, in __call__
    await self.simple_response(scope, receive, send, request_headers=headers)
          │    │               │      │        │                     └ Headers({'host': '127.0.0.1:8000', 'connection': 'keep-alive', 'content-length': '211', 'sec-ch-ua-platform': '"Linux"', 'aut...
          │    │               │      │        └ <function BaseHTTPMiddleware.__call__.<locals>.call_next.<locals>.send_no_error at 0x7735f1875b20>
          │    │               │      └ <function BaseHTTPMiddleware.__call__.<locals>.call_next.<locals>.receive_or_disconnect at 0x7735f1875760>
          │    │               └ {'type': 'http', 'asgi': {'version': '3.0', 'spec_version': '2.3'}, 'http_version': '1.1', 'server': ('127.0.0.1', 8000), 'cl...
          │    └ <function CORSMiddleware.simple_response at 0x7735fa053740>
          └ <starlette.middleware.cors.CORSMiddleware object at 0x7735f2adc3b0>
  File "/home/serg/PycharmProjects/WordChain/backend/.venv/lib/python3.12/site-packages/starlette/middleware/cors.py", line 144, in simple_response
    await self.app(scope, receive, send)
          │    │   │      │        └ functools.partial(<bound method CORSMiddleware.send of <starlette.middleware.cors.CORSMiddleware object at 0x7735f2adc3b0>>, ...
          │    │   │      └ <function BaseHTTPMiddleware.__call__.<locals>.call_next.<locals>.receive_or_disconnect at 0x7735f1875760>
          │    │   └ {'type': 'http', 'asgi': {'version': '3.0', 'spec_version': '2.3'}, 'http_version': '1.1', 'server': ('127.0.0.1', 8000), 'cl...
          │    └ <starlette.middleware.exceptions.ExceptionMiddleware object at 0x7735f2adc410>
          └ <starlette.middleware.cors.CORSMiddleware object at 0x7735f2adc3b0>
  File "/home/serg/PycharmProjects/WordChain/backend/.venv/lib/python3.12/site-packages/starlette/middleware/exceptions.py", line 63, in __call__
    await wrap_app_handling_exceptions(self.app, conn)(scope, receive, send)
          │                            │    │    │     │      │        └ functools.partial(<bound method CORSMiddleware.send of <starlette.middleware.cors.CORSMiddleware object at 0x7735f2adc3b0>>, ...
          │                            │    │    │     │      └ <function BaseHTTPMiddleware.__call__.<locals>.call_next.<locals>.receive_or_disconnect at 0x7735f1875760>
          │                            │    │    │     └ {'type': 'http', 'asgi': {'version': '3.0', 'spec_version': '2.3'}, 'http_version': '1.1', 'server': ('127.0.0.1', 8000), 'cl...
          │                            │    │    └ <starlette.requests.Request object at 0x7735f214deb0>
          │                            │    └ <fastapi.middleware.asyncexitstack.AsyncExitStackMiddleware object at 0x7735f2adc380>
          │                            └ <starlette.middleware.exceptions.ExceptionMiddleware object at 0x7735f2adc410>
          └ <function wrap_app_handling_exceptions at 0x7735fa0016c0>
  File "/home/serg/PycharmProjects/WordChain/backend/.venv/lib/python3.12/site-packages/starlette/_exception_handler.py", line 53, in wrapped_app
    raise exc
  File "/home/serg/PycharmProjects/WordChain/backend/.venv/lib/python3.12/site-packages/starlette/_exception_handler.py", line 42, in wrapped_app
    await app(scope, receive, sender)
          │   │      │        └ <function wrap_app_handling_exceptions.<locals>.wrapped_app.<locals>.sender at 0x7735f1876840>
          │   │      └ <function BaseHTTPMiddleware.__call__.<locals>.call_next.<locals>.receive_or_disconnect at 0x7735f1875760>
          │   └ {'type': 'http', 'asgi': {'version': '3.0', 'spec_version': '2.3'}, 'http_version': '1.1', 'server': ('127.0.0.1', 8000), 'cl...
          └ <fastapi.middleware.asyncexitstack.AsyncExitStackMiddleware object at 0x7735f2adc380>
  File "/home/serg/PycharmProjects/WordChain/backend/.venv/lib/python3.12/site-packages/fastapi/middleware/asyncexitstack.py", line 18, in __call__
    await self.app(scope, receive, send)
          │    │   │      │        └ <function wrap_app_handling_exceptions.<locals>.wrapped_app.<locals>.sender at 0x7735f1876840>
          │    │   │      └ <function BaseHTTPMiddleware.__call__.<locals>.call_next.<locals>.receive_or_disconnect at 0x7735f1875760>
          │    │   └ {'type': 'http', 'asgi': {'version': '3.0', 'spec_version': '2.3'}, 'http_version': '1.1', 'server': ('127.0.0.1', 8000), 'cl...
          │    └ <fastapi.routing.APIRouter object at 0x7735f2a528d0>
          └ <fastapi.middleware.asyncexitstack.AsyncExitStackMiddleware object at 0x7735f2adc380>
  File "/home/serg/PycharmProjects/WordChain/backend/.venv/lib/python3.12/site-packages/starlette/routing.py", line 716, in __call__
    await self.middleware_stack(scope, receive, send)
          │    │                │      │        └ <function wrap_app_handling_exceptions.<locals>.wrapped_app.<locals>.sender at 0x7735f1876840>
          │    │                │      └ <function BaseHTTPMiddleware.__call__.<locals>.call_next.<locals>.receive_or_disconnect at 0x7735f1875760>
          │    │                └ {'type': 'http', 'asgi': {'version': '3.0', 'spec_version': '2.3'}, 'http_version': '1.1', 'server': ('127.0.0.1', 8000), 'cl...
          │    └ <bound method Router.app of <fastapi.routing.APIRouter object at 0x7735f2a528d0>>
          └ <fastapi.routing.APIRouter object at 0x7735f2a528d0>
  File "/home/serg/PycharmProjects/WordChain/backend/.venv/lib/python3.12/site-packages/starlette/routing.py", line 736, in app
    await route.handle(scope, receive, send)
          │     │      │      │        └ <function wrap_app_handling_exceptions.<locals>.wrapped_app.<locals>.sender at 0x7735f1876840>
          │     │      │      └ <function BaseHTTPMiddleware.__call__.<locals>.call_next.<locals>.receive_or_disconnect at 0x7735f1875760>
          │     │      └ {'type': 'http', 'asgi': {'version': '3.0', 'spec_version': '2.3'}, 'http_version': '1.1', 'server': ('127.0.0.1', 8000), 'cl...
          │     └ <function Route.handle at 0x7735fa002ca0>
          └ APIRoute(path='/saveWord', name='save_word', methods=['POST'])
  File "/home/serg/PycharmProjects/WordChain/backend/.venv/lib/python3.12/site-packages/starlette/routing.py", line 290, in handle
    await self.app(scope, receive, send)
          │    │   │      │        └ <function wrap_app_handling_exceptions.<locals>.wrapped_app.<locals>.sender at 0x7735f1876840>
          │    │   │      └ <function BaseHTTPMiddleware.__call__.<locals>.call_next.<locals>.receive_or_disconnect at 0x7735f1875760>
          │    │   └ {'type': 'http', 'asgi': {'version': '3.0', 'spec_version': '2.3'}, 'http_version': '1.1', 'server': ('127.0.0.1', 8000), 'cl...
          │    └ <function request_response.<locals>.app at 0x7735f2aa27a0>
          └ APIRoute(path='/saveWord', name='save_word', methods=['POST'])
  File "/home/serg/PycharmProjects/WordChain/backend/.venv/lib/python3.12/site-packages/fastapi/routing.py", line 120, in app
    await wrap_app_handling_exceptions(app, request)(scope, receive, send)
          │                            │    │        │      │        └ <function wrap_app_handling_exceptions.<locals>.wrapped_app.<locals>.sender at 0x7735f1876840>
          │                            │    │        │      └ <function BaseHTTPMiddleware.__call__.<locals>.call_next.<locals>.receive_or_disconnect at 0x7735f1875760>
          │                            │    │        └ {'type': 'http', 'asgi': {'version': '3.0', 'spec_version': '2.3'}, 'http_version': '1.1', 'server': ('127.0.0.1', 8000), 'cl...
          │                            │    └ <starlette.requests.Request object at 0x7735f214f530>
          │                            └ <function request_response.<locals>.app.<locals>.app at 0x7735f18768e0>
          └ <function wrap_app_handling_exceptions at 0x7735fa0016c0>
  File "/home/serg/PycharmProjects/WordChain/backend/.venv/lib/python3.12/site-packages/starlette/_exception_handler.py", line 53, in wrapped_app
    raise exc
  File "/home/serg/PycharmProjects/WordChain/backend/.venv/lib/python3.12/site-packages/starlette/_exception_handler.py", line 42, in wrapped_app
    await app(scope, receive, sender)
          │   │      │        └ <function wrap_app_handling_exceptions.<locals>.wrapped_app.<locals>.sender at 0x7735f1876a20>
          │   │      └ <function BaseHTTPMiddleware.__call__.<locals>.call_next.<locals>.receive_or_disconnect at 0x7735f1875760>
          │   └ {'type': 'http', 'asgi': {'version': '3.0', 'spec_version': '2.3'}, 'http_version': '1.1', 'server': ('127.0.0.1', 8000), 'cl...
          └ <function request_response.<locals>.app.<locals>.app at 0x7735f18768e0>
  File "/home/serg/PycharmProjects/WordChain/backend/.venv/lib/python3.12/site-packages/fastapi/routing.py", line 106, in app
    response = await f(request)
                     │ └ <starlette.requests.Request object at 0x7735f214f530>
                     └ <function get_request_handler.<locals>.app at 0x7735f2aa2700>
  File "/home/serg/PycharmProjects/WordChain/backend/.venv/lib/python3.12/site-packages/fastapi/routing.py", line 449, in app
    content = await serialize_response(
                    └ <function serialize_response at 0x7735fa018b80>
  File "/home/serg/PycharmProjects/WordChain/backend/.venv/lib/python3.12/site-packages/fastapi/routing.py", line 275, in serialize_response
    raise ResponseValidationError(
          └ <class 'fastapi.exceptions.ResponseValidationError'>

fastapi.exceptions.ResponseValidationError: 1 validation error:
  {'type': 'string_type', 'loc': ('response', 'synonyms'), 'msg': 'Input should be a valid string', 'input': []}

  File "/home/serg/PycharmProjects/WordChain/backend/app/routers/save_word.py", line 14, in save_word
    POST /saveWord
2026-05-23 09:37:24.499 | INFO     | app.main:log_requests:69 - Incoming request: POST http://127.0.0.1:8000/frontend-log
2026-05-23 09:37:24.499 | INFO     | app.main:log_requests:69 - Incoming request: POST http://127.0.0.1:8000/frontend-log
2026-05-23 09:37:24.500 | INFO     | app.routers.logs:receive_frontend_logs:10 - [ERROR] SaveWord request failed {'endpoint': '/saveWord', 'method': 'POST', 'error': 'Failed to fetch'}
2026-05-23 09:37:24.501 | INFO     | app.routers.logs:receive_frontend_logs:10 - [ERROR] Save request failed in UI {'error': 'Failed to fetch'}
2026-05-23 09:37:24.501 | INFO     | app.main:log_requests:77 - Response status: 200
2026-05-23 09:37:24.501 | INFO     | app.main:log_requests:77 - Response status: 200
2026-05-23 11:19:34.886 | INFO     | app.main:log_requests:69 - Incoming request: OPTIONS http://127.0.0.1:8000/frontend-log
2026-05-23 11:19:34.888 | INFO     | app.main:log_requests:69 - Incoming request: OPTIONS http://127.0.0.1:8000/frontend-log
2026-05-23 11:19:34.888 | INFO     | app.main:log_requests:77 - Response status: 200
2026-05-23 11:19:34.889 | INFO     | app.main:log_requests:77 - Response status: 200
2026-05-23 11:19:34.889 | INFO     | app.main:log_requests:69 - Incoming request: OPTIONS http://127.0.0.1:8000/frontend-log
2026-05-23 11:19:34.890 | INFO     | app.main:log_requests:69 - Incoming request: OPTIONS http://127.0.0.1:8000/me
2026-05-23 11:19:34.890 | INFO     | app.main:log_requests:77 - Response status: 200
2026-05-23 11:19:34.891 | INFO     | app.main:log_requests:77 - Response status: 200
2026-05-23 11:19:34.894 | INFO     | app.main:log_requests:69 - Incoming request: POST http://127.0.0.1:8000/frontend-log
2026-05-23 11:19:34.896 | INFO     | app.main:log_requests:69 - Incoming request: POST http://127.0.0.1:8000/frontend-log
2026-05-23 11:19:34.896 | INFO     | app.main:log_requests:69 - Incoming request: POST http://127.0.0.1:8000/frontend-log
2026-05-23 11:19:34.896 | INFO     | app.main:log_requests:69 - Incoming request: GET http://127.0.0.1:8000/me
2026-05-23 11:19:34.910 | INFO     | app.routers.logs:receive_frontend_logs:10 - [INFO] Translate screen node {'found': True}
2026-05-23 11:19:34.911 | INFO     | app.main:log_requests:77 - Response status: 200
2026-05-23 11:19:34.912 | INFO     | app.routers.logs:receive_frontend_logs:10 - [INFO] Translate screen render start {}
2026-05-23 11:19:34.912 | INFO     | app.routers.logs:receive_frontend_logs:10 - [INFO] Me request shape {'endpoint': '/me', 'method': 'GET', 'hasToken': True}
2026-05-23 11:19:34.913 | INFO     | app.main:log_requests:77 - Response status: 200
2026-05-23 11:19:34.913 | INFO     | app.main:log_requests:77 - Response status: 200
2026-05-23 11:19:34.917 | INFO     | app.routers.auth:get_me:53 - Get current user. 2 - Sergey
2026-05-23 11:19:34.917 | INFO     | app.main:log_requests:77 - Response status: 200
2026-05-23 11:19:34.961 | INFO     | app.main:log_requests:69 - Incoming request: POST http://127.0.0.1:8000/frontend-log
2026-05-23 11:19:34.962 | INFO     | app.main:log_requests:69 - Incoming request: POST http://127.0.0.1:8000/frontend-log
2026-05-23 11:19:34.962 | INFO     | app.routers.logs:receive_frontend_logs:10 - [INFO] Me response shape {'keys': ['nickname', 'email', 'avatar_url', 'is_guest', 'is_premium', 'id', 'created_at', 'last_login'], 'isGuest': False}
2026-05-23 11:19:34.963 | INFO     | app.routers.logs:receive_frontend_logs:10 - [INFO] Init user success {'hasUser': True}
2026-05-23 11:19:34.963 | INFO     | app.main:log_requests:77 - Response status: 200
2026-05-23 11:19:34.964 | INFO     | app.main:log_requests:77 - Response status: 200
2026-05-23 11:22:41.219 | INFO     | app.main:log_requests:69 - Incoming request: OPTIONS http://127.0.0.1:8000/frontend-log
2026-05-23 11:22:41.219 | INFO     | app.main:log_requests:69 - Incoming request: OPTIONS http://127.0.0.1:8000/frontend-log
2026-05-23 11:22:41.220 | INFO     | app.main:log_requests:69 - Incoming request: OPTIONS http://127.0.0.1:8000/frontend-log
2026-05-23 11:22:41.221 | INFO     | app.main:log_requests:69 - Incoming request: OPTIONS http://127.0.0.1:8000/translate
2026-05-23 11:22:41.221 | INFO     | app.main:log_requests:77 - Response status: 200
2026-05-23 11:22:41.221 | INFO     | app.main:log_requests:77 - Response status: 200
2026-05-23 11:22:41.222 | INFO     | app.main:log_requests:77 - Response status: 200
2026-05-23 11:22:41.222 | INFO     | app.main:log_requests:77 - Response status: 200
2026-05-23 11:22:41.227 | INFO     | app.main:log_requests:69 - Incoming request: POST http://127.0.0.1:8000/frontend-log
2026-05-23 11:22:41.228 | INFO     | app.main:log_requests:69 - Incoming request: POST http://127.0.0.1:8000/frontend-log
2026-05-23 11:22:41.229 | INFO     | app.main:log_requests:69 - Incoming request: POST http://127.0.0.1:8000/frontend-log
2026-05-23 11:22:41.229 | INFO     | app.main:log_requests:69 - Incoming request: POST http://127.0.0.1:8000/translate
2026-05-23 11:22:41.230 | INFO     | app.routers.logs:receive_frontend_logs:10 - [INFO] Translate request start {'word': 'entity', 'sourceLang': 'en', 'targetLang': 'ru'}
2026-05-23 11:22:41.230 | INFO     | app.routers.logs:receive_frontend_logs:10 - [INFO] Translate request shape {'endpoint': '/translate', 'method': 'POST', 'bodyShape': ['word', 'source_lang', 'target_lang'], 'bodyPreview': {'word': 'entity', 'source_lang': 'en', 'target_lang': 'ru'}}
2026-05-23 11:22:41.231 | INFO     | app.routers.logs:receive_frontend_logs:10 - [INFO] Translate button clicked {}
2026-05-23 11:22:41.231 | INFO     | app.main:log_requests:77 - Response status: 200
2026-05-23 11:22:41.231 | INFO     | app.routers.translation:translate:10 - Translation attempt: entity
2026-05-23 11:22:41.232 | INFO     | app.main:log_requests:77 - Response status: 200
2026-05-23 11:22:41.233 | INFO     | app.main:log_requests:77 - Response status: 200
2026-05-23 11:22:46.123 | SUCCESS  | app.routers.translation:translate:19 - Translation success: entity
2026-05-23 11:22:46.123 | INFO     | app.main:log_requests:77 - Response status: 200
2026-05-23 11:22:46.168 | INFO     | app.main:log_requests:69 - Incoming request: POST http://127.0.0.1:8000/frontend-log
2026-05-23 11:22:46.168 | INFO     | app.main:log_requests:69 - Incoming request: POST http://127.0.0.1:8000/frontend-log
2026-05-23 11:22:46.169 | INFO     | app.routers.logs:receive_frontend_logs:10 - [INFO] Translate response shape {'status': None, 'keys': ['word', 'translation', 'transcription', 'part_of_speech'], 'hasTranslation': True, 'hasTranscription': True, 'hasPartOfSpeech': True}
2026-05-23 11:22:46.169 | INFO     | app.main:log_requests:77 - Response status: 200
2026-05-23 11:22:46.171 | INFO     | app.routers.logs:receive_frontend_logs:10 - [INFO] Translate request success {'hasTranslation': True}
2026-05-23 11:22:46.172 | INFO     | app.main:log_requests:77 - Response status: 200
2026-05-23 11:22:49.717 | INFO     | app.main:log_requests:69 - Incoming request: POST http://127.0.0.1:8000/frontend-log
2026-05-23 11:22:49.718 | INFO     | app.main:log_requests:69 - Incoming request: POST http://127.0.0.1:8000/frontend-log
2026-05-23 11:22:49.719 | INFO     | app.routers.logs:receive_frontend_logs:10 - [INFO] Save button clicked {'hasResult': True}
2026-05-23 11:22:49.719 | INFO     | app.main:log_requests:69 - Incoming request: OPTIONS http://127.0.0.1:8000/saveWord
2026-05-23 11:22:49.719 | INFO     | app.main:log_requests:77 - Response status: 200
2026-05-23 11:22:49.720 | INFO     | app.routers.logs:receive_frontend_logs:10 - [INFO] SaveWord request shape {'endpoint': '/saveWord', 'method': 'POST', 'bodyShape': ['word', 'translation', 'transcription', 'part_of_speech'], 'bodyPreview': {'word': 'entity', 'translation': 'сущность, объект, единица, субъект, организация, элемент', 'transcription': 'ˈɛntɪti', 'part_of_speech': 'noun'}}
2026-05-23 11:22:49.720 | INFO     | app.main:log_requests:77 - Response status: 200
2026-05-23 11:22:49.721 | INFO     | app.main:log_requests:77 - Response status: 200
2026-05-23 11:22:49.724 | INFO     | app.main:log_requests:69 - Incoming request: POST http://127.0.0.1:8000/saveWord
2026-05-23 11:22:49.727 | INFO     | app.routers.save_word:save_word:16 - Saving attempt: entity
2026-05-23 11:22:49.731 | ERROR    | app.routers.save_word:save_word:35 - Unhandled error: (sqlalchemy.dialects.postgresql.asyncpg.ProgrammingError) <class 'asyncpg.exceptions.UndefinedColumnError'>: column "antonyms" of relation "words" does not exist
[SQL: INSERT INTO words (user_id, word, translation, part_of_speech, transcription, examples, synonyms, antonyms) VALUES ($1::INTEGER, $2::VARCHAR, $3::VARCHAR, $4::VARCHAR, $5::VARCHAR, $6::JSONB, $7::JSONB, $8::JSONB) RETURNING words.id, words.created_at, words.updated_at]
[parameters: (2, 'entity', 'сущность, объект, единица, субъект, организация, элемент', 'noun', 'ˈɛntɪti', '[]', '[]', '[]')]
(Background on this error at: https://sqlalche.me/e/20/f405)
Traceback (most recent call last):

  File "/home/serg/PycharmProjects/WordChain/backend/.venv/lib/python3.12/site-packages/sqlalchemy/dialects/postgresql/asyncpg.py", line 526, in _prepare_and_execute
    prepared_stmt, attributes = await adapt_connection._prepare(
                                      │                └ <function AsyncAdapt_asyncpg_connection._prepare at 0x71a3c47dd300>
                                      └ <AdaptedConnection <asyncpg.connection.Connection object at 0x71a3c22b6e40>>
  File "/home/serg/PycharmProjects/WordChain/backend/.venv/lib/python3.12/site-packages/sqlalchemy/dialects/postgresql/asyncpg.py", line 773, in _prepare
    prepared_stmt = await self._connection.prepare(
                          │    └ <member '_connection' of 'AdaptedConnection' objects>
                          └ <AdaptedConnection <asyncpg.connection.Connection object at 0x71a3c22b6e40>>
  File "/home/serg/PycharmProjects/WordChain/backend/.venv/lib/python3.12/site-packages/asyncpg/connection.py", line 638, in prepare
    return await self._prepare(
                 │    └ <function Connection._prepare at 0x71a3c46e1620>
                 └ <asyncpg.connection.Connection object at 0x71a3c22b6e40>
  File "/home/serg/PycharmProjects/WordChain/backend/.venv/lib/python3.12/site-packages/asyncpg/connection.py", line 657, in _prepare
    stmt = await self._get_statement(
                 │    └ <function Connection._get_statement at 0x71a3c46e1300>
                 └ <asyncpg.connection.Connection object at 0x71a3c22b6e40>
  File "/home/serg/PycharmProjects/WordChain/backend/.venv/lib/python3.12/site-packages/asyncpg/connection.py", line 443, in _get_statement
    statement = await self._protocol.prepare(
                      │    └ <member '_protocol' of 'Connection' objects>
                      └ <asyncpg.connection.Connection object at 0x71a3c22b6e40>
  File "asyncpg/protocol/protocol.pyx", line 165, in prepare
    return await waiter

asyncpg.exceptions.UndefinedColumnError: column "antonyms" of relation "words" does not exist


The above exception was the direct cause of the following exception:


Traceback (most recent call last):

  File "/home/serg/PycharmProjects/WordChain/backend/.venv/lib/python3.12/site-packages/sqlalchemy/engine/base.py", line 1967, in _exec_single_context
    self.dialect.do_execute(
    │    │       └ <function DefaultDialect.do_execute at 0x71a3c4dcf240>
    │    └ <sqlalchemy.dialects.postgresql.asyncpg.PGDialect_asyncpg object at 0x71a3c4887bc0>
    └ <sqlalchemy.engine.base.Connection object at 0x71a3c105e600>
  File "/home/serg/PycharmProjects/WordChain/backend/.venv/lib/python3.12/site-packages/sqlalchemy/engine/default.py", line 952, in do_execute
    cursor.execute(statement, parameters)
    │      │       │          └ (2, 'entity', 'сущность, объект, единица, субъект, организация, элемент', 'noun', 'ˈɛntɪti', '[]', '[]', '[]')
    │      │       └ 'INSERT INTO words (user_id, word, translation, part_of_speech, transcription, examples, synonyms, antonyms) VALUES ($1::INTE...
    │      └ <function AsyncAdapt_asyncpg_cursor.execute at 0x71a3c47dc680>
    └ <sqlalchemy.dialects.postgresql.asyncpg.AsyncAdapt_asyncpg_cursor object at 0x71a3c0fc39a0>
  File "/home/serg/PycharmProjects/WordChain/backend/.venv/lib/python3.12/site-packages/sqlalchemy/dialects/postgresql/asyncpg.py", line 585, in execute
    self._adapt_connection.await_(
    │    └ <member '_adapt_connection' of 'AsyncAdapt_asyncpg_cursor' objects>
    └ <sqlalchemy.dialects.postgresql.asyncpg.AsyncAdapt_asyncpg_cursor object at 0x71a3c0fc39a0>
  File "/home/serg/PycharmProjects/WordChain/backend/.venv/lib/python3.12/site-packages/sqlalchemy/util/_concurrency_py3k.py", line 132, in await_only
    return current.parent.switch(awaitable)  # type: ignore[no-any-return,attr-defined] # noqa: E501
           │       │             └ <coroutine object AsyncAdapt_asyncpg_cursor._prepare_and_execute at 0x71a3c137bdf0>
           │       └ <attribute 'parent' of 'greenlet.greenlet' objects>
           └ <_AsyncIoGreenlet object at 0x71a3c113d380 (otid=0x330cbc30) dead>
  File "/home/serg/PycharmProjects/WordChain/backend/.venv/lib/python3.12/site-packages/sqlalchemy/util/_concurrency_py3k.py", line 196, in greenlet_spawn
    value = await result
                  └ <coroutine object AsyncAdapt_asyncpg_connection._rollback_and_discard at 0x71a3c0f9dff0>
  File "/home/serg/PycharmProjects/WordChain/backend/.venv/lib/python3.12/site-packages/sqlalchemy/dialects/postgresql/asyncpg.py", line 563, in _prepare_and_execute
    self._handle_exception(error)
    │    └ <function AsyncAdapt_asyncpg_cursor._handle_exception at 0x71a3c47dc4a0>
    └ <sqlalchemy.dialects.postgresql.asyncpg.AsyncAdapt_asyncpg_cursor object at 0x71a3c0fc39a0>
  File "/home/serg/PycharmProjects/WordChain/backend/.venv/lib/python3.12/site-packages/sqlalchemy/dialects/postgresql/asyncpg.py", line 513, in _handle_exception
    self._adapt_connection._handle_exception(error)
    │    │                                   └ UndefinedColumnError('column "antonyms" of relation "words" does not exist')
    │    └ <member '_adapt_connection' of 'AsyncAdapt_asyncpg_cursor' objects>
    └ <sqlalchemy.dialects.postgresql.asyncpg.AsyncAdapt_asyncpg_cursor object at 0x71a3c0fc39a0>
  File "/home/serg/PycharmProjects/WordChain/backend/.venv/lib/python3.12/site-packages/sqlalchemy/dialects/postgresql/asyncpg.py", line 797, in _handle_exception
    raise translated_error from error
          │                     └ UndefinedColumnError('column "antonyms" of relation "words" does not exist')
          └ ProgrammingError('<class \'asyncpg.exceptions.UndefinedColumnError\'>: column "antonyms" of relation "words" does not exist')

sqlalchemy.dialects.postgresql.asyncpg.AsyncAdapt_asyncpg_dbapi.ProgrammingError: <class 'asyncpg.exceptions.UndefinedColumnError'>: column "antonyms" of relation "words" does not exist


The above exception was the direct cause of the following exception:


Traceback (most recent call last):

  File "<string>", line 1, in <module>
  File "/usr/lib/python3.12/multiprocessing/spawn.py", line 122, in spawn_main
    exitcode = _main(fd, parent_sentinel)
               │     │   └ 4
               │     └ 7
               └ <function _main at 0x71a3c72e5c60>
  File "/usr/lib/python3.12/multiprocessing/spawn.py", line 135, in _main
    return self._bootstrap(parent_sentinel)
           │    │          └ 4
           │    └ <function BaseProcess._bootstrap at 0x71a3c73c3f60>
           └ <SpawnProcess name='SpawnProcess-20' parent=3967 started>
  File "/usr/lib/python3.12/multiprocessing/process.py", line 314, in _bootstrap
    self.run()
    │    └ <function BaseProcess.run at 0x71a3c73c34c0>
    └ <SpawnProcess name='SpawnProcess-20' parent=3967 started>
  File "/usr/lib/python3.12/multiprocessing/process.py", line 108, in run
    self._target(*self._args, **self._kwargs)
    │    │        │    │        │    └ {'config': <uvicorn.config.Config object at 0x71a3c678b980>, 'target': <bound method Server.run of <uvicorn.server.Server obj...
    │    │        │    │        └ <SpawnProcess name='SpawnProcess-20' parent=3967 started>
    │    │        │    └ ()
    │    │        └ <SpawnProcess name='SpawnProcess-20' parent=3967 started>
    │    └ <function subprocess_started at 0x71a3c65a1b20>
    └ <SpawnProcess name='SpawnProcess-20' parent=3967 started>
  File "/home/serg/PycharmProjects/WordChain/backend/.venv/lib/python3.12/site-packages/uvicorn/_subprocess.py", line 80, in subprocess_started
    target(sockets=sockets)
    │              └ [<socket.socket fd=3, family=2, type=1, proto=0, laddr=('127.0.0.1', 8000)>]
    └ <bound method Server.run of <uvicorn.server.Server object at 0x71a3c65e6360>>
  File "/home/serg/PycharmProjects/WordChain/backend/.venv/lib/python3.12/site-packages/uvicorn/server.py", line 67, in run
    return asyncio_run(self.serve(sockets=sockets), loop_factory=self.config.get_loop_factory())
           │           │    │             │                      │    │      └ <function Config.get_loop_factory at 0x71a3c6790d60>
           │           │    │             │                      │    └ <uvicorn.config.Config object at 0x71a3c678b980>
           │           │    │             │                      └ <uvicorn.server.Server object at 0x71a3c65e6360>
           │           │    │             └ [<socket.socket fd=3, family=2, type=1, proto=0, laddr=('127.0.0.1', 8000)>]
           │           │    └ <function Server.serve at 0x71a3c65a0ea0>
           │           └ <uvicorn.server.Server object at 0x71a3c65e6360>
           └ <function run at 0x71a3c690ec00>
  File "/usr/lib/python3.12/asyncio/runners.py", line 194, in run
    return runner.run(main)
           │      │   └ <coroutine object Server.serve at 0x71a3c73489e0>
           │      └ <function Runner.run at 0x71a3c696e340>
           └ <asyncio.runners.Runner object at 0x71a3c67ab530>
  File "/usr/lib/python3.12/asyncio/runners.py", line 118, in run
    return self._loop.run_until_complete(task)
           │    │     │                  └ <Task pending name='Task-1' coro=<Server.serve() running at /home/serg/PycharmProjects/WordChain/backend/.venv/lib/python3.12...
           │    │     └ <function BaseEventLoop.run_until_complete at 0x71a3c6967f60>
           │    └ <_UnixSelectorEventLoop running=True closed=False debug=False>
           └ <asyncio.runners.Runner object at 0x71a3c67ab530>
  File "/usr/lib/python3.12/asyncio/base_events.py", line 674, in run_until_complete
    self.run_forever()
    │    └ <function BaseEventLoop.run_forever at 0x71a3c6967ec0>
    └ <_UnixSelectorEventLoop running=True closed=False debug=False>
  File "/usr/lib/python3.12/asyncio/base_events.py", line 641, in run_forever
    self._run_once()
    │    └ <function BaseEventLoop._run_once at 0x71a3c696dd00>
    └ <_UnixSelectorEventLoop running=True closed=False debug=False>
  File "/usr/lib/python3.12/asyncio/base_events.py", line 1987, in _run_once
    handle._run()
    │      └ <function Handle._run at 0x71a3c70fa200>
    └ <Handle Task.task_wakeup(<Future finished result=None>)>
  File "/usr/lib/python3.12/asyncio/events.py", line 88, in _run
    self._context.run(self._callback, *self._args)
    │    │            │    │           │    └ <member '_args' of 'Handle' objects>
    │    │            │    │           └ <Handle Task.task_wakeup(<Future finished result=None>)>
    │    │            │    └ <member '_callback' of 'Handle' objects>
    │    │            └ <Handle Task.task_wakeup(<Future finished result=None>)>
    │    └ <member '_context' of 'Handle' objects>
    └ <Handle Task.task_wakeup(<Future finished result=None>)>
  File "/home/serg/PycharmProjects/WordChain/backend/.venv/lib/python3.12/site-packages/starlette/middleware/base.py", line 144, in coro
    await self.app(scope, receive_or_disconnect, send_no_error)
          │    │   │      │                      └ <function BaseHTTPMiddleware.__call__.<locals>.call_next.<locals>.send_no_error at 0x71a3c2293f60>
          │    │   │      └ <function BaseHTTPMiddleware.__call__.<locals>.call_next.<locals>.receive_or_disconnect at 0x71a3c19c8900>
          │    │   └ {'type': 'http', 'asgi': {'version': '3.0', 'spec_version': '2.3'}, 'http_version': '1.1', 'server': ('127.0.0.1', 8000), 'cl...
          │    └ <starlette.middleware.cors.CORSMiddleware object at 0x71a3c22b00b0>
          └ <starlette.middleware.base.BaseHTTPMiddleware object at 0x71a3c29597f0>
  File "/home/serg/PycharmProjects/WordChain/backend/.venv/lib/python3.12/site-packages/starlette/middleware/cors.py", line 93, in __call__
    await self.simple_response(scope, receive, send, request_headers=headers)
          │    │               │      │        │                     └ Headers({'host': '127.0.0.1:8000', 'connection': 'keep-alive', 'content-length': '189', 'sec-ch-ua-platform': '"Linux"', 'aut...
          │    │               │      │        └ <function BaseHTTPMiddleware.__call__.<locals>.call_next.<locals>.send_no_error at 0x71a3c2293f60>
          │    │               │      └ <function BaseHTTPMiddleware.__call__.<locals>.call_next.<locals>.receive_or_disconnect at 0x71a3c19c8900>
          │    │               └ {'type': 'http', 'asgi': {'version': '3.0', 'spec_version': '2.3'}, 'http_version': '1.1', 'server': ('127.0.0.1', 8000), 'cl...
          │    └ <function CORSMiddleware.simple_response at 0x71a3c57e7740>
          └ <starlette.middleware.cors.CORSMiddleware object at 0x71a3c22b00b0>
  File "/home/serg/PycharmProjects/WordChain/backend/.venv/lib/python3.12/site-packages/starlette/middleware/cors.py", line 144, in simple_response
    await self.app(scope, receive, send)
          │    │   │      │        └ functools.partial(<bound method CORSMiddleware.send of <starlette.middleware.cors.CORSMiddleware object at 0x71a3c22b00b0>>, ...
          │    │   │      └ <function BaseHTTPMiddleware.__call__.<locals>.call_next.<locals>.receive_or_disconnect at 0x71a3c19c8900>
          │    │   └ {'type': 'http', 'asgi': {'version': '3.0', 'spec_version': '2.3'}, 'http_version': '1.1', 'server': ('127.0.0.1', 8000), 'cl...
          │    └ <starlette.middleware.exceptions.ExceptionMiddleware object at 0x71a3c22b1190>
          └ <starlette.middleware.cors.CORSMiddleware object at 0x71a3c22b00b0>
  File "/home/serg/PycharmProjects/WordChain/backend/.venv/lib/python3.12/site-packages/starlette/middleware/exceptions.py", line 63, in __call__
    await wrap_app_handling_exceptions(self.app, conn)(scope, receive, send)
          │                            │    │    │     │      │        └ functools.partial(<bound method CORSMiddleware.send of <starlette.middleware.cors.CORSMiddleware object at 0x71a3c22b00b0>>, ...
          │                            │    │    │     │      └ <function BaseHTTPMiddleware.__call__.<locals>.call_next.<locals>.receive_or_disconnect at 0x71a3c19c8900>
          │                            │    │    │     └ {'type': 'http', 'asgi': {'version': '3.0', 'spec_version': '2.3'}, 'http_version': '1.1', 'server': ('127.0.0.1', 8000), 'cl...
          │                            │    │    └ <starlette.requests.Request object at 0x71a3c1948a10>
          │                            │    └ <fastapi.middleware.asyncexitstack.AsyncExitStackMiddleware object at 0x71a3c22b1160>
          │                            └ <starlette.middleware.exceptions.ExceptionMiddleware object at 0x71a3c22b1190>
          └ <function wrap_app_handling_exceptions at 0x71a3c57956c0>
  File "/home/serg/PycharmProjects/WordChain/backend/.venv/lib/python3.12/site-packages/starlette/_exception_handler.py", line 42, in wrapped_app
    await app(scope, receive, sender)
          │   │      │        └ <function wrap_app_handling_exceptions.<locals>.wrapped_app.<locals>.sender at 0x71a3c10723e0>
          │   │      └ <function BaseHTTPMiddleware.__call__.<locals>.call_next.<locals>.receive_or_disconnect at 0x71a3c19c8900>
          │   └ {'type': 'http', 'asgi': {'version': '3.0', 'spec_version': '2.3'}, 'http_version': '1.1', 'server': ('127.0.0.1', 8000), 'cl...
          └ <fastapi.middleware.asyncexitstack.AsyncExitStackMiddleware object at 0x71a3c22b1160>
  File "/home/serg/PycharmProjects/WordChain/backend/.venv/lib/python3.12/site-packages/fastapi/middleware/asyncexitstack.py", line 18, in __call__
    await self.app(scope, receive, send)
          │    │   │      │        └ <function wrap_app_handling_exceptions.<locals>.wrapped_app.<locals>.sender at 0x71a3c10723e0>
          │    │   │      └ <function BaseHTTPMiddleware.__call__.<locals>.call_next.<locals>.receive_or_disconnect at 0x71a3c19c8900>
          │    │   └ {'type': 'http', 'asgi': {'version': '3.0', 'spec_version': '2.3'}, 'http_version': '1.1', 'server': ('127.0.0.1', 8000), 'cl...
          │    └ <fastapi.routing.APIRouter object at 0x71a3c2264a10>
          └ <fastapi.middleware.asyncexitstack.AsyncExitStackMiddleware object at 0x71a3c22b1160>
  File "/home/serg/PycharmProjects/WordChain/backend/.venv/lib/python3.12/site-packages/starlette/routing.py", line 716, in __call__
    await self.middleware_stack(scope, receive, send)
          │    │                │      │        └ <function wrap_app_handling_exceptions.<locals>.wrapped_app.<locals>.sender at 0x71a3c10723e0>
          │    │                │      └ <function BaseHTTPMiddleware.__call__.<locals>.call_next.<locals>.receive_or_disconnect at 0x71a3c19c8900>
          │    │                └ {'type': 'http', 'asgi': {'version': '3.0', 'spec_version': '2.3'}, 'http_version': '1.1', 'server': ('127.0.0.1', 8000), 'cl...
          │    └ <bound method Router.app of <fastapi.routing.APIRouter object at 0x71a3c2264a10>>
          └ <fastapi.routing.APIRouter object at 0x71a3c2264a10>
  File "/home/serg/PycharmProjects/WordChain/backend/.venv/lib/python3.12/site-packages/starlette/routing.py", line 736, in app
    await route.handle(scope, receive, send)
          │     │      │      │        └ <function wrap_app_handling_exceptions.<locals>.wrapped_app.<locals>.sender at 0x71a3c10723e0>
          │     │      │      └ <function BaseHTTPMiddleware.__call__.<locals>.call_next.<locals>.receive_or_disconnect at 0x71a3c19c8900>
          │     │      └ {'type': 'http', 'asgi': {'version': '3.0', 'spec_version': '2.3'}, 'http_version': '1.1', 'server': ('127.0.0.1', 8000), 'cl...
          │     └ <function Route.handle at 0x71a3c5796ca0>
          └ APIRoute(path='/saveWord', name='save_word', methods=['POST'])
  File "/home/serg/PycharmProjects/WordChain/backend/.venv/lib/python3.12/site-packages/starlette/routing.py", line 290, in handle
    await self.app(scope, receive, send)
          │    │   │      │        └ <function wrap_app_handling_exceptions.<locals>.wrapped_app.<locals>.sender at 0x71a3c10723e0>
          │    │   │      └ <function BaseHTTPMiddleware.__call__.<locals>.call_next.<locals>.receive_or_disconnect at 0x71a3c19c8900>
          │    │   └ {'type': 'http', 'asgi': {'version': '3.0', 'spec_version': '2.3'}, 'http_version': '1.1', 'server': ('127.0.0.1', 8000), 'cl...
          │    └ <function request_response.<locals>.app at 0x71a3c2290ae0>
          └ APIRoute(path='/saveWord', name='save_word', methods=['POST'])
  File "/home/serg/PycharmProjects/WordChain/backend/.venv/lib/python3.12/site-packages/fastapi/routing.py", line 120, in app
    await wrap_app_handling_exceptions(app, request)(scope, receive, send)
          │                            │    │        │      │        └ <function wrap_app_handling_exceptions.<locals>.wrapped_app.<locals>.sender at 0x71a3c10723e0>
          │                            │    │        │      └ <function BaseHTTPMiddleware.__call__.<locals>.call_next.<locals>.receive_or_disconnect at 0x71a3c19c8900>
          │                            │    │        └ {'type': 'http', 'asgi': {'version': '3.0', 'spec_version': '2.3'}, 'http_version': '1.1', 'server': ('127.0.0.1', 8000), 'cl...
          │                            │    └ <starlette.requests.Request object at 0x71a3c1948080>
          │                            └ <function request_response.<locals>.app.<locals>.app at 0x71a3c1073b00>
          └ <function wrap_app_handling_exceptions at 0x71a3c57956c0>
  File "/home/serg/PycharmProjects/WordChain/backend/.venv/lib/python3.12/site-packages/starlette/_exception_handler.py", line 42, in wrapped_app
    await app(scope, receive, sender)
          │   │      │        └ <function wrap_app_handling_exceptions.<locals>.wrapped_app.<locals>.sender at 0x71a3c1072840>
          │   │      └ <function BaseHTTPMiddleware.__call__.<locals>.call_next.<locals>.receive_or_disconnect at 0x71a3c19c8900>
          │   └ {'type': 'http', 'asgi': {'version': '3.0', 'spec_version': '2.3'}, 'http_version': '1.1', 'server': ('127.0.0.1', 8000), 'cl...
          └ <function request_response.<locals>.app.<locals>.app at 0x71a3c1073b00>
  File "/home/serg/PycharmProjects/WordChain/backend/.venv/lib/python3.12/site-packages/fastapi/routing.py", line 106, in app
    response = await f(request)
                     │ └ <starlette.requests.Request object at 0x71a3c1948080>
                     └ <function get_request_handler.<locals>.app at 0x71a3c2290a40>
  File "/home/serg/PycharmProjects/WordChain/backend/.venv/lib/python3.12/site-packages/fastapi/routing.py", line 427, in app
    raw_response = await run_endpoint_function(
                         └ <function run_endpoint_function at 0x71a3c57acc20>
  File "/home/serg/PycharmProjects/WordChain/backend/.venv/lib/python3.12/site-packages/fastapi/routing.py", line 313, in run_endpoint_function
    return await dependant.call(**values)
                 │         │      └ {'user': <app.db.models.user.User object at 0x71a3c0dea780>, 'result': WordCreate(word='entity', translation='сущность, объек...
                 │         └ <function save_word at 0x71a3c32adc60>
                 └ Dependant(path_params=[], query_params=[], header_params=[], cookie_params=[], body_params=[ModelField(field_info=Body(Pydant...

> File "/home/serg/PycharmProjects/WordChain/backend/app/routers/save_word.py", line 23, in save_word
    word_obj = await WordRepository.create(
                     │              └ <staticmethod(<function WordRepository.create at 0x71a3c32adb20>)>
                     └ <class 'app.db.repositories.word_repository.WordRepository'>

  File "/home/serg/PycharmProjects/WordChain/backend/app/db/repositories/word_repository.py", line 23, in create
    await session.flush()   # чтобы получить id и поля
          │       └ <function AsyncSession.flush at 0x71a3c49abec0>
          └ <sqlalchemy.ext.asyncio.session.AsyncSession object at 0x71a3c17435f0>

  File "/home/serg/PycharmProjects/WordChain/backend/.venv/lib/python3.12/site-packages/sqlalchemy/ext/asyncio/session.py", line 787, in flush
    await greenlet_spawn(self.sync_session.flush, objects=objects)
          │              │    │            │              └ None
          │              │    │            └ <function Session.flush at 0x71a3c4aaa980>
          │              │    └ <sqlalchemy.orm.session.Session object at 0x71a3c231a930>
          │              └ <sqlalchemy.ext.asyncio.session.AsyncSession object at 0x71a3c17435f0>
          └ <function greenlet_spawn at 0x71a3c5642340>
  File "/home/serg/PycharmProjects/WordChain/backend/.venv/lib/python3.12/site-packages/sqlalchemy/util/_concurrency_py3k.py", line 203, in greenlet_spawn
    result = context.switch(value)
             │       │      └ None
             │       └ <method 'switch' of 'greenlet.greenlet' objects>
             └ <_AsyncIoGreenlet object at 0x71a3c113d380 (otid=0x330cbc30) dead>
  File "/home/serg/PycharmProjects/WordChain/backend/.venv/lib/python3.12/site-packages/sqlalchemy/orm/session.py", line 4331, in flush
    self._flush(objects)
    │    │      └ None
    │    └ <function Session._flush at 0x71a3c4aaab60>
    └ <sqlalchemy.orm.session.Session object at 0x71a3c231a930>
  File "/home/serg/PycharmProjects/WordChain/backend/.venv/lib/python3.12/site-packages/sqlalchemy/orm/session.py", line 4466, in _flush
    with util.safe_reraise():
         │    └ <class 'sqlalchemy.util.langhelpers.safe_reraise'>
         └ <module 'sqlalchemy.util' from '/home/serg/PycharmProjects/WordChain/backend/.venv/lib/python3.12/site-packages/sqlalchemy/ut...
  File "/home/serg/PycharmProjects/WordChain/backend/.venv/lib/python3.12/site-packages/sqlalchemy/util/langhelpers.py", line 121, in __exit__
    raise exc_value.with_traceback(exc_tb)
          │         │              └ <traceback object at 0x71a3c19c4e00>
          │         └ <method 'with_traceback' of 'BaseException' objects>
          └ ProgrammingError('(sqlalchemy.dialects.postgresql.asyncpg.ProgrammingError) <class \'asyncpg.exceptions.UndefinedColumnError\...
  File "/home/serg/PycharmProjects/WordChain/backend/.venv/lib/python3.12/site-packages/sqlalchemy/orm/session.py", line 4427, in _flush
    flush_context.execute()
    │             └ <function UOWTransaction.execute at 0x71a3c4a1a0c0>
    └ <sqlalchemy.orm.unitofwork.UOWTransaction object at 0x71a3c10eb8c0>
  File "/home/serg/PycharmProjects/WordChain/backend/.venv/lib/python3.12/site-packages/sqlalchemy/orm/unitofwork.py", line 466, in execute
    rec.execute(self)
    │   │       └ <sqlalchemy.orm.unitofwork.UOWTransaction object at 0x71a3c10eb8c0>
    │   └ <function SaveUpdateAll.execute at 0x71a3c4a1ac00>
    └ SaveUpdateAll(Mapper[Word(words)])
  File "/home/serg/PycharmProjects/WordChain/backend/.venv/lib/python3.12/site-packages/sqlalchemy/orm/unitofwork.py", line 642, in execute
    util.preloaded.orm_persistence.save_obj(
    │    │         │               └ <function save_obj at 0x71a3c4a55d00>
    │    │         └ <module 'sqlalchemy.orm.persistence' from '/home/serg/PycharmProjects/WordChain/backend/.venv/lib/python3.12/site-packages/sq...
    │    └ <module 'sqlalchemy.util.preloaded' from '/home/serg/PycharmProjects/WordChain/backend/.venv/lib/python3.12/site-packages/sql...
    └ <module 'sqlalchemy.util' from '/home/serg/PycharmProjects/WordChain/backend/.venv/lib/python3.12/site-packages/sqlalchemy/ut...
  File "/home/serg/PycharmProjects/WordChain/backend/.venv/lib/python3.12/site-packages/sqlalchemy/orm/persistence.py", line 93, in save_obj
    _emit_insert_statements(
    └ <function _emit_insert_statements at 0x71a3c4a8c180>
  File "/home/serg/PycharmProjects/WordChain/backend/.venv/lib/python3.12/site-packages/sqlalchemy/orm/persistence.py", line 1233, in _emit_insert_statements
    result = connection.execute(
             │          └ <function Connection.execute at 0x71a3c4d33380>
             └ <sqlalchemy.engine.base.Connection object at 0x71a3c105e600>
  File "/home/serg/PycharmProjects/WordChain/backend/.venv/lib/python3.12/site-packages/sqlalchemy/engine/base.py", line 1419, in execute
    return meth(
           └ <bound method ClauseElement._execute_on_connection of <sqlalchemy.sql.dml.Insert object at 0x71a3c19af680>>
  File "/home/serg/PycharmProjects/WordChain/backend/.venv/lib/python3.12/site-packages/sqlalchemy/sql/elements.py", line 527, in _execute_on_connection
    return connection._execute_clauseelement(
           │          └ <function Connection._execute_clauseelement at 0x71a3c4d336a0>
           └ <sqlalchemy.engine.base.Connection object at 0x71a3c105e600>
  File "/home/serg/PycharmProjects/WordChain/backend/.venv/lib/python3.12/site-packages/sqlalchemy/engine/base.py", line 1641, in _execute_clauseelement
    ret = self._execute_context(
          │    └ <function Connection._execute_context at 0x71a3c4d33880>
          └ <sqlalchemy.engine.base.Connection object at 0x71a3c105e600>
  File "/home/serg/PycharmProjects/WordChain/backend/.venv/lib/python3.12/site-packages/sqlalchemy/engine/base.py", line 1846, in _execute_context
    return self._exec_single_context(
           │    └ <function Connection._exec_single_context at 0x71a3c4d33920>
           └ <sqlalchemy.engine.base.Connection object at 0x71a3c105e600>
  File "/home/serg/PycharmProjects/WordChain/backend/.venv/lib/python3.12/site-packages/sqlalchemy/engine/base.py", line 1986, in _exec_single_context
    self._handle_dbapi_exception(
    │    └ <function Connection._handle_dbapi_exception at 0x71a3c4d33ba0>
    └ <sqlalchemy.engine.base.Connection object at 0x71a3c105e600>
  File "/home/serg/PycharmProjects/WordChain/backend/.venv/lib/python3.12/site-packages/sqlalchemy/engine/base.py", line 2363, in _handle_dbapi_exception
    raise sqlalchemy_exception.with_traceback(exc_info[2]) from e
          │                    │              │                 └ ProgrammingError('<class \'asyncpg.exceptions.UndefinedColumnError\'>: column "antonyms" of relation "words" does not exist')
          │                    │              └ (<class 'sqlalchemy.dialects.postgresql.asyncpg.AsyncAdapt_asyncpg_dbapi.ProgrammingError'>, ProgrammingError('<class \'async...
          │                    └ <method 'with_traceback' of 'BaseException' objects>
          └ ProgrammingError('(sqlalchemy.dialects.postgresql.asyncpg.ProgrammingError) <class \'asyncpg.exceptions.UndefinedColumnError\...
  File "/home/serg/PycharmProjects/WordChain/backend/.venv/lib/python3.12/site-packages/sqlalchemy/engine/base.py", line 1967, in _exec_single_context
    self.dialect.do_execute(
    │    │       └ <function DefaultDialect.do_execute at 0x71a3c4dcf240>
    │    └ <sqlalchemy.dialects.postgresql.asyncpg.PGDialect_asyncpg object at 0x71a3c4887bc0>
    └ <sqlalchemy.engine.base.Connection object at 0x71a3c105e600>
  File "/home/serg/PycharmProjects/WordChain/backend/.venv/lib/python3.12/site-packages/sqlalchemy/engine/default.py", line 952, in do_execute
    cursor.execute(statement, parameters)
    │      │       │          └ (2, 'entity', 'сущность, объект, единица, субъект, организация, элемент', 'noun', 'ˈɛntɪti', '[]', '[]', '[]')
    │      │       └ 'INSERT INTO words (user_id, word, translation, part_of_speech, transcription, examples, synonyms, antonyms) VALUES ($1::INTE...
    │      └ <function AsyncAdapt_asyncpg_cursor.execute at 0x71a3c47dc680>
    └ <sqlalchemy.dialects.postgresql.asyncpg.AsyncAdapt_asyncpg_cursor object at 0x71a3c0fc39a0>
  File "/home/serg/PycharmProjects/WordChain/backend/.venv/lib/python3.12/site-packages/sqlalchemy/dialects/postgresql/asyncpg.py", line 585, in execute
    self._adapt_connection.await_(
    │    └ <member '_adapt_connection' of 'AsyncAdapt_asyncpg_cursor' objects>
    └ <sqlalchemy.dialects.postgresql.asyncpg.AsyncAdapt_asyncpg_cursor object at 0x71a3c0fc39a0>
  File "/home/serg/PycharmProjects/WordChain/backend/.venv/lib/python3.12/site-packages/sqlalchemy/util/_concurrency_py3k.py", line 132, in await_only
    return current.parent.switch(awaitable)  # type: ignore[no-any-return,attr-defined] # noqa: E501
           │       │             └ <coroutine object AsyncAdapt_asyncpg_cursor._prepare_and_execute at 0x71a3c137bdf0>
           │       └ <attribute 'parent' of 'greenlet.greenlet' objects>
           └ <_AsyncIoGreenlet object at 0x71a3c113d380 (otid=0x330cbc30) dead>
  File "/home/serg/PycharmProjects/WordChain/backend/.venv/lib/python3.12/site-packages/sqlalchemy/util/_concurrency_py3k.py", line 196, in greenlet_spawn
    value = await result
                  └ <coroutine object AsyncAdapt_asyncpg_connection._rollback_and_discard at 0x71a3c0f9dff0>
  File "/home/serg/PycharmProjects/WordChain/backend/.venv/lib/python3.12/site-packages/sqlalchemy/dialects/postgresql/asyncpg.py", line 563, in _prepare_and_execute
    self._handle_exception(error)
    │    └ <function AsyncAdapt_asyncpg_cursor._handle_exception at 0x71a3c47dc4a0>
    └ <sqlalchemy.dialects.postgresql.asyncpg.AsyncAdapt_asyncpg_cursor object at 0x71a3c0fc39a0>
  File "/home/serg/PycharmProjects/WordChain/backend/.venv/lib/python3.12/site-packages/sqlalchemy/dialects/postgresql/asyncpg.py", line 513, in _handle_exception
    self._adapt_connection._handle_exception(error)
    │    │                                   └ UndefinedColumnError('column "antonyms" of relation "words" does not exist')
    │    └ <member '_adapt_connection' of 'AsyncAdapt_asyncpg_cursor' objects>
    └ <sqlalchemy.dialects.postgresql.asyncpg.AsyncAdapt_asyncpg_cursor object at 0x71a3c0fc39a0>
  File "/home/serg/PycharmProjects/WordChain/backend/.venv/lib/python3.12/site-packages/sqlalchemy/dialects/postgresql/asyncpg.py", line 797, in _handle_exception
    raise translated_error from error
          │                     └ UndefinedColumnError('column "antonyms" of relation "words" does not exist')
          └ ProgrammingError('<class \'asyncpg.exceptions.UndefinedColumnError\'>: column "antonyms" of relation "words" does not exist')

sqlalchemy.exc.ProgrammingError: (sqlalchemy.dialects.postgresql.asyncpg.ProgrammingError) <class 'asyncpg.exceptions.UndefinedColumnError'>: column "antonyms" of relation "words" does not exist
[SQL: INSERT INTO words (user_id, word, translation, part_of_speech, transcription, examples, synonyms, antonyms) VALUES ($1::INTEGER, $2::VARCHAR, $3::VARCHAR, $4::VARCHAR, $5::VARCHAR, $6::JSONB, $7::JSONB, $8::JSONB) RETURNING words.id, words.created_at, words.updated_at]
[parameters: (2, 'entity', 'сущность, объект, единица, субъект, организация, элемент', 'noun', 'ˈɛntɪti', '[]', '[]', '[]')]
(Background on this error at: https://sqlalche.me/e/20/f405)
2026-05-23 11:22:49.761 | ERROR    | app.main:log_requests:74 - Unhandled error: (sqlalchemy.dialects.postgresql.asyncpg.ProgrammingError) <class 'asyncpg.exceptions.UndefinedColumnError'>: column "antonyms" of relation "words" does not exist
[SQL: INSERT INTO words (user_id, word, translation, part_of_speech, transcription, examples, synonyms, antonyms) VALUES ($1::INTEGER, $2::VARCHAR, $3::VARCHAR, $4::VARCHAR, $5::VARCHAR, $6::JSONB, $7::JSONB, $8::JSONB) RETURNING words.id, words.created_at, words.updated_at]
[parameters: (2, 'entity', 'сущность, объект, единица, субъект, организация, элемент', 'noun', 'ˈɛntɪti', '[]', '[]', '[]')]
(Background on this error at: https://sqlalche.me/e/20/f405)
Traceback (most recent call last):

  File "/home/serg/PycharmProjects/WordChain/backend/.venv/lib/python3.12/site-packages/sqlalchemy/dialects/postgresql/asyncpg.py", line 526, in _prepare_and_execute
    prepared_stmt, attributes = await adapt_connection._prepare(
                                      │                └ <function AsyncAdapt_asyncpg_connection._prepare at 0x71a3c47dd300>
                                      └ <AdaptedConnection <asyncpg.connection.Connection object at 0x71a3c22b6e40>>
  File "/home/serg/PycharmProjects/WordChain/backend/.venv/lib/python3.12/site-packages/sqlalchemy/dialects/postgresql/asyncpg.py", line 773, in _prepare
    prepared_stmt = await self._connection.prepare(
                          │    └ <member '_connection' of 'AdaptedConnection' objects>
                          └ <AdaptedConnection <asyncpg.connection.Connection object at 0x71a3c22b6e40>>
  File "/home/serg/PycharmProjects/WordChain/backend/.venv/lib/python3.12/site-packages/asyncpg/connection.py", line 638, in prepare
    return await self._prepare(
                 │    └ <function Connection._prepare at 0x71a3c46e1620>
                 └ <asyncpg.connection.Connection object at 0x71a3c22b6e40>
  File "/home/serg/PycharmProjects/WordChain/backend/.venv/lib/python3.12/site-packages/asyncpg/connection.py", line 657, in _prepare
    stmt = await self._get_statement(
                 │    └ <function Connection._get_statement at 0x71a3c46e1300>
                 └ <asyncpg.connection.Connection object at 0x71a3c22b6e40>
  File "/home/serg/PycharmProjects/WordChain/backend/.venv/lib/python3.12/site-packages/asyncpg/connection.py", line 443, in _get_statement
    statement = await self._protocol.prepare(
                      │    └ <member '_protocol' of 'Connection' objects>
                      └ <asyncpg.connection.Connection object at 0x71a3c22b6e40>
  File "asyncpg/protocol/protocol.pyx", line 165, in prepare
    return await waiter

asyncpg.exceptions.UndefinedColumnError: column "antonyms" of relation "words" does not exist


The above exception was the direct cause of the following exception:


Traceback (most recent call last):

  File "/home/serg/PycharmProjects/WordChain/backend/.venv/lib/python3.12/site-packages/sqlalchemy/engine/base.py", line 1967, in _exec_single_context
    self.dialect.do_execute(
    │    │       └ <function DefaultDialect.do_execute at 0x71a3c4dcf240>
    │    └ <sqlalchemy.dialects.postgresql.asyncpg.PGDialect_asyncpg object at 0x71a3c4887bc0>
    └ <sqlalchemy.engine.base.Connection object at 0x71a3c105e600>
  File "/home/serg/PycharmProjects/WordChain/backend/.venv/lib/python3.12/site-packages/sqlalchemy/engine/default.py", line 952, in do_execute
    cursor.execute(statement, parameters)
    │      │       │          └ (2, 'entity', 'сущность, объект, единица, субъект, организация, элемент', 'noun', 'ˈɛntɪti', '[]', '[]', '[]')
    │      │       └ 'INSERT INTO words (user_id, word, translation, part_of_speech, transcription, examples, synonyms, antonyms) VALUES ($1::INTE...
    │      └ <function AsyncAdapt_asyncpg_cursor.execute at 0x71a3c47dc680>
    └ <sqlalchemy.dialects.postgresql.asyncpg.AsyncAdapt_asyncpg_cursor object at 0x71a3c0fc39a0>
  File "/home/serg/PycharmProjects/WordChain/backend/.venv/lib/python3.12/site-packages/sqlalchemy/dialects/postgresql/asyncpg.py", line 585, in execute
    self._adapt_connection.await_(
    │    └ <member '_adapt_connection' of 'AsyncAdapt_asyncpg_cursor' objects>
    └ <sqlalchemy.dialects.postgresql.asyncpg.AsyncAdapt_asyncpg_cursor object at 0x71a3c0fc39a0>
  File "/home/serg/PycharmProjects/WordChain/backend/.venv/lib/python3.12/site-packages/sqlalchemy/util/_concurrency_py3k.py", line 132, in await_only
    return current.parent.switch(awaitable)  # type: ignore[no-any-return,attr-defined] # noqa: E501
           │       │             └ <coroutine object AsyncAdapt_asyncpg_cursor._prepare_and_execute at 0x71a3c137bdf0>
           │       └ <attribute 'parent' of 'greenlet.greenlet' objects>
           └ <_AsyncIoGreenlet object at 0x71a3c113d380 (otid=0x330cbc30) dead>
  File "/home/serg/PycharmProjects/WordChain/backend/.venv/lib/python3.12/site-packages/sqlalchemy/util/_concurrency_py3k.py", line 196, in greenlet_spawn
    value = await result
                  └ <coroutine object AsyncAdapt_asyncpg_connection._rollback_and_discard at 0x71a3c0f9dff0>
  File "/home/serg/PycharmProjects/WordChain/backend/.venv/lib/python3.12/site-packages/sqlalchemy/dialects/postgresql/asyncpg.py", line 563, in _prepare_and_execute
    self._handle_exception(error)
    │    └ <function AsyncAdapt_asyncpg_cursor._handle_exception at 0x71a3c47dc4a0>
    └ <sqlalchemy.dialects.postgresql.asyncpg.AsyncAdapt_asyncpg_cursor object at 0x71a3c0fc39a0>
  File "/home/serg/PycharmProjects/WordChain/backend/.venv/lib/python3.12/site-packages/sqlalchemy/dialects/postgresql/asyncpg.py", line 513, in _handle_exception
    self._adapt_connection._handle_exception(error)
    │    │                                   └ UndefinedColumnError('column "antonyms" of relation "words" does not exist')
    │    └ <member '_adapt_connection' of 'AsyncAdapt_asyncpg_cursor' objects>
    └ <sqlalchemy.dialects.postgresql.asyncpg.AsyncAdapt_asyncpg_cursor object at 0x71a3c0fc39a0>
  File "/home/serg/PycharmProjects/WordChain/backend/.venv/lib/python3.12/site-packages/sqlalchemy/dialects/postgresql/asyncpg.py", line 797, in _handle_exception
    raise translated_error from error
          │                     └ UndefinedColumnError('column "antonyms" of relation "words" does not exist')
          └ ProgrammingError('<class \'asyncpg.exceptions.UndefinedColumnError\'>: column "antonyms" of relation "words" does not exist')

sqlalchemy.dialects.postgresql.asyncpg.AsyncAdapt_asyncpg_dbapi.ProgrammingError: <class 'asyncpg.exceptions.UndefinedColumnError'>: column "antonyms" of relation "words" does not exist


The above exception was the direct cause of the following exception:


Traceback (most recent call last):

  File "<string>", line 1, in <module>
  File "/usr/lib/python3.12/multiprocessing/spawn.py", line 122, in spawn_main
    exitcode = _main(fd, parent_sentinel)
               │     │   └ 4
               │     └ 7
               └ <function _main at 0x71a3c72e5c60>
  File "/usr/lib/python3.12/multiprocessing/spawn.py", line 135, in _main
    return self._bootstrap(parent_sentinel)
           │    │          └ 4
           │    └ <function BaseProcess._bootstrap at 0x71a3c73c3f60>
           └ <SpawnProcess name='SpawnProcess-20' parent=3967 started>
  File "/usr/lib/python3.12/multiprocessing/process.py", line 314, in _bootstrap
    self.run()
    │    └ <function BaseProcess.run at 0x71a3c73c34c0>
    └ <SpawnProcess name='SpawnProcess-20' parent=3967 started>
  File "/usr/lib/python3.12/multiprocessing/process.py", line 108, in run
    self._target(*self._args, **self._kwargs)
    │    │        │    │        │    └ {'config': <uvicorn.config.Config object at 0x71a3c678b980>, 'target': <bound method Server.run of <uvicorn.server.Server obj...
    │    │        │    │        └ <SpawnProcess name='SpawnProcess-20' parent=3967 started>
    │    │        │    └ ()
    │    │        └ <SpawnProcess name='SpawnProcess-20' parent=3967 started>
    │    └ <function subprocess_started at 0x71a3c65a1b20>
    └ <SpawnProcess name='SpawnProcess-20' parent=3967 started>
  File "/home/serg/PycharmProjects/WordChain/backend/.venv/lib/python3.12/site-packages/uvicorn/_subprocess.py", line 80, in subprocess_started
    target(sockets=sockets)
    │              └ [<socket.socket fd=3, family=2, type=1, proto=0, laddr=('127.0.0.1', 8000)>]
    └ <bound method Server.run of <uvicorn.server.Server object at 0x71a3c65e6360>>
  File "/home/serg/PycharmProjects/WordChain/backend/.venv/lib/python3.12/site-packages/uvicorn/server.py", line 67, in run
    return asyncio_run(self.serve(sockets=sockets), loop_factory=self.config.get_loop_factory())
           │           │    │             │                      │    │      └ <function Config.get_loop_factory at 0x71a3c6790d60>
           │           │    │             │                      │    └ <uvicorn.config.Config object at 0x71a3c678b980>
           │           │    │             │                      └ <uvicorn.server.Server object at 0x71a3c65e6360>
           │           │    │             └ [<socket.socket fd=3, family=2, type=1, proto=0, laddr=('127.0.0.1', 8000)>]
           │           │    └ <function Server.serve at 0x71a3c65a0ea0>
           │           └ <uvicorn.server.Server object at 0x71a3c65e6360>
           └ <function run at 0x71a3c690ec00>
  File "/usr/lib/python3.12/asyncio/runners.py", line 194, in run
    return runner.run(main)
           │      │   └ <coroutine object Server.serve at 0x71a3c73489e0>
           │      └ <function Runner.run at 0x71a3c696e340>
           └ <asyncio.runners.Runner object at 0x71a3c67ab530>
  File "/usr/lib/python3.12/asyncio/runners.py", line 118, in run
    return self._loop.run_until_complete(task)
           │    │     │                  └ <Task pending name='Task-1' coro=<Server.serve() running at /home/serg/PycharmProjects/WordChain/backend/.venv/lib/python3.12...
           │    │     └ <function BaseEventLoop.run_until_complete at 0x71a3c6967f60>
           │    └ <_UnixSelectorEventLoop running=True closed=False debug=False>
           └ <asyncio.runners.Runner object at 0x71a3c67ab530>
  File "/usr/lib/python3.12/asyncio/base_events.py", line 674, in run_until_complete
    self.run_forever()
    │    └ <function BaseEventLoop.run_forever at 0x71a3c6967ec0>
    └ <_UnixSelectorEventLoop running=True closed=False debug=False>
  File "/usr/lib/python3.12/asyncio/base_events.py", line 641, in run_forever
    self._run_once()
    │    └ <function BaseEventLoop._run_once at 0x71a3c696dd00>
    └ <_UnixSelectorEventLoop running=True closed=False debug=False>
  File "/usr/lib/python3.12/asyncio/base_events.py", line 1987, in _run_once
    handle._run()
    │      └ <function Handle._run at 0x71a3c70fa200>
    └ <Handle Task.task_wakeup(<Future finished result=True>)>
  File "/usr/lib/python3.12/asyncio/events.py", line 88, in _run
    self._context.run(self._callback, *self._args)
    │    │            │    │           │    └ <member '_args' of 'Handle' objects>
    │    │            │    │           └ <Handle Task.task_wakeup(<Future finished result=True>)>
    │    │            │    └ <member '_callback' of 'Handle' objects>
    │    │            └ <Handle Task.task_wakeup(<Future finished result=True>)>
    │    └ <member '_context' of 'Handle' objects>
    └ <Handle Task.task_wakeup(<Future finished result=True>)>
  File "/home/serg/PycharmProjects/WordChain/backend/.venv/lib/python3.12/site-packages/uvicorn/protocols/http/h11_impl.py", line 410, in run_asgi
    result = await app(  # type: ignore[func-returns-value]
                   └ <uvicorn.middleware.proxy_headers.ProxyHeadersMiddleware object at 0x71a3c66282f0>
  File "/home/serg/PycharmProjects/WordChain/backend/.venv/lib/python3.12/site-packages/uvicorn/middleware/proxy_headers.py", line 60, in __call__
    return await self.app(scope, receive, send)
                 │    │   │      │        └ <bound method RequestResponseCycle.send of <uvicorn.protocols.http.h11_impl.RequestResponseCycle object at 0x71a3c194b1a0>>
                 │    │   │      └ <bound method RequestResponseCycle.receive of <uvicorn.protocols.http.h11_impl.RequestResponseCycle object at 0x71a3c194b1a0>>
                 │    │   └ {'type': 'http', 'asgi': {'version': '3.0', 'spec_version': '2.3'}, 'http_version': '1.1', 'server': ('127.0.0.1', 8000), 'cl...
                 │    └ <fastapi.applications.FastAPI object at 0x71a3c492f980>
                 └ <uvicorn.middleware.proxy_headers.ProxyHeadersMiddleware object at 0x71a3c66282f0>
  File "/home/serg/PycharmProjects/WordChain/backend/.venv/lib/python3.12/site-packages/fastapi/applications.py", line 1135, in __call__
    await super().__call__(scope, receive, send)
                           │      │        └ <bound method RequestResponseCycle.send of <uvicorn.protocols.http.h11_impl.RequestResponseCycle object at 0x71a3c194b1a0>>
                           │      └ <bound method RequestResponseCycle.receive of <uvicorn.protocols.http.h11_impl.RequestResponseCycle object at 0x71a3c194b1a0>>
                           └ {'type': 'http', 'asgi': {'version': '3.0', 'spec_version': '2.3'}, 'http_version': '1.1', 'server': ('127.0.0.1', 8000), 'cl...
  File "/home/serg/PycharmProjects/WordChain/backend/.venv/lib/python3.12/site-packages/starlette/applications.py", line 107, in __call__
    await self.middleware_stack(scope, receive, send)
          │    │                │      │        └ <bound method RequestResponseCycle.send of <uvicorn.protocols.http.h11_impl.RequestResponseCycle object at 0x71a3c194b1a0>>
          │    │                │      └ <bound method RequestResponseCycle.receive of <uvicorn.protocols.http.h11_impl.RequestResponseCycle object at 0x71a3c194b1a0>>
          │    │                └ {'type': 'http', 'asgi': {'version': '3.0', 'spec_version': '2.3'}, 'http_version': '1.1', 'server': ('127.0.0.1', 8000), 'cl...
          │    └ <starlette.middleware.errors.ServerErrorMiddleware object at 0x71a3c22b11f0>
          └ <fastapi.applications.FastAPI object at 0x71a3c492f980>
  File "/home/serg/PycharmProjects/WordChain/backend/.venv/lib/python3.12/site-packages/starlette/middleware/errors.py", line 164, in __call__
    await self.app(scope, receive, _send)
          │    │   │      │        └ <function ServerErrorMiddleware.__call__.<locals>._send at 0x71a3c199fe20>
          │    │   │      └ <bound method RequestResponseCycle.receive of <uvicorn.protocols.http.h11_impl.RequestResponseCycle object at 0x71a3c194b1a0>>
          │    │   └ {'type': 'http', 'asgi': {'version': '3.0', 'spec_version': '2.3'}, 'http_version': '1.1', 'server': ('127.0.0.1', 8000), 'cl...
          │    └ <starlette.middleware.base.BaseHTTPMiddleware object at 0x71a3c29597f0>
          └ <starlette.middleware.errors.ServerErrorMiddleware object at 0x71a3c22b11f0>
  File "/home/serg/PycharmProjects/WordChain/backend/.venv/lib/python3.12/site-packages/starlette/middleware/base.py", line 193, in __call__
    response = await self.dispatch_func(request, call_next)
                     │    │             │        └ <function BaseHTTPMiddleware.__call__.<locals>.call_next at 0x71a3c22ca3e0>
                     │    │             └ <starlette.middleware.base._CachedRequest object at 0x71a3c19ae660>
                     │    └ <function log_requests at 0x71a3c2292660>
                     └ <starlette.middleware.base.BaseHTTPMiddleware object at 0x71a3c29597f0>

> File "/home/serg/PycharmProjects/WordChain/backend/app/main.py", line 72, in log_requests
    response = await call_next(request)
                     │         └ <starlette.middleware.base._CachedRequest object at 0x71a3c19ae660>
                     └ <function BaseHTTPMiddleware.__call__.<locals>.call_next at 0x71a3c22ca3e0>

  File "/home/serg/PycharmProjects/WordChain/backend/.venv/lib/python3.12/site-packages/starlette/middleware/base.py", line 168, in call_next
    raise app_exc from app_exc.__cause__ or app_exc.__context__
          │            │       │            │       └ <attribute '__context__' of 'BaseException' objects>
          │            │       │            └ ProgrammingError('(sqlalchemy.dialects.postgresql.asyncpg.ProgrammingError) <class \'asyncpg.exceptions.UndefinedColumnError\...
          │            │       └ <attribute '__cause__' of 'BaseException' objects>
          │            └ ProgrammingError('(sqlalchemy.dialects.postgresql.asyncpg.ProgrammingError) <class \'asyncpg.exceptions.UndefinedColumnError\...
          └ ProgrammingError('(sqlalchemy.dialects.postgresql.asyncpg.ProgrammingError) <class \'asyncpg.exceptions.UndefinedColumnError\...
  File "/home/serg/PycharmProjects/WordChain/backend/.venv/lib/python3.12/site-packages/starlette/middleware/base.py", line 144, in coro
    await self.app(scope, receive_or_disconnect, send_no_error)
          │    │   │      │                      └ <function BaseHTTPMiddleware.__call__.<locals>.call_next.<locals>.send_no_error at 0x71a3c2293f60>
          │    │   │      └ <function BaseHTTPMiddleware.__call__.<locals>.call_next.<locals>.receive_or_disconnect at 0x71a3c19c8900>
          │    │   └ {'type': 'http', 'asgi': {'version': '3.0', 'spec_version': '2.3'}, 'http_version': '1.1', 'server': ('127.0.0.1', 8000), 'cl...
          │    └ <starlette.middleware.cors.CORSMiddleware object at 0x71a3c22b00b0>
          └ <starlette.middleware.base.BaseHTTPMiddleware object at 0x71a3c29597f0>
  File "/home/serg/PycharmProjects/WordChain/backend/.venv/lib/python3.12/site-packages/starlette/middleware/cors.py", line 93, in __call__
    await self.simple_response(scope, receive, send, request_headers=headers)
          │    │               │      │        │                     └ Headers({'host': '127.0.0.1:8000', 'connection': 'keep-alive', 'content-length': '189', 'sec-ch-ua-platform': '"Linux"', 'aut...
          │    │               │      │        └ <function BaseHTTPMiddleware.__call__.<locals>.call_next.<locals>.send_no_error at 0x71a3c2293f60>
          │    │               │      └ <function BaseHTTPMiddleware.__call__.<locals>.call_next.<locals>.receive_or_disconnect at 0x71a3c19c8900>
          │    │               └ {'type': 'http', 'asgi': {'version': '3.0', 'spec_version': '2.3'}, 'http_version': '1.1', 'server': ('127.0.0.1', 8000), 'cl...
          │    └ <function CORSMiddleware.simple_response at 0x71a3c57e7740>
          └ <starlette.middleware.cors.CORSMiddleware object at 0x71a3c22b00b0>
  File "/home/serg/PycharmProjects/WordChain/backend/.venv/lib/python3.12/site-packages/starlette/middleware/cors.py", line 144, in simple_response
    await self.app(scope, receive, send)
          │    │   │      │        └ functools.partial(<bound method CORSMiddleware.send of <starlette.middleware.cors.CORSMiddleware object at 0x71a3c22b00b0>>, ...
          │    │   │      └ <function BaseHTTPMiddleware.__call__.<locals>.call_next.<locals>.receive_or_disconnect at 0x71a3c19c8900>
          │    │   └ {'type': 'http', 'asgi': {'version': '3.0', 'spec_version': '2.3'}, 'http_version': '1.1', 'server': ('127.0.0.1', 8000), 'cl...
          │    └ <starlette.middleware.exceptions.ExceptionMiddleware object at 0x71a3c22b1190>
          └ <starlette.middleware.cors.CORSMiddleware object at 0x71a3c22b00b0>
  File "/home/serg/PycharmProjects/WordChain/backend/.venv/lib/python3.12/site-packages/starlette/middleware/exceptions.py", line 63, in __call__
    await wrap_app_handling_exceptions(self.app, conn)(scope, receive, send)
          │                            │    │    │     │      │        └ functools.partial(<bound method CORSMiddleware.send of <starlette.middleware.cors.CORSMiddleware object at 0x71a3c22b00b0>>, ...
          │                            │    │    │     │      └ <function BaseHTTPMiddleware.__call__.<locals>.call_next.<locals>.receive_or_disconnect at 0x71a3c19c8900>
          │                            │    │    │     └ {'type': 'http', 'asgi': {'version': '3.0', 'spec_version': '2.3'}, 'http_version': '1.1', 'server': ('127.0.0.1', 8000), 'cl...
          │                            │    │    └ <starlette.requests.Request object at 0x71a3c1948a10>
          │                            │    └ <fastapi.middleware.asyncexitstack.AsyncExitStackMiddleware object at 0x71a3c22b1160>
          │                            └ <starlette.middleware.exceptions.ExceptionMiddleware object at 0x71a3c22b1190>
          └ <function wrap_app_handling_exceptions at 0x71a3c57956c0>
  File "/home/serg/PycharmProjects/WordChain/backend/.venv/lib/python3.12/site-packages/starlette/_exception_handler.py", line 53, in wrapped_app
    raise exc
  File "/home/serg/PycharmProjects/WordChain/backend/.venv/lib/python3.12/site-packages/starlette/_exception_handler.py", line 42, in wrapped_app
    await app(scope, receive, sender)
          │   │      │        └ <function wrap_app_handling_exceptions.<locals>.wrapped_app.<locals>.sender at 0x71a3c10723e0>
          │   │      └ <function BaseHTTPMiddleware.__call__.<locals>.call_next.<locals>.receive_or_disconnect at 0x71a3c19c8900>
          │   └ {'type': 'http', 'asgi': {'version': '3.0', 'spec_version': '2.3'}, 'http_version': '1.1', 'server': ('127.0.0.1', 8000), 'cl...
          └ <fastapi.middleware.asyncexitstack.AsyncExitStackMiddleware object at 0x71a3c22b1160>
  File "/home/serg/PycharmProjects/WordChain/backend/.venv/lib/python3.12/site-packages/fastapi/middleware/asyncexitstack.py", line 18, in __call__
    await self.app(scope, receive, send)
          │    │   │      │        └ <function wrap_app_handling_exceptions.<locals>.wrapped_app.<locals>.sender at 0x71a3c10723e0>
          │    │   │      └ <function BaseHTTPMiddleware.__call__.<locals>.call_next.<locals>.receive_or_disconnect at 0x71a3c19c8900>
          │    │   └ {'type': 'http', 'asgi': {'version': '3.0', 'spec_version': '2.3'}, 'http_version': '1.1', 'server': ('127.0.0.1', 8000), 'cl...
          │    └ <fastapi.routing.APIRouter object at 0x71a3c2264a10>
          └ <fastapi.middleware.asyncexitstack.AsyncExitStackMiddleware object at 0x71a3c22b1160>
  File "/home/serg/PycharmProjects/WordChain/backend/.venv/lib/python3.12/site-packages/starlette/routing.py", line 716, in __call__
    await self.middleware_stack(scope, receive, send)
          │    │                │      │        └ <function wrap_app_handling_exceptions.<locals>.wrapped_app.<locals>.sender at 0x71a3c10723e0>
          │    │                │      └ <function BaseHTTPMiddleware.__call__.<locals>.call_next.<locals>.receive_or_disconnect at 0x71a3c19c8900>
          │    │                └ {'type': 'http', 'asgi': {'version': '3.0', 'spec_version': '2.3'}, 'http_version': '1.1', 'server': ('127.0.0.1', 8000), 'cl...
          │    └ <bound method Router.app of <fastapi.routing.APIRouter object at 0x71a3c2264a10>>
          └ <fastapi.routing.APIRouter object at 0x71a3c2264a10>
  File "/home/serg/PycharmProjects/WordChain/backend/.venv/lib/python3.12/site-packages/starlette/routing.py", line 736, in app
    await route.handle(scope, receive, send)
          │     │      │      │        └ <function wrap_app_handling_exceptions.<locals>.wrapped_app.<locals>.sender at 0x71a3c10723e0>
          │     │      │      └ <function BaseHTTPMiddleware.__call__.<locals>.call_next.<locals>.receive_or_disconnect at 0x71a3c19c8900>
          │     │      └ {'type': 'http', 'asgi': {'version': '3.0', 'spec_version': '2.3'}, 'http_version': '1.1', 'server': ('127.0.0.1', 8000), 'cl...
          │     └ <function Route.handle at 0x71a3c5796ca0>
          └ APIRoute(path='/saveWord', name='save_word', methods=['POST'])
  File "/home/serg/PycharmProjects/WordChain/backend/.venv/lib/python3.12/site-packages/starlette/routing.py", line 290, in handle
    await self.app(scope, receive, send)
          │    │   │      │        └ <function wrap_app_handling_exceptions.<locals>.wrapped_app.<locals>.sender at 0x71a3c10723e0>
          │    │   │      └ <function BaseHTTPMiddleware.__call__.<locals>.call_next.<locals>.receive_or_disconnect at 0x71a3c19c8900>
          │    │   └ {'type': 'http', 'asgi': {'version': '3.0', 'spec_version': '2.3'}, 'http_version': '1.1', 'server': ('127.0.0.1', 8000), 'cl...
          │    └ <function request_response.<locals>.app at 0x71a3c2290ae0>
          └ APIRoute(path='/saveWord', name='save_word', methods=['POST'])
  File "/home/serg/PycharmProjects/WordChain/backend/.venv/lib/python3.12/site-packages/fastapi/routing.py", line 120, in app
    await wrap_app_handling_exceptions(app, request)(scope, receive, send)
          │                            │    │        │      │        └ <function wrap_app_handling_exceptions.<locals>.wrapped_app.<locals>.sender at 0x71a3c10723e0>
          │                            │    │        │      └ <function BaseHTTPMiddleware.__call__.<locals>.call_next.<locals>.receive_or_disconnect at 0x71a3c19c8900>
          │                            │    │        └ {'type': 'http', 'asgi': {'version': '3.0', 'spec_version': '2.3'}, 'http_version': '1.1', 'server': ('127.0.0.1', 8000), 'cl...
          │                            │    └ <starlette.requests.Request object at 0x71a3c1948080>
          │                            └ <function request_response.<locals>.app.<locals>.app at 0x71a3c1073b00>
          └ <function wrap_app_handling_exceptions at 0x71a3c57956c0>
  File "/home/serg/PycharmProjects/WordChain/backend/.venv/lib/python3.12/site-packages/starlette/_exception_handler.py", line 53, in wrapped_app
    raise exc
  File "/home/serg/PycharmProjects/WordChain/backend/.venv/lib/python3.12/site-packages/starlette/_exception_handler.py", line 42, in wrapped_app
    await app(scope, receive, sender)
          │   │      │        └ <function wrap_app_handling_exceptions.<locals>.wrapped_app.<locals>.sender at 0x71a3c1072840>
          │   │      └ <function BaseHTTPMiddleware.__call__.<locals>.call_next.<locals>.receive_or_disconnect at 0x71a3c19c8900>
          │   └ {'type': 'http', 'asgi': {'version': '3.0', 'spec_version': '2.3'}, 'http_version': '1.1', 'server': ('127.0.0.1', 8000), 'cl...
          └ <function request_response.<locals>.app.<locals>.app at 0x71a3c1073b00>
  File "/home/serg/PycharmProjects/WordChain/backend/.venv/lib/python3.12/site-packages/fastapi/routing.py", line 106, in app
    response = await f(request)
                     │ └ <starlette.requests.Request object at 0x71a3c1948080>
                     └ <function get_request_handler.<locals>.app at 0x71a3c2290a40>
  File "/home/serg/PycharmProjects/WordChain/backend/.venv/lib/python3.12/site-packages/fastapi/routing.py", line 427, in app
    raw_response = await run_endpoint_function(
                         └ <function run_endpoint_function at 0x71a3c57acc20>
  File "/home/serg/PycharmProjects/WordChain/backend/.venv/lib/python3.12/site-packages/fastapi/routing.py", line 313, in run_endpoint_function
    return await dependant.call(**values)
                 │         │      └ {'user': <app.db.models.user.User object at 0x71a3c0dea780>, 'result': WordCreate(word='entity', translation='сущность, объек...
                 │         └ <function save_word at 0x71a3c32adc60>
                 └ Dependant(path_params=[], query_params=[], header_params=[], cookie_params=[], body_params=[ModelField(field_info=Body(Pydant...

  File "/home/serg/PycharmProjects/WordChain/backend/app/routers/save_word.py", line 23, in save_word
    word_obj = await WordRepository.create(
                     │              └ <staticmethod(<function WordRepository.create at 0x71a3c32adb20>)>
                     └ <class 'app.db.repositories.word_repository.WordRepository'>

  File "/home/serg/PycharmProjects/WordChain/backend/app/db/repositories/word_repository.py", line 23, in create
    await session.flush()   # чтобы получить id и поля
          │       └ <function AsyncSession.flush at 0x71a3c49abec0>
          └ <sqlalchemy.ext.asyncio.session.AsyncSession object at 0x71a3c17435f0>

  File "/home/serg/PycharmProjects/WordChain/backend/.venv/lib/python3.12/site-packages/sqlalchemy/ext/asyncio/session.py", line 787, in flush
    await greenlet_spawn(self.sync_session.flush, objects=objects)
          │              │    │            │              └ None
          │              │    │            └ <function Session.flush at 0x71a3c4aaa980>
          │              │    └ <sqlalchemy.orm.session.Session object at 0x71a3c231a930>
          │              └ <sqlalchemy.ext.asyncio.session.AsyncSession object at 0x71a3c17435f0>
          └ <function greenlet_spawn at 0x71a3c5642340>
  File "/home/serg/PycharmProjects/WordChain/backend/.venv/lib/python3.12/site-packages/sqlalchemy/util/_concurrency_py3k.py", line 203, in greenlet_spawn
    result = context.switch(value)
             │       │      └ None
             │       └ <method 'switch' of 'greenlet.greenlet' objects>
             └ <_AsyncIoGreenlet object at 0x71a3c113d380 (otid=0x330cbc30) dead>
  File "/home/serg/PycharmProjects/WordChain/backend/.venv/lib/python3.12/site-packages/sqlalchemy/orm/session.py", line 4331, in flush
    self._flush(objects)
    │    │      └ None
    │    └ <function Session._flush at 0x71a3c4aaab60>
    └ <sqlalchemy.orm.session.Session object at 0x71a3c231a930>
  File "/home/serg/PycharmProjects/WordChain/backend/.venv/lib/python3.12/site-packages/sqlalchemy/orm/session.py", line 4466, in _flush
    with util.safe_reraise():
         │    └ <class 'sqlalchemy.util.langhelpers.safe_reraise'>
         └ <module 'sqlalchemy.util' from '/home/serg/PycharmProjects/WordChain/backend/.venv/lib/python3.12/site-packages/sqlalchemy/ut...
  File "/home/serg/PycharmProjects/WordChain/backend/.venv/lib/python3.12/site-packages/sqlalchemy/util/langhelpers.py", line 121, in __exit__
    raise exc_value.with_traceback(exc_tb)
          │         │              └ <traceback object at 0x71a3c19c4e00>
          │         └ <method 'with_traceback' of 'BaseException' objects>
          └ ProgrammingError('(sqlalchemy.dialects.postgresql.asyncpg.ProgrammingError) <class \'asyncpg.exceptions.UndefinedColumnError\...
  File "/home/serg/PycharmProjects/WordChain/backend/.venv/lib/python3.12/site-packages/sqlalchemy/orm/session.py", line 4427, in _flush
    flush_context.execute()
    │             └ <function UOWTransaction.execute at 0x71a3c4a1a0c0>
    └ <sqlalchemy.orm.unitofwork.UOWTransaction object at 0x71a3c10eb8c0>
  File "/home/serg/PycharmProjects/WordChain/backend/.venv/lib/python3.12/site-packages/sqlalchemy/orm/unitofwork.py", line 466, in execute
    rec.execute(self)
    │   │       └ <sqlalchemy.orm.unitofwork.UOWTransaction object at 0x71a3c10eb8c0>
    │   └ <function SaveUpdateAll.execute at 0x71a3c4a1ac00>
    └ SaveUpdateAll(Mapper[Word(words)])
  File "/home/serg/PycharmProjects/WordChain/backend/.venv/lib/python3.12/site-packages/sqlalchemy/orm/unitofwork.py", line 642, in execute
    util.preloaded.orm_persistence.save_obj(
    │    │         │               └ <function save_obj at 0x71a3c4a55d00>
    │    │         └ <module 'sqlalchemy.orm.persistence' from '/home/serg/PycharmProjects/WordChain/backend/.venv/lib/python3.12/site-packages/sq...
    │    └ <module 'sqlalchemy.util.preloaded' from '/home/serg/PycharmProjects/WordChain/backend/.venv/lib/python3.12/site-packages/sql...
    └ <module 'sqlalchemy.util' from '/home/serg/PycharmProjects/WordChain/backend/.venv/lib/python3.12/site-packages/sqlalchemy/ut...
  File "/home/serg/PycharmProjects/WordChain/backend/.venv/lib/python3.12/site-packages/sqlalchemy/orm/persistence.py", line 93, in save_obj
    _emit_insert_statements(
    └ <function _emit_insert_statements at 0x71a3c4a8c180>
  File "/home/serg/PycharmProjects/WordChain/backend/.venv/lib/python3.12/site-packages/sqlalchemy/orm/persistence.py", line 1233, in _emit_insert_statements
    result = connection.execute(
             │          └ <function Connection.execute at 0x71a3c4d33380>
             └ <sqlalchemy.engine.base.Connection object at 0x71a3c105e600>
  File "/home/serg/PycharmProjects/WordChain/backend/.venv/lib/python3.12/site-packages/sqlalchemy/engine/base.py", line 1419, in execute
    return meth(
           └ <bound method ClauseElement._execute_on_connection of <sqlalchemy.sql.dml.Insert object at 0x71a3c19af680>>
  File "/home/serg/PycharmProjects/WordChain/backend/.venv/lib/python3.12/site-packages/sqlalchemy/sql/elements.py", line 527, in _execute_on_connection
    return connection._execute_clauseelement(
           │          └ <function Connection._execute_clauseelement at 0x71a3c4d336a0>
           └ <sqlalchemy.engine.base.Connection object at 0x71a3c105e600>
  File "/home/serg/PycharmProjects/WordChain/backend/.venv/lib/python3.12/site-packages/sqlalchemy/engine/base.py", line 1641, in _execute_clauseelement
    ret = self._execute_context(
          │    └ <function Connection._execute_context at 0x71a3c4d33880>
          └ <sqlalchemy.engine.base.Connection object at 0x71a3c105e600>
  File "/home/serg/PycharmProjects/WordChain/backend/.venv/lib/python3.12/site-packages/sqlalchemy/engine/base.py", line 1846, in _execute_context
    return self._exec_single_context(
           │    └ <function Connection._exec_single_context at 0x71a3c4d33920>
           └ <sqlalchemy.engine.base.Connection object at 0x71a3c105e600>
  File "/home/serg/PycharmProjects/WordChain/backend/.venv/lib/python3.12/site-packages/sqlalchemy/engine/base.py", line 1986, in _exec_single_context
    self._handle_dbapi_exception(
    │    └ <function Connection._handle_dbapi_exception at 0x71a3c4d33ba0>
    └ <sqlalchemy.engine.base.Connection object at 0x71a3c105e600>
  File "/home/serg/PycharmProjects/WordChain/backend/.venv/lib/python3.12/site-packages/sqlalchemy/engine/base.py", line 2363, in _handle_dbapi_exception
    raise sqlalchemy_exception.with_traceback(exc_info[2]) from e
          │                    │              │                 └ ProgrammingError('<class \'asyncpg.exceptions.UndefinedColumnError\'>: column "antonyms" of relation "words" does not exist')
          │                    │              └ (<class 'sqlalchemy.dialects.postgresql.asyncpg.AsyncAdapt_asyncpg_dbapi.ProgrammingError'>, ProgrammingError('<class \'async...
          │                    └ <method 'with_traceback' of 'BaseException' objects>
          └ ProgrammingError('(sqlalchemy.dialects.postgresql.asyncpg.ProgrammingError) <class \'asyncpg.exceptions.UndefinedColumnError\...
  File "/home/serg/PycharmProjects/WordChain/backend/.venv/lib/python3.12/site-packages/sqlalchemy/engine/base.py", line 1967, in _exec_single_context
    self.dialect.do_execute(
    │    │       └ <function DefaultDialect.do_execute at 0x71a3c4dcf240>
    │    └ <sqlalchemy.dialects.postgresql.asyncpg.PGDialect_asyncpg object at 0x71a3c4887bc0>
    └ <sqlalchemy.engine.base.Connection object at 0x71a3c105e600>
  File "/home/serg/PycharmProjects/WordChain/backend/.venv/lib/python3.12/site-packages/sqlalchemy/engine/default.py", line 952, in do_execute
    cursor.execute(statement, parameters)
    │      │       │          └ (2, 'entity', 'сущность, объект, единица, субъект, организация, элемент', 'noun', 'ˈɛntɪti', '[]', '[]', '[]')
    │      │       └ 'INSERT INTO words (user_id, word, translation, part_of_speech, transcription, examples, synonyms, antonyms) VALUES ($1::INTE...
    │      └ <function AsyncAdapt_asyncpg_cursor.execute at 0x71a3c47dc680>
    └ <sqlalchemy.dialects.postgresql.asyncpg.AsyncAdapt_asyncpg_cursor object at 0x71a3c0fc39a0>
  File "/home/serg/PycharmProjects/WordChain/backend/.venv/lib/python3.12/site-packages/sqlalchemy/dialects/postgresql/asyncpg.py", line 585, in execute
    self._adapt_connection.await_(
    │    └ <member '_adapt_connection' of 'AsyncAdapt_asyncpg_cursor' objects>
    └ <sqlalchemy.dialects.postgresql.asyncpg.AsyncAdapt_asyncpg_cursor object at 0x71a3c0fc39a0>
  File "/home/serg/PycharmProjects/WordChain/backend/.venv/lib/python3.12/site-packages/sqlalchemy/util/_concurrency_py3k.py", line 132, in await_only
    return current.parent.switch(awaitable)  # type: ignore[no-any-return,attr-defined] # noqa: E501
           │       │             └ <coroutine object AsyncAdapt_asyncpg_cursor._prepare_and_execute at 0x71a3c137bdf0>
           │       └ <attribute 'parent' of 'greenlet.greenlet' objects>
           └ <_AsyncIoGreenlet object at 0x71a3c113d380 (otid=0x330cbc30) dead>
  File "/home/serg/PycharmProjects/WordChain/backend/.venv/lib/python3.12/site-packages/sqlalchemy/util/_concurrency_py3k.py", line 196, in greenlet_spawn
    value = await result
                  └ <coroutine object AsyncAdapt_asyncpg_connection._rollback_and_discard at 0x71a3c0f9dff0>
  File "/home/serg/PycharmProjects/WordChain/backend/.venv/lib/python3.12/site-packages/sqlalchemy/dialects/postgresql/asyncpg.py", line 563, in _prepare_and_execute
    self._handle_exception(error)
    │    └ <function AsyncAdapt_asyncpg_cursor._handle_exception at 0x71a3c47dc4a0>
    └ <sqlalchemy.dialects.postgresql.asyncpg.AsyncAdapt_asyncpg_cursor object at 0x71a3c0fc39a0>
  File "/home/serg/PycharmProjects/WordChain/backend/.venv/lib/python3.12/site-packages/sqlalchemy/dialects/postgresql/asyncpg.py", line 513, in _handle_exception
    self._adapt_connection._handle_exception(error)
    │    │                                   └ UndefinedColumnError('column "antonyms" of relation "words" does not exist')
    │    └ <member '_adapt_connection' of 'AsyncAdapt_asyncpg_cursor' objects>
    └ <sqlalchemy.dialects.postgresql.asyncpg.AsyncAdapt_asyncpg_cursor object at 0x71a3c0fc39a0>
  File "/home/serg/PycharmProjects/WordChain/backend/.venv/lib/python3.12/site-packages/sqlalchemy/dialects/postgresql/asyncpg.py", line 797, in _handle_exception
    raise translated_error from error
          │                     └ UndefinedColumnError('column "antonyms" of relation "words" does not exist')
          └ ProgrammingError('<class \'asyncpg.exceptions.UndefinedColumnError\'>: column "antonyms" of relation "words" does not exist')

sqlalchemy.exc.ProgrammingError: (sqlalchemy.dialects.postgresql.asyncpg.ProgrammingError) <class 'asyncpg.exceptions.UndefinedColumnError'>: column "antonyms" of relation "words" does not exist
[SQL: INSERT INTO words (user_id, word, translation, part_of_speech, transcription, examples, synonyms, antonyms) VALUES ($1::INTEGER, $2::VARCHAR, $3::VARCHAR, $4::VARCHAR, $5::VARCHAR, $6::JSONB, $7::JSONB, $8::JSONB) RETURNING words.id, words.created_at, words.updated_at]
[parameters: (2, 'entity', 'сущность, объект, единица, субъект, организация, элемент', 'noun', 'ˈɛntɪti', '[]', '[]', '[]')]
(Background on this error at: https://sqlalche.me/e/20/f405)
2026-05-23 11:22:49.781 | INFO     | app.main:log_requests:69 - Incoming request: POST http://127.0.0.1:8000/frontend-log
2026-05-23 11:22:49.782 | INFO     | app.main:log_requests:69 - Incoming request: POST http://127.0.0.1:8000/frontend-log
2026-05-23 11:22:49.782 | INFO     | app.routers.logs:receive_frontend_logs:10 - [ERROR] SaveWord request failed {'endpoint': '/saveWord', 'method': 'POST', 'error': 'Failed to fetch'}
2026-05-23 11:22:49.783 | INFO     | app.routers.logs:receive_frontend_logs:10 - [ERROR] Save request failed in UI {'error': 'Failed to fetch'}
2026-05-23 11:22:49.783 | INFO     | app.main:log_requests:77 - Response status: 200
2026-05-23 11:22:49.783 | INFO     | app.main:log_requests:77 - Response status: 200
2026-05-23 11:32:56.495 | INFO     | app.main:log_requests:69 - Incoming request: OPTIONS http://127.0.0.1:8000/frontend-log
2026-05-23 11:32:56.496 | INFO     | app.main:log_requests:69 - Incoming request: OPTIONS http://127.0.0.1:8000/frontend-log
2026-05-23 11:32:56.496 | INFO     | app.main:log_requests:69 - Incoming request: OPTIONS http://127.0.0.1:8000/saveWord
2026-05-23 11:32:56.498 | INFO     | app.main:log_requests:77 - Response status: 200
2026-05-23 11:32:56.499 | INFO     | app.main:log_requests:77 - Response status: 200
2026-05-23 11:32:56.499 | INFO     | app.main:log_requests:77 - Response status: 200
2026-05-23 11:32:56.503 | INFO     | app.main:log_requests:69 - Incoming request: POST http://127.0.0.1:8000/frontend-log
2026-05-23 11:32:56.504 | INFO     | app.main:log_requests:69 - Incoming request: POST http://127.0.0.1:8000/saveWord
2026-05-23 11:32:56.504 | INFO     | app.main:log_requests:69 - Incoming request: POST http://127.0.0.1:8000/frontend-log
2026-05-23 11:32:56.505 | INFO     | app.routers.logs:receive_frontend_logs:10 - [INFO] SaveWord request shape {'endpoint': '/saveWord', 'method': 'POST', 'bodyShape': ['word', 'translation', 'transcription', 'part_of_speech'], 'bodyPreview': {'word': 'entity', 'translation': 'сущность, объект, единица, субъект, организация, элемент', 'transcription': 'ˈɛntɪti', 'part_of_speech': 'noun'}}
2026-05-23 11:32:56.506 | INFO     | app.routers.logs:receive_frontend_logs:10 - [INFO] Save button clicked {'hasResult': True}
2026-05-23 11:32:56.506 | INFO     | app.main:log_requests:77 - Response status: 200
2026-05-23 11:32:56.507 | INFO     | app.main:log_requests:77 - Response status: 200
2026-05-23 11:32:56.508 | INFO     | app.routers.save_word:save_word:16 - Saving attempt: entity
2026-05-23 11:32:56.525 | INFO     | app.routers.save_word:save_word:38 - Word saved success: entity
2026-05-23 11:32:56.525 | INFO     | app.services.set_service:check_and_create_set:17 - [SET] Checking if user 2 needs a new set...
2026-05-23 11:32:56.529 | INFO     | app.services.set_service:check_and_create_set:26 - [SET] User 2 has total words: 42
2026-05-23 11:32:56.531 | INFO     | app.services.set_service:check_and_create_set:33 - [SET] User 2 has used words (in sets): 36
2026-05-23 11:32:56.531 | INFO     | app.services.set_service:check_and_create_set:38 - [SET] User 2 has FREE words: 6
2026-05-23 11:32:56.531 | INFO     | app.services.set_service:check_and_create_set:49 - [SET] Conditions met. Creating new set for user 2...
2026-05-23 11:32:56.531 | INFO     | app.services.set_service:create_set_from_last_words:55 - [SET] Selecting last 6 FREE words for user 2...
2026-05-23 11:32:56.538 | INFO     | app.services.set_service:create_set_from_last_words:69 - [SET] Selected words for new set: [54, 53, 52, 51, 50, 49]
2026-05-23 11:32:56.542 | INFO     | app.services.set_service:create_set_from_last_words:75 - [SET] Last set number: 6, next: 7
2026-05-23 11:32:56.543 | INFO     | app.services.set_service:create_set_from_last_words:81 - [SET] Creating Set 'Set-7' for user 2
2026-05-23 11:32:56.551 | INFO     | app.services.set_service:create_set_from_last_words:90 - [SET] Set created with ID 9
2026-05-23 11:32:56.551 | INFO     | app.services.set_service:create_set_from_last_words:94 - [SET] Adding word 54 to set 9
2026-05-23 11:32:56.556 | INFO     | app.services.set_service:create_set_from_last_words:94 - [SET] Adding word 53 to set 9
2026-05-23 11:32:56.558 | INFO     | app.services.set_service:create_set_from_last_words:94 - [SET] Adding word 52 to set 9
2026-05-23 11:32:56.561 | INFO     | app.services.set_service:create_set_from_last_words:94 - [SET] Adding word 51 to set 9
2026-05-23 11:32:56.564 | INFO     | app.services.set_service:create_set_from_last_words:94 - [SET] Adding word 50 to set 9
2026-05-23 11:32:56.568 | INFO     | app.services.set_service:create_set_from_last_words:94 - [SET] Adding word 49 to set 9
2026-05-23 11:32:56.571 | INFO     | app.services.set_service:create_set_from_last_words:101 - [SET] Set 9 created successfully with words: [54, 53, 52, 51, 50, 49]
2026-05-23 11:32:56.572 | INFO     | app.main:log_requests:77 - Response status: 200
2026-05-23 11:32:56.615 | INFO     | app.main:log_requests:69 - Incoming request: POST http://127.0.0.1:8000/frontend-log
2026-05-23 11:32:56.616 | INFO     | app.main:log_requests:69 - Incoming request: POST http://127.0.0.1:8000/frontend-log
2026-05-23 11:32:56.616 | INFO     | app.routers.logs:receive_frontend_logs:10 - [INFO] SaveWord response shape {'status': None, 'keys': ['word', 'translation', 'transcription', 'part_of_speech']}
2026-05-23 11:32:56.616 | INFO     | app.routers.logs:receive_frontend_logs:10 - [INFO] Save request success {}
2026-05-23 11:32:56.617 | INFO     | app.main:log_requests:77 - Response status: 200
2026-05-23 11:32:56.617 | INFO     | app.main:log_requests:77 - Response status: 200
2026-05-23 11:33:00.561 | INFO     | app.main:log_requests:69 - Incoming request: POST http://127.0.0.1:8000/frontend-log
2026-05-23 11:33:00.562 | INFO     | app.main:log_requests:69 - Incoming request: POST http://127.0.0.1:8000/frontend-log
2026-05-23 11:33:00.563 | INFO     | app.main:log_requests:69 - Incoming request: OPTIONS http://127.0.0.1:8000/anyWord
2026-05-23 11:33:00.563 | INFO     | app.routers.logs:receive_frontend_logs:10 - [INFO] Any Word button clicked {'hasResult': True}
2026-05-23 11:33:00.564 | INFO     | app.main:log_requests:77 - Response status: 200
2026-05-23 11:33:00.564 | INFO     | app.main:log_requests:77 - Response status: 200
2026-05-23 11:33:00.565 | INFO     | app.routers.logs:receive_frontend_logs:10 - [INFO] Any Word request shape {'endpoint': '/anyWord', 'method': 'POST', 'bodyShape': ['source_lang'], 'bodyPreview': {'source_lang': 'English'}}
2026-05-23 11:33:00.566 | INFO     | app.main:log_requests:77 - Response status: 200
2026-05-23 11:33:00.568 | INFO     | app.main:log_requests:69 - Incoming request: POST http://127.0.0.1:8000/anyWord
2026-05-23 11:33:00.569 | INFO     | app.routers.any_word:translate:10 - Get Any Word attempt: English
2026-05-23 11:33:03.010 | SUCCESS  | app.routers.any_word:translate:17 - Get Any Word success: English
2026-05-23 11:33:03.010 | INFO     | app.main:log_requests:77 - Response status: 200
2026-05-23 11:33:03.014 | INFO     | app.main:log_requests:69 - Incoming request: POST http://127.0.0.1:8000/frontend-log
2026-05-23 11:33:03.015 | INFO     | app.main:log_requests:69 - Incoming request: POST http://127.0.0.1:8000/frontend-log
2026-05-23 11:33:03.015 | INFO     | app.routers.logs:receive_frontend_logs:10 - [INFO] Any Word response shape {'status': None, 'keys': ['word']}
2026-05-23 11:33:03.016 | INFO     | app.routers.logs:receive_frontend_logs:10 - [INFO] Any Word request success {}
2026-05-23 11:33:03.016 | INFO     | app.main:log_requests:77 - Response status: 200
2026-05-23 11:33:03.018 | INFO     | app.main:log_requests:77 - Response status: 200
2026-05-23 11:33:06.440 | INFO     | app.main:log_requests:69 - Incoming request: POST http://127.0.0.1:8000/frontend-log
2026-05-23 11:33:06.441 | INFO     | app.main:log_requests:69 - Incoming request: POST http://127.0.0.1:8000/frontend-log
2026-05-23 11:33:06.442 | INFO     | app.routers.logs:receive_frontend_logs:10 - [INFO] Any Word button clicked {'hasResult': True}
2026-05-23 11:33:06.442 | INFO     | app.main:log_requests:69 - Incoming request: POST http://127.0.0.1:8000/anyWord
2026-05-23 11:33:06.442 | INFO     | app.main:log_requests:77 - Response status: 200
2026-05-23 11:33:06.442 | INFO     | app.routers.logs:receive_frontend_logs:10 - [INFO] Any Word request shape {'endpoint': '/anyWord', 'method': 'POST', 'bodyShape': ['source_lang'], 'bodyPreview': {'source_lang': 'English'}}
2026-05-23 11:33:06.443 | INFO     | app.main:log_requests:77 - Response status: 200
2026-05-23 11:33:06.443 | INFO     | app.routers.any_word:translate:10 - Get Any Word attempt: English
2026-05-23 11:33:09.397 | SUCCESS  | app.routers.any_word:translate:17 - Get Any Word success: English
2026-05-23 11:33:09.397 | INFO     | app.main:log_requests:77 - Response status: 200
2026-05-23 11:33:09.401 | INFO     | app.main:log_requests:69 - Incoming request: POST http://127.0.0.1:8000/frontend-log
2026-05-23 11:33:09.402 | INFO     | app.main:log_requests:69 - Incoming request: POST http://127.0.0.1:8000/frontend-log
2026-05-23 11:33:09.402 | INFO     | app.routers.logs:receive_frontend_logs:10 - [INFO] Any Word response shape {'status': None, 'keys': ['word']}
2026-05-23 11:33:09.403 | INFO     | app.routers.logs:receive_frontend_logs:10 - [INFO] Any Word request success {}
2026-05-23 11:33:09.403 | INFO     | app.main:log_requests:77 - Response status: 200
2026-05-23 11:33:09.405 | INFO     | app.main:log_requests:77 - Response status: 200
2026-05-23 11:33:14.866 | INFO     | app.main:log_requests:69 - Incoming request: POST http://127.0.0.1:8000/frontend-log
2026-05-23 11:33:14.866 | INFO     | app.main:log_requests:69 - Incoming request: POST http://127.0.0.1:8000/frontend-log
2026-05-23 11:33:14.867 | INFO     | app.main:log_requests:69 - Incoming request: POST http://127.0.0.1:8000/anyWord
2026-05-23 11:33:14.867 | INFO     | app.routers.logs:receive_frontend_logs:10 - [INFO] Any Word button clicked {'hasResult': True}
2026-05-23 11:33:14.868 | INFO     | app.routers.logs:receive_frontend_logs:10 - [INFO] Any Word request shape {'endpoint': '/anyWord', 'method': 'POST', 'bodyShape': ['source_lang'], 'bodyPreview': {'source_lang': 'English'}}
2026-05-23 11:33:14.868 | INFO     | app.routers.any_word:translate:10 - Get Any Word attempt: English
2026-05-23 11:33:14.869 | INFO     | app.main:log_requests:77 - Response status: 200
2026-05-23 11:33:14.870 | INFO     | app.main:log_requests:77 - Response status: 200
2026-05-23 11:33:17.965 | SUCCESS  | app.routers.any_word:translate:17 - Get Any Word success: English
2026-05-23 11:33:17.965 | INFO     | app.main:log_requests:77 - Response status: 200
2026-05-23 11:33:17.969 | INFO     | app.main:log_requests:69 - Incoming request: POST http://127.0.0.1:8000/frontend-log
2026-05-23 11:33:17.970 | INFO     | app.main:log_requests:69 - Incoming request: POST http://127.0.0.1:8000/frontend-log
2026-05-23 11:33:17.971 | INFO     | app.routers.logs:receive_frontend_logs:10 - [INFO] Any Word response shape {'status': None, 'keys': ['word']}
2026-05-23 11:33:17.971 | INFO     | app.routers.logs:receive_frontend_logs:10 - [INFO] Any Word request success {}
2026-05-23 11:33:17.971 | INFO     | app.main:log_requests:77 - Response status: 200
2026-05-23 11:33:17.973 | INFO     | app.main:log_requests:77 - Response status: 200
2026-05-23 11:33:19.234 | INFO     | app.main:log_requests:69 - Incoming request: POST http://127.0.0.1:8000/frontend-log
2026-05-23 11:33:19.235 | INFO     | app.main:log_requests:69 - Incoming request: POST http://127.0.0.1:8000/frontend-log
2026-05-23 11:33:19.235 | INFO     | app.main:log_requests:69 - Incoming request: POST http://127.0.0.1:8000/anyWord
2026-05-23 11:33:19.236 | INFO     | app.routers.logs:receive_frontend_logs:10 - [INFO] Any Word button clicked {'hasResult': True}
2026-05-23 11:33:19.236 | INFO     | app.main:log_requests:77 - Response status: 200
2026-05-23 11:33:19.237 | INFO     | app.routers.logs:receive_frontend_logs:10 - [INFO] Any Word request shape {'endpoint': '/anyWord', 'method': 'POST', 'bodyShape': ['source_lang'], 'bodyPreview': {'source_lang': 'English'}}
2026-05-23 11:33:19.238 | INFO     | app.routers.any_word:translate:10 - Get Any Word attempt: English
2026-05-23 11:33:19.238 | INFO     | app.main:log_requests:77 - Response status: 200
2026-05-23 11:33:20.397 | SUCCESS  | app.routers.any_word:translate:17 - Get Any Word success: English
2026-05-23 11:33:20.397 | INFO     | app.main:log_requests:77 - Response status: 200
2026-05-23 11:33:20.402 | INFO     | app.main:log_requests:69 - Incoming request: POST http://127.0.0.1:8000/frontend-log
2026-05-23 11:33:20.403 | INFO     | app.main:log_requests:69 - Incoming request: POST http://127.0.0.1:8000/frontend-log
2026-05-23 11:33:20.403 | INFO     | app.routers.logs:receive_frontend_logs:10 - [INFO] Any Word response shape {'status': None, 'keys': ['word']}
2026-05-23 11:33:20.404 | INFO     | app.routers.logs:receive_frontend_logs:10 - [INFO] Any Word request success {}
2026-05-23 11:33:20.404 | INFO     | app.main:log_requests:77 - Response status: 200
2026-05-23 11:33:20.405 | INFO     | app.main:log_requests:77 - Response status: 200
2026-05-23 11:33:21.815 | INFO     | app.main:log_requests:69 - Incoming request: POST http://127.0.0.1:8000/frontend-log
2026-05-23 11:33:21.816 | INFO     | app.main:log_requests:69 - Incoming request: POST http://127.0.0.1:8000/frontend-log
2026-05-23 11:33:21.816 | INFO     | app.main:log_requests:69 - Incoming request: POST http://127.0.0.1:8000/anyWord
2026-05-23 11:33:21.818 | INFO     | app.routers.logs:receive_frontend_logs:10 - [INFO] Any Word button clicked {'hasResult': True}
2026-05-23 11:33:21.818 | INFO     | app.routers.logs:receive_frontend_logs:10 - [INFO] Any Word request shape {'endpoint': '/anyWord', 'method': 'POST', 'bodyShape': ['source_lang'], 'bodyPreview': {'source_lang': 'English'}}
2026-05-23 11:33:21.819 | INFO     | app.routers.any_word:translate:10 - Get Any Word attempt: English
2026-05-23 11:33:21.819 | INFO     | app.main:log_requests:77 - Response status: 200
2026-05-23 11:33:21.820 | INFO     | app.main:log_requests:77 - Response status: 200
2026-05-23 11:33:23.510 | SUCCESS  | app.routers.any_word:translate:17 - Get Any Word success: English
2026-05-23 11:33:23.510 | INFO     | app.main:log_requests:77 - Response status: 200
2026-05-23 11:33:23.513 | INFO     | app.main:log_requests:69 - Incoming request: POST http://127.0.0.1:8000/frontend-log
2026-05-23 11:33:23.514 | INFO     | app.main:log_requests:69 - Incoming request: POST http://127.0.0.1:8000/frontend-log
2026-05-23 11:33:23.514 | INFO     | app.routers.logs:receive_frontend_logs:10 - [INFO] Any Word response shape {'status': None, 'keys': ['word']}
2026-05-23 11:33:23.514 | INFO     | app.main:log_requests:77 - Response status: 200
2026-05-23 11:33:23.515 | INFO     | app.routers.logs:receive_frontend_logs:10 - [INFO] Any Word request success {}
2026-05-23 11:33:23.515 | INFO     | app.main:log_requests:77 - Response status: 200
2026-05-23 11:33:24.711 | INFO     | app.main:log_requests:69 - Incoming request: POST http://127.0.0.1:8000/frontend-log
2026-05-23 11:33:24.712 | INFO     | app.main:log_requests:69 - Incoming request: POST http://127.0.0.1:8000/frontend-log
2026-05-23 11:33:24.713 | INFO     | app.main:log_requests:69 - Incoming request: POST http://127.0.0.1:8000/anyWord
2026-05-23 11:33:24.714 | INFO     | app.routers.logs:receive_frontend_logs:10 - [INFO] Any Word button clicked {'hasResult': True}
2026-05-23 11:33:24.715 | INFO     | app.main:log_requests:77 - Response status: 200
2026-05-23 11:33:24.715 | INFO     | app.routers.logs:receive_frontend_logs:10 - [INFO] Any Word request shape {'endpoint': '/anyWord', 'method': 'POST', 'bodyShape': ['source_lang'], 'bodyPreview': {'source_lang': 'English'}}
2026-05-23 11:33:24.716 | INFO     | app.routers.any_word:translate:10 - Get Any Word attempt: English
2026-05-23 11:33:24.716 | INFO     | app.main:log_requests:77 - Response status: 200
2026-05-23 11:33:25.530 | SUCCESS  | app.routers.any_word:translate:17 - Get Any Word success: English
2026-05-23 11:33:25.530 | INFO     | app.main:log_requests:77 - Response status: 200
2026-05-23 11:33:25.535 | INFO     | app.main:log_requests:69 - Incoming request: POST http://127.0.0.1:8000/frontend-log
2026-05-23 11:33:25.535 | INFO     | app.main:log_requests:69 - Incoming request: POST http://127.0.0.1:8000/frontend-log
2026-05-23 11:33:25.536 | INFO     | app.routers.logs:receive_frontend_logs:10 - [INFO] Any Word response shape {'status': None, 'keys': ['word']}
2026-05-23 11:33:25.537 | INFO     | app.routers.logs:receive_frontend_logs:10 - [INFO] Any Word request success {}
2026-05-23 11:33:25.537 | INFO     | app.main:log_requests:77 - Response status: 200
2026-05-23 11:33:25.539 | INFO     | app.main:log_requests:77 - Response status: 200
2026-05-23 11:33:30.992 | INFO     | app.main:log_requests:69 - Incoming request: POST http://127.0.0.1:8000/frontend-log
2026-05-23 11:33:30.993 | INFO     | app.main:log_requests:69 - Incoming request: OPTIONS http://127.0.0.1:8000/get_sets
2026-05-23 11:33:30.993 | INFO     | app.routers.logs:receive_frontend_logs:10 - [INFO] Sets screen render start {}
2026-05-23 11:33:30.994 | INFO     | app.main:log_requests:77 - Response status: 200
2026-05-23 11:33:30.994 | INFO     | app.main:log_requests:77 - Response status: 200
2026-05-23 11:33:30.999 | INFO     | app.main:log_requests:69 - Incoming request: POST http://127.0.0.1:8000/get_sets
2026-05-23 11:33:31.002 | INFO     | app.routers.get_sets:get_sets:11 - Getting Sets attempt: name='Sergey'
2026-05-23 11:33:31.010 | INFO     | app.routers.get_sets:get_sets:16 - Getting Sets success: [{'id': 1, 'name': 'Set-1', 'word_ids': [6, 5, 4, 3, 2, 1]}, {'id': 2, 'name': 'Set-2', 'word_ids': [12, 11, 10, 9, 8, 7]}, {'id': 5, 'name': 'Set-3', 'word_ids': [30, 29, 28, 27, 26, 25]}, {'id': 6, 'name': 'Set-4', 'word_ids': [36, 35, 34, 33, 32, 31]}, {'id': 7, 'name': 'Set-5', 'word_ids': [42, 41, 40, 39, 38, 37]}, {'id': 8, 'name': 'Set-6', 'word_ids': [48, 47, 46, 45, 44, 43]}, {'id': 9, 'name': 'Set-7', 'word_ids': [54, 53, 52, 51, 50, 49]}]
2026-05-23 11:33:31.010 | INFO     | app.main:log_requests:77 - Response status: 200
2026-05-23 11:33:31.013 | INFO     | app.main:log_requests:69 - Incoming request: POST http://127.0.0.1:8000/frontend-log
2026-05-23 11:33:31.014 | INFO     | app.routers.logs:receive_frontend_logs:10 - [INFO] Get sets of Sergey request sent {}
2026-05-23 11:33:31.014 | INFO     | app.main:log_requests:77 - Response status: 200
2026-05-23 11:33:33.890 | INFO     | app.main:log_requests:69 - Incoming request: OPTIONS http://127.0.0.1:8000/get_words
2026-05-23 11:33:33.891 | INFO     | app.main:log_requests:77 - Response status: 200
2026-05-23 11:33:33.895 | INFO     | app.main:log_requests:69 - Incoming request: POST http://127.0.0.1:8000/get_words
2026-05-23 11:33:33.897 | INFO     | app.routers.get_words_from_set:get_words:11 - Getting Sets attempt: word_ids=[54, 53, 52, 51, 50, 49]
2026-05-23 11:33:33.898 | INFO     | app.services.set_service:get_words_from_set:128 - [GET WORDS] Start fetching words for IDs: [54, 53, 52, 51, 50, 49]
2026-05-23 11:33:33.898 | INFO     | app.services.set_service:get_words_from_set:131 - [GET WORDS] Fetching words for ID: 54
2026-05-23 11:33:33.903 | INFO     | app.services.set_service:get_words_from_set:139 - [GET WORDS] Found word: id=54, word='entity'
2026-05-23 11:33:33.903 | INFO     | app.services.set_service:get_words_from_set:131 - [GET WORDS] Fetching words for ID: 53
2026-05-23 11:33:33.905 | INFO     | app.services.set_service:get_words_from_set:139 - [GET WORDS] Found word: id=53, word='library'
2026-05-23 11:33:33.905 | INFO     | app.services.set_service:get_words_from_set:131 - [GET WORDS] Fetching words for ID: 52
2026-05-23 11:33:33.907 | INFO     | app.services.set_service:get_words_from_set:139 - [GET WORDS] Found word: id=52, word='genius'
2026-05-23 11:33:33.907 | INFO     | app.services.set_service:get_words_from_set:131 - [GET WORDS] Fetching words for ID: 51
2026-05-23 11:33:33.908 | INFO     | app.services.set_service:get_words_from_set:139 - [GET WORDS] Found word: id=51, word='ongoing'
2026-05-23 11:33:33.908 | INFO     | app.services.set_service:get_words_from_set:131 - [GET WORDS] Fetching words for ID: 50
2026-05-23 11:33:33.909 | INFO     | app.services.set_service:get_words_from_set:139 - [GET WORDS] Found word: id=50, word='inner'
2026-05-23 11:33:33.909 | INFO     | app.services.set_service:get_words_from_set:131 - [GET WORDS] Fetching words for ID: 49
2026-05-23 11:33:33.910 | INFO     | app.services.set_service:get_words_from_set:139 - [GET WORDS] Found word: id=49, word='fish'
2026-05-23 11:33:33.910 | INFO     | app.services.set_service:get_words_from_set:141 - [GET WORDS] Final result list: [{'id': 54, 'word': 'entity'}, {'id': 53, 'word': 'library'}, {'id': 52, 'word': 'genius'}, {'id': 51, 'word': 'ongoing'}, {'id': 50, 'word': 'inner'}, {'id': 49, 'word': 'fish'}]
2026-05-23 11:33:33.911 | INFO     | app.routers.get_words_from_set:get_words:16 - Getting Sets success: [{'id': 54, 'word': 'entity'}, {'id': 53, 'word': 'library'}, {'id': 52, 'word': 'genius'}, {'id': 51, 'word': 'ongoing'}, {'id': 50, 'word': 'inner'}, {'id': 49, 'word': 'fish'}]
2026-05-23 11:33:33.911 | INFO     | app.main:log_requests:77 - Response status: 200
2026-05-23 11:33:33.914 | INFO     | app.main:log_requests:69 - Incoming request: POST http://127.0.0.1:8000/frontend-log
2026-05-23 11:33:33.915 | INFO     | app.routers.logs:receive_frontend_logs:10 - [INFO] Get words from Set-7 request sent {}
2026-05-23 11:33:33.915 | INFO     | app.main:log_requests:77 - Response status: 200
2026-05-23 11:33:45.268 | INFO     | app.main:log_requests:69 - Incoming request: POST http://127.0.0.1:8000/frontend-log
2026-05-23 11:33:45.269 | INFO     | app.main:log_requests:69 - Incoming request: POST http://127.0.0.1:8000/frontend-log
2026-05-23 11:33:45.271 | INFO     | app.main:log_requests:69 - Incoming request: POST http://127.0.0.1:8000/frontend-log
2026-05-23 11:33:45.272 | INFO     | app.main:log_requests:69 - Incoming request: POST http://127.0.0.1:8000/frontend-log
2026-05-23 11:33:45.272 | INFO     | app.main:log_requests:69 - Incoming request: POST http://127.0.0.1:8000/frontend-log
2026-05-23 11:33:45.273 | INFO     | app.main:log_requests:69 - Incoming request: POST http://127.0.0.1:8000/frontend-log
2026-05-23 11:33:45.273 | INFO     | app.routers.logs:receive_frontend_logs:10 - [INFO] Word entity clicked {'word': 'entity'}
2026-05-23 11:33:45.274 | INFO     | app.main:log_requests:77 - Response status: 200
2026-05-23 11:33:45.274 | INFO     | app.routers.logs:receive_frontend_logs:10 - [INFO] Word screen render start {}
2026-05-23 11:33:45.274 | INFO     | app.routers.logs:receive_frontend_logs:10 - [INFO] Word screen node {'found': True}
2026-05-23 11:33:45.274 | INFO     | app.routers.logs:receive_frontend_logs:10 - [INFO] Word request from the base {}
2026-05-23 11:33:45.275 | INFO     | app.routers.logs:receive_frontend_logs:10 - [INFO] Word request start {'endpoint': '/get_word', 'word': 'entity', 'user_id': 2, 'languge': ''}
2026-05-23 11:33:45.275 | INFO     | app.main:log_requests:77 - Response status: 200
2026-05-23 11:33:45.276 | INFO     | app.main:log_requests:77 - Response status: 200
2026-05-23 11:33:45.276 | INFO     | app.main:log_requests:77 - Response status: 200
2026-05-23 11:33:45.276 | INFO     | app.main:log_requests:77 - Response status: 200
2026-05-23 11:33:45.277 | INFO     | app.routers.logs:receive_frontend_logs:10 - [INFO] get_word request shape {'endpoint': '/get_word', 'method': 'POST', 'hasEndpoint': True, 'hasWord': True, 'hasUser': True}
2026-05-23 11:33:45.278 | INFO     | app.main:log_requests:77 - Response status: 200
2026-05-23 11:33:45.279 | INFO     | app.main:log_requests:69 - Incoming request: OPTIONS http://127.0.0.1:8000/get_word
2026-05-23 11:33:45.279 | INFO     | app.main:log_requests:77 - Response status: 200
2026-05-23 11:33:45.282 | INFO     | app.main:log_requests:69 - Incoming request: POST http://127.0.0.1:8000/get_word
2026-05-23 11:33:45.285 | INFO     | app.routers.get_word:get_word:16 - Reading Word attempt: user_id=2 word='entity'
2026-05-23 11:33:45.288 | INFO     | app.routers.get_word:get_word:22 - Reading word success: entity
2026-05-23 11:33:45.288 | INFO     | app.main:log_requests:77 - Response status: 200
2026-05-23 11:33:45.332 | INFO     | app.main:log_requests:69 - Incoming request: POST http://127.0.0.1:8000/frontend-log
2026-05-23 11:33:45.333 | INFO     | app.main:log_requests:69 - Incoming request: POST http://127.0.0.1:8000/frontend-log
2026-05-23 11:33:45.334 | INFO     | app.routers.logs:receive_frontend_logs:10 - [INFO] get_word response shape {'keys': ['word', 'translation', 'part_of_speech', 'transcription', 'examples', 'synonyms', 'antonyms', 'created_at', 'updated_at']}
2026-05-23 11:33:45.334 | INFO     | app.main:log_requests:77 - Response status: 200
2026-05-23 11:33:45.334 | INFO     | app.routers.logs:receive_frontend_logs:10 - [INFO] Word details loaded {'word': 'entity', 'hasData': False}
2026-05-23 11:33:45.335 | INFO     | app.main:log_requests:77 - Response status: 200
2026-05-23 11:33:52.342 | INFO     | app.main:log_requests:69 - Incoming request: POST http://127.0.0.1:8000/frontend-log
2026-05-23 11:33:52.342 | INFO     | app.main:log_requests:69 - Incoming request: OPTIONS http://127.0.0.1:8000/get_synonyms
2026-05-23 11:33:52.343 | INFO     | app.main:log_requests:77 - Response status: 200
2026-05-23 11:33:52.344 | INFO     | app.routers.logs:receive_frontend_logs:10 - [INFO] get_synonyms request shape {'endpoint': '/get_synonyms', 'method': 'POST', 'hasEndpoint': True, 'hasWord': True, 'hasUser': True}
2026-05-23 11:33:52.344 | INFO     | app.main:log_requests:77 - Response status: 200
2026-05-23 11:33:52.347 | INFO     | app.main:log_requests:69 - Incoming request: POST http://127.0.0.1:8000/get_synonyms
2026-05-23 11:33:52.348 | INFO     | app.routers.get_word:get_synonyms:51 - Get synonyms attempt: user_id=2 word='entity'
2026-05-23 11:33:52.348 | ERROR    | app.main:log_requests:74 - Unhandled error: word_synonyms() takes 1 positional argument but 2 were given
Traceback (most recent call last):

  File "<string>", line 1, in <module>
  File "/usr/lib/python3.12/multiprocessing/spawn.py", line 122, in spawn_main
    exitcode = _main(fd, parent_sentinel)
               │     │   └ 4
               │     └ 7
               └ <function _main at 0x71a3c72e5c60>
  File "/usr/lib/python3.12/multiprocessing/spawn.py", line 135, in _main
    return self._bootstrap(parent_sentinel)
           │    │          └ 4
           │    └ <function BaseProcess._bootstrap at 0x71a3c73c3f60>
           └ <SpawnProcess name='SpawnProcess-20' parent=3967 started>
  File "/usr/lib/python3.12/multiprocessing/process.py", line 314, in _bootstrap
    self.run()
    │    └ <function BaseProcess.run at 0x71a3c73c34c0>
    └ <SpawnProcess name='SpawnProcess-20' parent=3967 started>
  File "/usr/lib/python3.12/multiprocessing/process.py", line 108, in run
    self._target(*self._args, **self._kwargs)
    │    │        │    │        │    └ {'config': <uvicorn.config.Config object at 0x71a3c678b980>, 'target': <bound method Server.run of <uvicorn.server.Server obj...
    │    │        │    │        └ <SpawnProcess name='SpawnProcess-20' parent=3967 started>
    │    │        │    └ ()
    │    │        └ <SpawnProcess name='SpawnProcess-20' parent=3967 started>
    │    └ <function subprocess_started at 0x71a3c65a1b20>
    └ <SpawnProcess name='SpawnProcess-20' parent=3967 started>
  File "/home/serg/PycharmProjects/WordChain/backend/.venv/lib/python3.12/site-packages/uvicorn/_subprocess.py", line 80, in subprocess_started
    target(sockets=sockets)
    │              └ [<socket.socket fd=3, family=2, type=1, proto=0, laddr=('127.0.0.1', 8000)>]
    └ <bound method Server.run of <uvicorn.server.Server object at 0x71a3c65e6360>>
  File "/home/serg/PycharmProjects/WordChain/backend/.venv/lib/python3.12/site-packages/uvicorn/server.py", line 67, in run
    return asyncio_run(self.serve(sockets=sockets), loop_factory=self.config.get_loop_factory())
           │           │    │             │                      │    │      └ <function Config.get_loop_factory at 0x71a3c6790d60>
           │           │    │             │                      │    └ <uvicorn.config.Config object at 0x71a3c678b980>
           │           │    │             │                      └ <uvicorn.server.Server object at 0x71a3c65e6360>
           │           │    │             └ [<socket.socket fd=3, family=2, type=1, proto=0, laddr=('127.0.0.1', 8000)>]
           │           │    └ <function Server.serve at 0x71a3c65a0ea0>
           │           └ <uvicorn.server.Server object at 0x71a3c65e6360>
           └ <function run at 0x71a3c690ec00>
  File "/usr/lib/python3.12/asyncio/runners.py", line 194, in run
    return runner.run(main)
           │      │   └ <coroutine object Server.serve at 0x71a3c73489e0>
           │      └ <function Runner.run at 0x71a3c696e340>
           └ <asyncio.runners.Runner object at 0x71a3c67ab530>
  File "/usr/lib/python3.12/asyncio/runners.py", line 118, in run
    return self._loop.run_until_complete(task)
           │    │     │                  └ <Task pending name='Task-1' coro=<Server.serve() running at /home/serg/PycharmProjects/WordChain/backend/.venv/lib/python3.12...
           │    │     └ <function BaseEventLoop.run_until_complete at 0x71a3c6967f60>
           │    └ <_UnixSelectorEventLoop running=True closed=False debug=False>
           └ <asyncio.runners.Runner object at 0x71a3c67ab530>
  File "/usr/lib/python3.12/asyncio/base_events.py", line 674, in run_until_complete
    self.run_forever()
    │    └ <function BaseEventLoop.run_forever at 0x71a3c6967ec0>
    └ <_UnixSelectorEventLoop running=True closed=False debug=False>
  File "/usr/lib/python3.12/asyncio/base_events.py", line 641, in run_forever
    self._run_once()
    │    └ <function BaseEventLoop._run_once at 0x71a3c696dd00>
    └ <_UnixSelectorEventLoop running=True closed=False debug=False>
  File "/usr/lib/python3.12/asyncio/base_events.py", line 1987, in _run_once
    handle._run()
    │      └ <function Handle._run at 0x71a3c70fa200>
    └ <Handle Task.task_wakeup(<Future finished result=True>)>
  File "/usr/lib/python3.12/asyncio/events.py", line 88, in _run
    self._context.run(self._callback, *self._args)
    │    │            │    │           │    └ <member '_args' of 'Handle' objects>
    │    │            │    │           └ <Handle Task.task_wakeup(<Future finished result=True>)>
    │    │            │    └ <member '_callback' of 'Handle' objects>
    │    │            └ <Handle Task.task_wakeup(<Future finished result=True>)>
    │    └ <member '_context' of 'Handle' objects>
    └ <Handle Task.task_wakeup(<Future finished result=True>)>
  File "/home/serg/PycharmProjects/WordChain/backend/.venv/lib/python3.12/site-packages/uvicorn/protocols/http/h11_impl.py", line 410, in run_asgi
    result = await app(  # type: ignore[func-returns-value]
                   └ <uvicorn.middleware.proxy_headers.ProxyHeadersMiddleware object at 0x71a3c66282f0>
  File "/home/serg/PycharmProjects/WordChain/backend/.venv/lib/python3.12/site-packages/uvicorn/middleware/proxy_headers.py", line 60, in __call__
    return await self.app(scope, receive, send)
                 │    │   │      │        └ <bound method RequestResponseCycle.send of <uvicorn.protocols.http.h11_impl.RequestResponseCycle object at 0x71a3c01d8f50>>
                 │    │   │      └ <bound method RequestResponseCycle.receive of <uvicorn.protocols.http.h11_impl.RequestResponseCycle object at 0x71a3c01d8f50>>
                 │    │   └ {'type': 'http', 'asgi': {'version': '3.0', 'spec_version': '2.3'}, 'http_version': '1.1', 'server': ('127.0.0.1', 8000), 'cl...
                 │    └ <fastapi.applications.FastAPI object at 0x71a3c492f980>
                 └ <uvicorn.middleware.proxy_headers.ProxyHeadersMiddleware object at 0x71a3c66282f0>
  File "/home/serg/PycharmProjects/WordChain/backend/.venv/lib/python3.12/site-packages/fastapi/applications.py", line 1135, in __call__
    await super().__call__(scope, receive, send)
                           │      │        └ <bound method RequestResponseCycle.send of <uvicorn.protocols.http.h11_impl.RequestResponseCycle object at 0x71a3c01d8f50>>
                           │      └ <bound method RequestResponseCycle.receive of <uvicorn.protocols.http.h11_impl.RequestResponseCycle object at 0x71a3c01d8f50>>
                           └ {'type': 'http', 'asgi': {'version': '3.0', 'spec_version': '2.3'}, 'http_version': '1.1', 'server': ('127.0.0.1', 8000), 'cl...
  File "/home/serg/PycharmProjects/WordChain/backend/.venv/lib/python3.12/site-packages/starlette/applications.py", line 107, in __call__
    await self.middleware_stack(scope, receive, send)
          │    │                │      │        └ <bound method RequestResponseCycle.send of <uvicorn.protocols.http.h11_impl.RequestResponseCycle object at 0x71a3c01d8f50>>
          │    │                │      └ <bound method RequestResponseCycle.receive of <uvicorn.protocols.http.h11_impl.RequestResponseCycle object at 0x71a3c01d8f50>>
          │    │                └ {'type': 'http', 'asgi': {'version': '3.0', 'spec_version': '2.3'}, 'http_version': '1.1', 'server': ('127.0.0.1', 8000), 'cl...
          │    └ <starlette.middleware.errors.ServerErrorMiddleware object at 0x71a3c22b11f0>
          └ <fastapi.applications.FastAPI object at 0x71a3c492f980>
  File "/home/serg/PycharmProjects/WordChain/backend/.venv/lib/python3.12/site-packages/starlette/middleware/errors.py", line 164, in __call__
    await self.app(scope, receive, _send)
          │    │   │      │        └ <function ServerErrorMiddleware.__call__.<locals>._send at 0x71a3c037bd80>
          │    │   │      └ <bound method RequestResponseCycle.receive of <uvicorn.protocols.http.h11_impl.RequestResponseCycle object at 0x71a3c01d8f50>>
          │    │   └ {'type': 'http', 'asgi': {'version': '3.0', 'spec_version': '2.3'}, 'http_version': '1.1', 'server': ('127.0.0.1', 8000), 'cl...
          │    └ <starlette.middleware.base.BaseHTTPMiddleware object at 0x71a3c29597f0>
          └ <starlette.middleware.errors.ServerErrorMiddleware object at 0x71a3c22b11f0>
  File "/home/serg/PycharmProjects/WordChain/backend/.venv/lib/python3.12/site-packages/starlette/middleware/base.py", line 193, in __call__
    response = await self.dispatch_func(request, call_next)
                     │    │             │        └ <function BaseHTTPMiddleware.__call__.<locals>.call_next at 0x71a3c2f0a5c0>
                     │    │             └ <starlette.middleware.base._CachedRequest object at 0x71a3c0358890>
                     │    └ <function log_requests at 0x71a3c2292660>
                     └ <starlette.middleware.base.BaseHTTPMiddleware object at 0x71a3c29597f0>

> File "/home/serg/PycharmProjects/WordChain/backend/app/main.py", line 72, in log_requests
    response = await call_next(request)
                     │         └ <starlette.middleware.base._CachedRequest object at 0x71a3c0358890>
                     └ <function BaseHTTPMiddleware.__call__.<locals>.call_next at 0x71a3c2f0a5c0>

  File "/home/serg/PycharmProjects/WordChain/backend/.venv/lib/python3.12/site-packages/starlette/middleware/base.py", line 168, in call_next
    raise app_exc from app_exc.__cause__ or app_exc.__context__
          │            │       │            │       └ <attribute '__context__' of 'BaseException' objects>
          │            │       │            └ TypeError('word_synonyms() takes 1 positional argument but 2 were given')
          │            │       └ <attribute '__cause__' of 'BaseException' objects>
          │            └ TypeError('word_synonyms() takes 1 positional argument but 2 were given')
          └ TypeError('word_synonyms() takes 1 positional argument but 2 were given')
  File "/home/serg/PycharmProjects/WordChain/backend/.venv/lib/python3.12/site-packages/starlette/middleware/base.py", line 144, in coro
    await self.app(scope, receive_or_disconnect, send_no_error)
          │    │   │      │                      └ <function BaseHTTPMiddleware.__call__.<locals>.call_next.<locals>.send_no_error at 0x71a3c1073c40>
          │    │   │      └ <function BaseHTTPMiddleware.__call__.<locals>.call_next.<locals>.receive_or_disconnect at 0x71a3c2f0a660>
          │    │   └ {'type': 'http', 'asgi': {'version': '3.0', 'spec_version': '2.3'}, 'http_version': '1.1', 'server': ('127.0.0.1', 8000), 'cl...
          │    └ <starlette.middleware.cors.CORSMiddleware object at 0x71a3c22b00b0>
          └ <starlette.middleware.base.BaseHTTPMiddleware object at 0x71a3c29597f0>
  File "/home/serg/PycharmProjects/WordChain/backend/.venv/lib/python3.12/site-packages/starlette/middleware/cors.py", line 93, in __call__
    await self.simple_response(scope, receive, send, request_headers=headers)
          │    │               │      │        │                     └ Headers({'host': '127.0.0.1:8000', 'connection': 'keep-alive', 'content-length': '29', 'sec-ch-ua-platform': '"Linux"', 'auth...
          │    │               │      │        └ <function BaseHTTPMiddleware.__call__.<locals>.call_next.<locals>.send_no_error at 0x71a3c1073c40>
          │    │               │      └ <function BaseHTTPMiddleware.__call__.<locals>.call_next.<locals>.receive_or_disconnect at 0x71a3c2f0a660>
          │    │               └ {'type': 'http', 'asgi': {'version': '3.0', 'spec_version': '2.3'}, 'http_version': '1.1', 'server': ('127.0.0.1', 8000), 'cl...
          │    └ <function CORSMiddleware.simple_response at 0x71a3c57e7740>
          └ <starlette.middleware.cors.CORSMiddleware object at 0x71a3c22b00b0>
  File "/home/serg/PycharmProjects/WordChain/backend/.venv/lib/python3.12/site-packages/starlette/middleware/cors.py", line 144, in simple_response
    await self.app(scope, receive, send)
          │    │   │      │        └ functools.partial(<bound method CORSMiddleware.send of <starlette.middleware.cors.CORSMiddleware object at 0x71a3c22b00b0>>, ...
          │    │   │      └ <function BaseHTTPMiddleware.__call__.<locals>.call_next.<locals>.receive_or_disconnect at 0x71a3c2f0a660>
          │    │   └ {'type': 'http', 'asgi': {'version': '3.0', 'spec_version': '2.3'}, 'http_version': '1.1', 'server': ('127.0.0.1', 8000), 'cl...
          │    └ <starlette.middleware.exceptions.ExceptionMiddleware object at 0x71a3c22b1190>
          └ <starlette.middleware.cors.CORSMiddleware object at 0x71a3c22b00b0>
  File "/home/serg/PycharmProjects/WordChain/backend/.venv/lib/python3.12/site-packages/starlette/middleware/exceptions.py", line 63, in __call__
    await wrap_app_handling_exceptions(self.app, conn)(scope, receive, send)
          │                            │    │    │     │      │        └ functools.partial(<bound method CORSMiddleware.send of <starlette.middleware.cors.CORSMiddleware object at 0x71a3c22b00b0>>, ...
          │                            │    │    │     │      └ <function BaseHTTPMiddleware.__call__.<locals>.call_next.<locals>.receive_or_disconnect at 0x71a3c2f0a660>
          │                            │    │    │     └ {'type': 'http', 'asgi': {'version': '3.0', 'spec_version': '2.3'}, 'http_version': '1.1', 'server': ('127.0.0.1', 8000), 'cl...
          │                            │    │    └ <starlette.requests.Request object at 0x71a3c01d8500>
          │                            │    └ <fastapi.middleware.asyncexitstack.AsyncExitStackMiddleware object at 0x71a3c22b1160>
          │                            └ <starlette.middleware.exceptions.ExceptionMiddleware object at 0x71a3c22b1190>
          └ <function wrap_app_handling_exceptions at 0x71a3c57956c0>
  File "/home/serg/PycharmProjects/WordChain/backend/.venv/lib/python3.12/site-packages/starlette/_exception_handler.py", line 53, in wrapped_app
    raise exc
  File "/home/serg/PycharmProjects/WordChain/backend/.venv/lib/python3.12/site-packages/starlette/_exception_handler.py", line 42, in wrapped_app
    await app(scope, receive, sender)
          │   │      │        └ <function wrap_app_handling_exceptions.<locals>.wrapped_app.<locals>.sender at 0x71a3c01dde40>
          │   │      └ <function BaseHTTPMiddleware.__call__.<locals>.call_next.<locals>.receive_or_disconnect at 0x71a3c2f0a660>
          │   └ {'type': 'http', 'asgi': {'version': '3.0', 'spec_version': '2.3'}, 'http_version': '1.1', 'server': ('127.0.0.1', 8000), 'cl...
          └ <fastapi.middleware.asyncexitstack.AsyncExitStackMiddleware object at 0x71a3c22b1160>
  File "/home/serg/PycharmProjects/WordChain/backend/.venv/lib/python3.12/site-packages/fastapi/middleware/asyncexitstack.py", line 18, in __call__
    await self.app(scope, receive, send)
          │    │   │      │        └ <function wrap_app_handling_exceptions.<locals>.wrapped_app.<locals>.sender at 0x71a3c01dde40>
          │    │   │      └ <function BaseHTTPMiddleware.__call__.<locals>.call_next.<locals>.receive_or_disconnect at 0x71a3c2f0a660>
          │    │   └ {'type': 'http', 'asgi': {'version': '3.0', 'spec_version': '2.3'}, 'http_version': '1.1', 'server': ('127.0.0.1', 8000), 'cl...
          │    └ <fastapi.routing.APIRouter object at 0x71a3c2264a10>
          └ <fastapi.middleware.asyncexitstack.AsyncExitStackMiddleware object at 0x71a3c22b1160>
  File "/home/serg/PycharmProjects/WordChain/backend/.venv/lib/python3.12/site-packages/starlette/routing.py", line 716, in __call__
    await self.middleware_stack(scope, receive, send)
          │    │                │      │        └ <function wrap_app_handling_exceptions.<locals>.wrapped_app.<locals>.sender at 0x71a3c01dde40>
          │    │                │      └ <function BaseHTTPMiddleware.__call__.<locals>.call_next.<locals>.receive_or_disconnect at 0x71a3c2f0a660>
          │    │                └ {'type': 'http', 'asgi': {'version': '3.0', 'spec_version': '2.3'}, 'http_version': '1.1', 'server': ('127.0.0.1', 8000), 'cl...
          │    └ <bound method Router.app of <fastapi.routing.APIRouter object at 0x71a3c2264a10>>
          └ <fastapi.routing.APIRouter object at 0x71a3c2264a10>
  File "/home/serg/PycharmProjects/WordChain/backend/.venv/lib/python3.12/site-packages/starlette/routing.py", line 736, in app
    await route.handle(scope, receive, send)
          │     │      │      │        └ <function wrap_app_handling_exceptions.<locals>.wrapped_app.<locals>.sender at 0x71a3c01dde40>
          │     │      │      └ <function BaseHTTPMiddleware.__call__.<locals>.call_next.<locals>.receive_or_disconnect at 0x71a3c2f0a660>
          │     │      └ {'type': 'http', 'asgi': {'version': '3.0', 'spec_version': '2.3'}, 'http_version': '1.1', 'server': ('127.0.0.1', 8000), 'cl...
          │     └ <function Route.handle at 0x71a3c5796ca0>
          └ APIRoute(path='/get_synonyms', name='get_synonyms', methods=['POST'])
  File "/home/serg/PycharmProjects/WordChain/backend/.venv/lib/python3.12/site-packages/starlette/routing.py", line 290, in handle
    await self.app(scope, receive, send)
          │    │   │      │        └ <function wrap_app_handling_exceptions.<locals>.wrapped_app.<locals>.sender at 0x71a3c01dde40>
          │    │   │      └ <function BaseHTTPMiddleware.__call__.<locals>.call_next.<locals>.receive_or_disconnect at 0x71a3c2f0a660>
          │    │   └ {'type': 'http', 'asgi': {'version': '3.0', 'spec_version': '2.3'}, 'http_version': '1.1', 'server': ('127.0.0.1', 8000), 'cl...
          │    └ <function request_response.<locals>.app at 0x71a3c2291da0>
          └ APIRoute(path='/get_synonyms', name='get_synonyms', methods=['POST'])
  File "/home/serg/PycharmProjects/WordChain/backend/.venv/lib/python3.12/site-packages/fastapi/routing.py", line 120, in app
    await wrap_app_handling_exceptions(app, request)(scope, receive, send)
          │                            │    │        │      │        └ <function wrap_app_handling_exceptions.<locals>.wrapped_app.<locals>.sender at 0x71a3c01dde40>
          │                            │    │        │      └ <function BaseHTTPMiddleware.__call__.<locals>.call_next.<locals>.receive_or_disconnect at 0x71a3c2f0a660>
          │                            │    │        └ {'type': 'http', 'asgi': {'version': '3.0', 'spec_version': '2.3'}, 'http_version': '1.1', 'server': ('127.0.0.1', 8000), 'cl...
          │                            │    └ <starlette.requests.Request object at 0x71a3c01d9c40>
          │                            └ <function request_response.<locals>.app.<locals>.app at 0x71a3c01de020>
          └ <function wrap_app_handling_exceptions at 0x71a3c57956c0>
  File "/home/serg/PycharmProjects/WordChain/backend/.venv/lib/python3.12/site-packages/starlette/_exception_handler.py", line 53, in wrapped_app
    raise exc
  File "/home/serg/PycharmProjects/WordChain/backend/.venv/lib/python3.12/site-packages/starlette/_exception_handler.py", line 42, in wrapped_app
    await app(scope, receive, sender)
          │   │      │        └ <function wrap_app_handling_exceptions.<locals>.wrapped_app.<locals>.sender at 0x71a3c01df880>
          │   │      └ <function BaseHTTPMiddleware.__call__.<locals>.call_next.<locals>.receive_or_disconnect at 0x71a3c2f0a660>
          │   └ {'type': 'http', 'asgi': {'version': '3.0', 'spec_version': '2.3'}, 'http_version': '1.1', 'server': ('127.0.0.1', 8000), 'cl...
          └ <function request_response.<locals>.app.<locals>.app at 0x71a3c01de020>
  File "/home/serg/PycharmProjects/WordChain/backend/.venv/lib/python3.12/site-packages/fastapi/routing.py", line 106, in app
    response = await f(request)
                     │ └ <starlette.requests.Request object at 0x71a3c01d9c40>
                     └ <function get_request_handler.<locals>.app at 0x71a3c2291c60>
  File "/home/serg/PycharmProjects/WordChain/backend/.venv/lib/python3.12/site-packages/fastapi/routing.py", line 427, in app
    raw_response = await run_endpoint_function(
                         └ <function run_endpoint_function at 0x71a3c57acc20>
  File "/home/serg/PycharmProjects/WordChain/backend/.venv/lib/python3.12/site-packages/fastapi/routing.py", line 313, in run_endpoint_function
    return await dependant.call(**values)
                 │         │      └ {'req': WordReadRequest(user_id=2, word='entity')}
                 │         └ <function get_synonyms at 0x71a3c224a160>
                 └ Dependant(path_params=[], query_params=[], header_params=[], cookie_params=[], body_params=[ModelField(field_info=Body(Pydant...

  File "/home/serg/PycharmProjects/WordChain/backend/app/routers/get_word.py", line 54, in get_synonyms
    result = await word_synonyms(session, req.word)  # -> List[str]
                   │             │        │   └ 'entity'
                   │             │        └ WordReadRequest(user_id=2, word='entity')
                   │             └ <sqlalchemy.ext.asyncio.session.AsyncSession object at 0x71a3c01d8200>
                   └ <function word_synonyms at 0x71a3c553ff60>

TypeError: word_synonyms() takes 1 positional argument but 2 were given
2026-05-23 11:33:52.358 | INFO     | app.main:log_requests:69 - Incoming request: POST http://127.0.0.1:8000/frontend-log
2026-05-23 11:33:52.358 | INFO     | app.main:log_requests:69 - Incoming request: POST http://127.0.0.1:8000/frontend-log
2026-05-23 11:33:52.359 | INFO     | app.routers.logs:receive_frontend_logs:10 - [ERROR] get_synonyms request failed {'error': 'Failed to fetch'}
2026-05-23 11:33:52.359 | INFO     | app.routers.logs:receive_frontend_logs:10 - [ERROR] Synonyms fetch failed {'error': 'Failed to fetch'}
2026-05-23 11:33:52.359 | INFO     | app.main:log_requests:77 - Response status: 200
2026-05-23 11:33:52.360 | INFO     | app.main:log_requests:77 - Response status: 200
2026-05-23 11:34:03.093 | INFO     | app.main:log_requests:69 - Incoming request: POST http://127.0.0.1:8000/frontend-log
2026-05-23 11:34:03.094 | INFO     | app.main:log_requests:69 - Incoming request: OPTIONS http://127.0.0.1:8000/get_sentences
2026-05-23 11:34:03.095 | INFO     | app.routers.logs:receive_frontend_logs:10 - [INFO] get_sentences request shape {'endpoint': '/get_sentences', 'method': 'POST', 'hasEndpoint': True, 'hasWord': True, 'hasUser': True}
2026-05-23 11:34:03.095 | INFO     | app.main:log_requests:77 - Response status: 200
2026-05-23 11:34:03.095 | INFO     | app.main:log_requests:77 - Response status: 200
2026-05-23 11:34:03.097 | INFO     | app.main:log_requests:69 - Incoming request: POST http://127.0.0.1:8000/get_sentences
2026-05-23 11:34:03.098 | INFO     | app.routers.get_word:get_sentences:93 - Get sentences attempt: user_id=2 word='entity'
2026-05-23 11:34:04.846 | INFO     | app.routers.get_word:get_sentences:99 - Get sentences success: entity
2026-05-23 11:34:04.847 | INFO     | app.main:log_requests:77 - Response status: 200
2026-05-23 11:34:04.850 | INFO     | app.main:log_requests:69 - Incoming request: POST http://127.0.0.1:8000/frontend-log
2026-05-23 11:34:04.851 | INFO     | app.routers.logs:receive_frontend_logs:10 - [INFO] get_sentences response shape {'keys': ['word', 'translation', 'part_of_speech', 'transcription', 'examples', 'synonyms', 'antonyms', 'created_at', 'updated_at']}
2026-05-23 11:34:04.851 | INFO     | app.main:log_requests:77 - Response status: 200
2026-05-23 11:34:16.696 | INFO     | app.main:log_requests:69 - Incoming request: POST http://127.0.0.1:8000/frontend-log
2026-05-23 11:34:16.697 | INFO     | app.main:log_requests:69 - Incoming request: OPTIONS http://127.0.0.1:8000/get_antonyms
2026-05-23 11:34:16.697 | INFO     | app.main:log_requests:77 - Response status: 200
2026-05-23 11:34:16.698 | INFO     | app.routers.logs:receive_frontend_logs:10 - [INFO] get_antonyms request shape {'endpoint': '/get_antonyms', 'method': 'POST', 'hasEndpoint': True, 'hasWord': True, 'hasUser': True}
2026-05-23 11:34:16.699 | INFO     | app.main:log_requests:77 - Response status: 200
2026-05-23 11:34:16.702 | INFO     | app.main:log_requests:69 - Incoming request: POST http://127.0.0.1:8000/get_antonyms
2026-05-23 11:34:16.703 | INFO     | app.routers.get_word:get_antonyms:72 - Get antonyms attempt: user_id=2 word='entity'
2026-05-23 11:34:16.703 | ERROR    | app.main:log_requests:74 - Unhandled error: word_antonyms() takes 1 positional argument but 2 were given
Traceback (most recent call last):

  File "<string>", line 1, in <module>
  File "/usr/lib/python3.12/multiprocessing/spawn.py", line 122, in spawn_main
    exitcode = _main(fd, parent_sentinel)
               │     │   └ 4
               │     └ 7
               └ <function _main at 0x71a3c72e5c60>
  File "/usr/lib/python3.12/multiprocessing/spawn.py", line 135, in _main
    return self._bootstrap(parent_sentinel)
           │    │          └ 4
           │    └ <function BaseProcess._bootstrap at 0x71a3c73c3f60>
           └ <SpawnProcess name='SpawnProcess-20' parent=3967 started>
  File "/usr/lib/python3.12/multiprocessing/process.py", line 314, in _bootstrap
    self.run()
    │    └ <function BaseProcess.run at 0x71a3c73c34c0>
    └ <SpawnProcess name='SpawnProcess-20' parent=3967 started>
  File "/usr/lib/python3.12/multiprocessing/process.py", line 108, in run
    self._target(*self._args, **self._kwargs)
    │    │        │    │        │    └ {'config': <uvicorn.config.Config object at 0x71a3c678b980>, 'target': <bound method Server.run of <uvicorn.server.Server obj...
    │    │        │    │        └ <SpawnProcess name='SpawnProcess-20' parent=3967 started>
    │    │        │    └ ()
    │    │        └ <SpawnProcess name='SpawnProcess-20' parent=3967 started>
    │    └ <function subprocess_started at 0x71a3c65a1b20>
    └ <SpawnProcess name='SpawnProcess-20' parent=3967 started>
  File "/home/serg/PycharmProjects/WordChain/backend/.venv/lib/python3.12/site-packages/uvicorn/_subprocess.py", line 80, in subprocess_started
    target(sockets=sockets)
    │              └ [<socket.socket fd=3, family=2, type=1, proto=0, laddr=('127.0.0.1', 8000)>]
    └ <bound method Server.run of <uvicorn.server.Server object at 0x71a3c65e6360>>
  File "/home/serg/PycharmProjects/WordChain/backend/.venv/lib/python3.12/site-packages/uvicorn/server.py", line 67, in run
    return asyncio_run(self.serve(sockets=sockets), loop_factory=self.config.get_loop_factory())
           │           │    │             │                      │    │      └ <function Config.get_loop_factory at 0x71a3c6790d60>
           │           │    │             │                      │    └ <uvicorn.config.Config object at 0x71a3c678b980>
           │           │    │             │                      └ <uvicorn.server.Server object at 0x71a3c65e6360>
           │           │    │             └ [<socket.socket fd=3, family=2, type=1, proto=0, laddr=('127.0.0.1', 8000)>]
           │           │    └ <function Server.serve at 0x71a3c65a0ea0>
           │           └ <uvicorn.server.Server object at 0x71a3c65e6360>
           └ <function run at 0x71a3c690ec00>
  File "/usr/lib/python3.12/asyncio/runners.py", line 194, in run
    return runner.run(main)
           │      │   └ <coroutine object Server.serve at 0x71a3c73489e0>
           │      └ <function Runner.run at 0x71a3c696e340>
           └ <asyncio.runners.Runner object at 0x71a3c67ab530>
  File "/usr/lib/python3.12/asyncio/runners.py", line 118, in run
    return self._loop.run_until_complete(task)
           │    │     │                  └ <Task pending name='Task-1' coro=<Server.serve() running at /home/serg/PycharmProjects/WordChain/backend/.venv/lib/python3.12...
           │    │     └ <function BaseEventLoop.run_until_complete at 0x71a3c6967f60>
           │    └ <_UnixSelectorEventLoop running=True closed=False debug=False>
           └ <asyncio.runners.Runner object at 0x71a3c67ab530>
  File "/usr/lib/python3.12/asyncio/base_events.py", line 674, in run_until_complete
    self.run_forever()
    │    └ <function BaseEventLoop.run_forever at 0x71a3c6967ec0>
    └ <_UnixSelectorEventLoop running=True closed=False debug=False>
  File "/usr/lib/python3.12/asyncio/base_events.py", line 641, in run_forever
    self._run_once()
    │    └ <function BaseEventLoop._run_once at 0x71a3c696dd00>
    └ <_UnixSelectorEventLoop running=True closed=False debug=False>
  File "/usr/lib/python3.12/asyncio/base_events.py", line 1987, in _run_once
    handle._run()
    │      └ <function Handle._run at 0x71a3c70fa200>
    └ <Handle Task.task_wakeup(<Future finished result=True>)>
  File "/usr/lib/python3.12/asyncio/events.py", line 88, in _run
    self._context.run(self._callback, *self._args)
    │    │            │    │           │    └ <member '_args' of 'Handle' objects>
    │    │            │    │           └ <Handle Task.task_wakeup(<Future finished result=True>)>
    │    │            │    └ <member '_callback' of 'Handle' objects>
    │    │            └ <Handle Task.task_wakeup(<Future finished result=True>)>
    │    └ <member '_context' of 'Handle' objects>
    └ <Handle Task.task_wakeup(<Future finished result=True>)>
  File "/home/serg/PycharmProjects/WordChain/backend/.venv/lib/python3.12/site-packages/uvicorn/protocols/http/h11_impl.py", line 410, in run_asgi
    result = await app(  # type: ignore[func-returns-value]
                   └ <uvicorn.middleware.proxy_headers.ProxyHeadersMiddleware object at 0x71a3c66282f0>
  File "/home/serg/PycharmProjects/WordChain/backend/.venv/lib/python3.12/site-packages/uvicorn/middleware/proxy_headers.py", line 60, in __call__
    return await self.app(scope, receive, send)
                 │    │   │      │        └ <bound method RequestResponseCycle.send of <uvicorn.protocols.http.h11_impl.RequestResponseCycle object at 0x71a3c01b60f0>>
                 │    │   │      └ <bound method RequestResponseCycle.receive of <uvicorn.protocols.http.h11_impl.RequestResponseCycle object at 0x71a3c01b60f0>>
                 │    │   └ {'type': 'http', 'asgi': {'version': '3.0', 'spec_version': '2.3'}, 'http_version': '1.1', 'server': ('127.0.0.1', 8000), 'cl...
                 │    └ <fastapi.applications.FastAPI object at 0x71a3c492f980>
                 └ <uvicorn.middleware.proxy_headers.ProxyHeadersMiddleware object at 0x71a3c66282f0>
  File "/home/serg/PycharmProjects/WordChain/backend/.venv/lib/python3.12/site-packages/fastapi/applications.py", line 1135, in __call__
    await super().__call__(scope, receive, send)
                           │      │        └ <bound method RequestResponseCycle.send of <uvicorn.protocols.http.h11_impl.RequestResponseCycle object at 0x71a3c01b60f0>>
                           │      └ <bound method RequestResponseCycle.receive of <uvicorn.protocols.http.h11_impl.RequestResponseCycle object at 0x71a3c01b60f0>>
                           └ {'type': 'http', 'asgi': {'version': '3.0', 'spec_version': '2.3'}, 'http_version': '1.1', 'server': ('127.0.0.1', 8000), 'cl...
  File "/home/serg/PycharmProjects/WordChain/backend/.venv/lib/python3.12/site-packages/starlette/applications.py", line 107, in __call__
    await self.middleware_stack(scope, receive, send)
          │    │                │      │        └ <bound method RequestResponseCycle.send of <uvicorn.protocols.http.h11_impl.RequestResponseCycle object at 0x71a3c01b60f0>>
          │    │                │      └ <bound method RequestResponseCycle.receive of <uvicorn.protocols.http.h11_impl.RequestResponseCycle object at 0x71a3c01b60f0>>
          │    │                └ {'type': 'http', 'asgi': {'version': '3.0', 'spec_version': '2.3'}, 'http_version': '1.1', 'server': ('127.0.0.1', 8000), 'cl...
          │    └ <starlette.middleware.errors.ServerErrorMiddleware object at 0x71a3c22b11f0>
          └ <fastapi.applications.FastAPI object at 0x71a3c492f980>
  File "/home/serg/PycharmProjects/WordChain/backend/.venv/lib/python3.12/site-packages/starlette/middleware/errors.py", line 164, in __call__
    await self.app(scope, receive, _send)
          │    │   │      │        └ <function ServerErrorMiddleware.__call__.<locals>._send at 0x71a3c01ddda0>
          │    │   │      └ <bound method RequestResponseCycle.receive of <uvicorn.protocols.http.h11_impl.RequestResponseCycle object at 0x71a3c01b60f0>>
          │    │   └ {'type': 'http', 'asgi': {'version': '3.0', 'spec_version': '2.3'}, 'http_version': '1.1', 'server': ('127.0.0.1', 8000), 'cl...
          │    └ <starlette.middleware.base.BaseHTTPMiddleware object at 0x71a3c29597f0>
          └ <starlette.middleware.errors.ServerErrorMiddleware object at 0x71a3c22b11f0>
  File "/home/serg/PycharmProjects/WordChain/backend/.venv/lib/python3.12/site-packages/starlette/middleware/base.py", line 193, in __call__
    response = await self.dispatch_func(request, call_next)
                     │    │             │        └ <function BaseHTTPMiddleware.__call__.<locals>.call_next at 0x71a3c01df6a0>
                     │    │             └ <starlette.middleware.base._CachedRequest object at 0x71a3c01b5310>
                     │    └ <function log_requests at 0x71a3c2292660>
                     └ <starlette.middleware.base.BaseHTTPMiddleware object at 0x71a3c29597f0>

> File "/home/serg/PycharmProjects/WordChain/backend/app/main.py", line 72, in log_requests
    response = await call_next(request)
                     │         └ <starlette.middleware.base._CachedRequest object at 0x71a3c01b5310>
                     └ <function BaseHTTPMiddleware.__call__.<locals>.call_next at 0x71a3c01df6a0>

  File "/home/serg/PycharmProjects/WordChain/backend/.venv/lib/python3.12/site-packages/starlette/middleware/base.py", line 168, in call_next
    raise app_exc from app_exc.__cause__ or app_exc.__context__
          │            │       │            │       └ <attribute '__context__' of 'BaseException' objects>
          │            │       │            └ TypeError('word_antonyms() takes 1 positional argument but 2 were given')
          │            │       └ <attribute '__cause__' of 'BaseException' objects>
          │            └ TypeError('word_antonyms() takes 1 positional argument but 2 were given')
          └ TypeError('word_antonyms() takes 1 positional argument but 2 were given')
  File "/home/serg/PycharmProjects/WordChain/backend/.venv/lib/python3.12/site-packages/starlette/middleware/base.py", line 144, in coro
    await self.app(scope, receive_or_disconnect, send_no_error)
          │    │   │      │                      └ <function BaseHTTPMiddleware.__call__.<locals>.call_next.<locals>.send_no_error at 0x71a3c01dfb00>
          │    │   │      └ <function BaseHTTPMiddleware.__call__.<locals>.call_next.<locals>.receive_or_disconnect at 0x71a3c01ddf80>
          │    │   └ {'type': 'http', 'asgi': {'version': '3.0', 'spec_version': '2.3'}, 'http_version': '1.1', 'server': ('127.0.0.1', 8000), 'cl...
          │    └ <starlette.middleware.cors.CORSMiddleware object at 0x71a3c22b00b0>
          └ <starlette.middleware.base.BaseHTTPMiddleware object at 0x71a3c29597f0>
  File "/home/serg/PycharmProjects/WordChain/backend/.venv/lib/python3.12/site-packages/starlette/middleware/cors.py", line 93, in __call__
    await self.simple_response(scope, receive, send, request_headers=headers)
          │    │               │      │        │                     └ Headers({'host': '127.0.0.1:8000', 'connection': 'keep-alive', 'content-length': '29', 'sec-ch-ua-platform': '"Linux"', 'auth...
          │    │               │      │        └ <function BaseHTTPMiddleware.__call__.<locals>.call_next.<locals>.send_no_error at 0x71a3c01dfb00>
          │    │               │      └ <function BaseHTTPMiddleware.__call__.<locals>.call_next.<locals>.receive_or_disconnect at 0x71a3c01ddf80>
          │    │               └ {'type': 'http', 'asgi': {'version': '3.0', 'spec_version': '2.3'}, 'http_version': '1.1', 'server': ('127.0.0.1', 8000), 'cl...
          │    └ <function CORSMiddleware.simple_response at 0x71a3c57e7740>
          └ <starlette.middleware.cors.CORSMiddleware object at 0x71a3c22b00b0>
  File "/home/serg/PycharmProjects/WordChain/backend/.venv/lib/python3.12/site-packages/starlette/middleware/cors.py", line 144, in simple_response
    await self.app(scope, receive, send)
          │    │   │      │        └ functools.partial(<bound method CORSMiddleware.send of <starlette.middleware.cors.CORSMiddleware object at 0x71a3c22b00b0>>, ...
          │    │   │      └ <function BaseHTTPMiddleware.__call__.<locals>.call_next.<locals>.receive_or_disconnect at 0x71a3c01ddf80>
          │    │   └ {'type': 'http', 'asgi': {'version': '3.0', 'spec_version': '2.3'}, 'http_version': '1.1', 'server': ('127.0.0.1', 8000), 'cl...
          │    └ <starlette.middleware.exceptions.ExceptionMiddleware object at 0x71a3c22b1190>
          └ <starlette.middleware.cors.CORSMiddleware object at 0x71a3c22b00b0>
  File "/home/serg/PycharmProjects/WordChain/backend/.venv/lib/python3.12/site-packages/starlette/middleware/exceptions.py", line 63, in __call__
    await wrap_app_handling_exceptions(self.app, conn)(scope, receive, send)
          │                            │    │    │     │      │        └ functools.partial(<bound method CORSMiddleware.send of <starlette.middleware.cors.CORSMiddleware object at 0x71a3c22b00b0>>, ...
          │                            │    │    │     │      └ <function BaseHTTPMiddleware.__call__.<locals>.call_next.<locals>.receive_or_disconnect at 0x71a3c01ddf80>
          │                            │    │    │     └ {'type': 'http', 'asgi': {'version': '3.0', 'spec_version': '2.3'}, 'http_version': '1.1', 'server': ('127.0.0.1', 8000), 'cl...
          │                            │    │    └ <starlette.requests.Request object at 0x71a3c01b5550>
          │                            │    └ <fastapi.middleware.asyncexitstack.AsyncExitStackMiddleware object at 0x71a3c22b1160>
          │                            └ <starlette.middleware.exceptions.ExceptionMiddleware object at 0x71a3c22b1190>
          └ <function wrap_app_handling_exceptions at 0x71a3c57956c0>
  File "/home/serg/PycharmProjects/WordChain/backend/.venv/lib/python3.12/site-packages/starlette/_exception_handler.py", line 53, in wrapped_app
    raise exc
  File "/home/serg/PycharmProjects/WordChain/backend/.venv/lib/python3.12/site-packages/starlette/_exception_handler.py", line 42, in wrapped_app
    await app(scope, receive, sender)
          │   │      │        └ <function wrap_app_handling_exceptions.<locals>.wrapped_app.<locals>.sender at 0x71a3c01df4c0>
          │   │      └ <function BaseHTTPMiddleware.__call__.<locals>.call_next.<locals>.receive_or_disconnect at 0x71a3c01ddf80>
          │   └ {'type': 'http', 'asgi': {'version': '3.0', 'spec_version': '2.3'}, 'http_version': '1.1', 'server': ('127.0.0.1', 8000), 'cl...
          └ <fastapi.middleware.asyncexitstack.AsyncExitStackMiddleware object at 0x71a3c22b1160>
  File "/home/serg/PycharmProjects/WordChain/backend/.venv/lib/python3.12/site-packages/fastapi/middleware/asyncexitstack.py", line 18, in __call__
    await self.app(scope, receive, send)
          │    │   │      │        └ <function wrap_app_handling_exceptions.<locals>.wrapped_app.<locals>.sender at 0x71a3c01df4c0>
          │    │   │      └ <function BaseHTTPMiddleware.__call__.<locals>.call_next.<locals>.receive_or_disconnect at 0x71a3c01ddf80>
          │    │   └ {'type': 'http', 'asgi': {'version': '3.0', 'spec_version': '2.3'}, 'http_version': '1.1', 'server': ('127.0.0.1', 8000), 'cl...
          │    └ <fastapi.routing.APIRouter object at 0x71a3c2264a10>
          └ <fastapi.middleware.asyncexitstack.AsyncExitStackMiddleware object at 0x71a3c22b1160>
  File "/home/serg/PycharmProjects/WordChain/backend/.venv/lib/python3.12/site-packages/starlette/routing.py", line 716, in __call__
    await self.middleware_stack(scope, receive, send)
          │    │                │      │        └ <function wrap_app_handling_exceptions.<locals>.wrapped_app.<locals>.sender at 0x71a3c01df4c0>
          │    │                │      └ <function BaseHTTPMiddleware.__call__.<locals>.call_next.<locals>.receive_or_disconnect at 0x71a3c01ddf80>
          │    │                └ {'type': 'http', 'asgi': {'version': '3.0', 'spec_version': '2.3'}, 'http_version': '1.1', 'server': ('127.0.0.1', 8000), 'cl...
          │    └ <bound method Router.app of <fastapi.routing.APIRouter object at 0x71a3c2264a10>>
          └ <fastapi.routing.APIRouter object at 0x71a3c2264a10>
  File "/home/serg/PycharmProjects/WordChain/backend/.venv/lib/python3.12/site-packages/starlette/routing.py", line 736, in app
    await route.handle(scope, receive, send)
          │     │      │      │        └ <function wrap_app_handling_exceptions.<locals>.wrapped_app.<locals>.sender at 0x71a3c01df4c0>
          │     │      │      └ <function BaseHTTPMiddleware.__call__.<locals>.call_next.<locals>.receive_or_disconnect at 0x71a3c01ddf80>
          │     │      └ {'type': 'http', 'asgi': {'version': '3.0', 'spec_version': '2.3'}, 'http_version': '1.1', 'server': ('127.0.0.1', 8000), 'cl...
          │     └ <function Route.handle at 0x71a3c5796ca0>
          └ APIRoute(path='/get_antonyms', name='get_antonyms', methods=['POST'])
  File "/home/serg/PycharmProjects/WordChain/backend/.venv/lib/python3.12/site-packages/starlette/routing.py", line 290, in handle
    await self.app(scope, receive, send)
          │    │   │      │        └ <function wrap_app_handling_exceptions.<locals>.wrapped_app.<locals>.sender at 0x71a3c01df4c0>
          │    │   │      └ <function BaseHTTPMiddleware.__call__.<locals>.call_next.<locals>.receive_or_disconnect at 0x71a3c01ddf80>
          │    │   └ {'type': 'http', 'asgi': {'version': '3.0', 'spec_version': '2.3'}, 'http_version': '1.1', 'server': ('127.0.0.1', 8000), 'cl...
          │    └ <function request_response.<locals>.app at 0x71a3c22920c0>
          └ APIRoute(path='/get_antonyms', name='get_antonyms', methods=['POST'])
  File "/home/serg/PycharmProjects/WordChain/backend/.venv/lib/python3.12/site-packages/fastapi/routing.py", line 120, in app
    await wrap_app_handling_exceptions(app, request)(scope, receive, send)
          │                            │    │        │      │        └ <function wrap_app_handling_exceptions.<locals>.wrapped_app.<locals>.sender at 0x71a3c01df4c0>
          │                            │    │        │      └ <function BaseHTTPMiddleware.__call__.<locals>.call_next.<locals>.receive_or_disconnect at 0x71a3c01ddf80>
          │                            │    │        └ {'type': 'http', 'asgi': {'version': '3.0', 'spec_version': '2.3'}, 'http_version': '1.1', 'server': ('127.0.0.1', 8000), 'cl...
          │                            │    └ <starlette.requests.Request object at 0x71a3c01b6210>
          │                            └ <function request_response.<locals>.app.<locals>.app at 0x71a3c01df920>
          └ <function wrap_app_handling_exceptions at 0x71a3c57956c0>
  File "/home/serg/PycharmProjects/WordChain/backend/.venv/lib/python3.12/site-packages/starlette/_exception_handler.py", line 53, in wrapped_app
    raise exc
  File "/home/serg/PycharmProjects/WordChain/backend/.venv/lib/python3.12/site-packages/starlette/_exception_handler.py", line 42, in wrapped_app
    await app(scope, receive, sender)
          │   │      │        └ <function wrap_app_handling_exceptions.<locals>.wrapped_app.<locals>.sender at 0x71a3c01dfec0>
          │   │      └ <function BaseHTTPMiddleware.__call__.<locals>.call_next.<locals>.receive_or_disconnect at 0x71a3c01ddf80>
          │   └ {'type': 'http', 'asgi': {'version': '3.0', 'spec_version': '2.3'}, 'http_version': '1.1', 'server': ('127.0.0.1', 8000), 'cl...
          └ <function request_response.<locals>.app.<locals>.app at 0x71a3c01df920>
  File "/home/serg/PycharmProjects/WordChain/backend/.venv/lib/python3.12/site-packages/fastapi/routing.py", line 106, in app
    response = await f(request)
                     │ └ <starlette.requests.Request object at 0x71a3c01b6210>
                     └ <function get_request_handler.<locals>.app at 0x71a3c2291f80>
  File "/home/serg/PycharmProjects/WordChain/backend/.venv/lib/python3.12/site-packages/fastapi/routing.py", line 427, in app
    raw_response = await run_endpoint_function(
                         └ <function run_endpoint_function at 0x71a3c57acc20>
  File "/home/serg/PycharmProjects/WordChain/backend/.venv/lib/python3.12/site-packages/fastapi/routing.py", line 313, in run_endpoint_function
    return await dependant.call(**values)
                 │         │      └ {'req': WordReadRequest(user_id=2, word='entity')}
                 │         └ <function get_antonyms at 0x71a3c224a700>
                 └ Dependant(path_params=[], query_params=[], header_params=[], cookie_params=[], body_params=[ModelField(field_info=Body(Pydant...

  File "/home/serg/PycharmProjects/WordChain/backend/app/routers/get_word.py", line 75, in get_antonyms
    result = await word_antonyms(session, req.word)  # -> List[str]
                   │             │        │   └ 'entity'
                   │             │        └ WordReadRequest(user_id=2, word='entity')
                   │             └ <sqlalchemy.ext.asyncio.session.AsyncSession object at 0x71a3c231b350>
                   └ <function word_antonyms at 0x71a3c5550040>

TypeError: word_antonyms() takes 1 positional argument but 2 were given
2026-05-23 11:34:16.711 | INFO     | app.main:log_requests:69 - Incoming request: POST http://127.0.0.1:8000/frontend-log
2026-05-23 11:34:16.712 | INFO     | app.main:log_requests:69 - Incoming request: POST http://127.0.0.1:8000/frontend-log
2026-05-23 11:34:16.713 | INFO     | app.routers.logs:receive_frontend_logs:10 - [ERROR] get_antonyms request failed {'error': 'Failed to fetch'}
2026-05-23 11:34:16.713 | INFO     | app.routers.logs:receive_frontend_logs:10 - [ERROR] Antonyms fetch failed {'error': 'Failed to fetch'}
2026-05-23 11:34:16.713 | INFO     | app.main:log_requests:77 - Response status: 200
2026-05-23 11:34:16.713 | INFO     | app.main:log_requests:77 - Response status: 200
2026-05-23 11:37:06.273 | INFO     | app.main:log_requests:69 - Incoming request: POST http://127.0.0.1:8000/frontend-log
2026-05-23 11:37:06.275 | INFO     | app.main:log_requests:69 - Incoming request: POST http://127.0.0.1:8000/get_antonyms
2026-05-23 11:37:06.275 | INFO     | app.routers.logs:receive_frontend_logs:10 - [INFO] get_antonyms request shape {'endpoint': '/get_antonyms', 'method': 'POST', 'hasEndpoint': True, 'hasWord': True, 'hasUser': True}
2026-05-23 11:37:06.276 | INFO     | app.routers.get_word:get_antonyms:72 - Get antonyms attempt: user_id=2 word='entity'
2026-05-23 11:37:06.548 | INFO     | app.main:log_requests:77 - Response status: 200
2026-05-23 11:37:08.135 | INFO     | app.routers.get_word:get_antonyms:78 - Get antonyms success: entity
2026-05-23 11:37:08.136 | INFO     | app.main:log_requests:77 - Response status: 200
2026-05-23 11:37:08.139 | INFO     | app.main:log_requests:69 - Incoming request: POST http://127.0.0.1:8000/frontend-log
2026-05-23 11:37:08.139 | INFO     | app.routers.logs:receive_frontend_logs:10 - [INFO] get_antonyms response shape {'keys': ['word', 'translation', 'part_of_speech', 'transcription', 'examples', 'synonyms', 'antonyms', 'created_at', 'updated_at']}
2026-05-23 11:37:08.140 | INFO     | app.main:log_requests:77 - Response status: 200
2026-05-23 11:37:10.624 | INFO     | app.main:log_requests:69 - Incoming request: POST http://127.0.0.1:8000/frontend-log
2026-05-23 11:37:10.625 | INFO     | app.main:log_requests:69 - Incoming request: POST http://127.0.0.1:8000/get_synonyms
2026-05-23 11:37:10.626 | INFO     | app.routers.logs:receive_frontend_logs:10 - [INFO] get_synonyms request shape {'endpoint': '/get_synonyms', 'method': 'POST', 'hasEndpoint': True, 'hasWord': True, 'hasUser': True}
2026-05-23 11:37:10.626 | INFO     | app.main:log_requests:77 - Response status: 200
2026-05-23 11:37:10.626 | INFO     | app.routers.get_word:get_synonyms:51 - Get synonyms attempt: user_id=2 word='entity'
2026-05-23 11:37:11.828 | INFO     | app.routers.get_word:get_synonyms:57 - Get synonyms success: entity
2026-05-23 11:37:11.829 | INFO     | app.main:log_requests:77 - Response status: 200
2026-05-23 11:37:11.833 | INFO     | app.main:log_requests:69 - Incoming request: POST http://127.0.0.1:8000/frontend-log
2026-05-23 11:37:11.835 | INFO     | app.routers.logs:receive_frontend_logs:10 - [INFO] get_synonyms response shape {'keys': ['word', 'translation', 'part_of_speech', 'transcription', 'examples', 'synonyms', 'antonyms', 'created_at', 'updated_at']}
2026-05-23 11:37:11.835 | INFO     | app.main:log_requests:77 - Response status: 200
2026-05-23 12:17:33.509 | INFO     | app.main:log_requests:69 - Incoming request: OPTIONS http://127.0.0.1:8000/frontend-log
2026-05-23 12:17:33.509 | INFO     | app.main:log_requests:69 - Incoming request: OPTIONS http://127.0.0.1:8000/get_sets
2026-05-23 12:17:33.510 | INFO     | app.main:log_requests:77 - Response status: 200
2026-05-23 12:17:33.510 | INFO     | app.main:log_requests:77 - Response status: 200
2026-05-23 12:17:33.514 | INFO     | app.main:log_requests:69 - Incoming request: POST http://127.0.0.1:8000/get_sets
2026-05-23 12:17:33.515 | INFO     | app.main:log_requests:69 - Incoming request: POST http://127.0.0.1:8000/frontend-log
2026-05-23 12:17:33.516 | INFO     | app.routers.get_sets:get_sets:11 - Getting Sets attempt: name='Sergey'
2026-05-23 12:17:33.529 | INFO     | app.routers.logs:receive_frontend_logs:10 - [INFO] Sets screen render start {}
2026-05-23 12:17:33.529 | INFO     | app.main:log_requests:77 - Response status: 200
2026-05-23 12:17:33.543 | INFO     | app.routers.get_sets:get_sets:16 - Getting Sets success: [{'id': 1, 'name': 'Set-1', 'word_ids': [6, 5, 4, 3, 2, 1]}, {'id': 2, 'name': 'Set-2', 'word_ids': [12, 11, 10, 9, 8, 7]}, {'id': 5, 'name': 'Set-3', 'word_ids': [30, 29, 28, 27, 26, 25]}, {'id': 6, 'name': 'Set-4', 'word_ids': [36, 35, 34, 33, 32, 31]}, {'id': 7, 'name': 'Set-5', 'word_ids': [42, 41, 40, 39, 38, 37]}, {'id': 8, 'name': 'Set-6', 'word_ids': [48, 47, 46, 45, 44, 43]}, {'id': 9, 'name': 'Set-7', 'word_ids': [54, 53, 52, 51, 50, 49]}]
2026-05-23 12:17:33.543 | INFO     | app.main:log_requests:77 - Response status: 200
2026-05-23 12:17:33.587 | INFO     | app.main:log_requests:69 - Incoming request: POST http://127.0.0.1:8000/frontend-log
2026-05-23 12:17:33.588 | INFO     | app.routers.logs:receive_frontend_logs:10 - [INFO] Get sets of Sergey request sent {}
2026-05-23 12:17:33.588 | INFO     | app.main:log_requests:77 - Response status: 200
2026-05-23 12:17:34.458 | INFO     | app.main:log_requests:69 - Incoming request: OPTIONS http://127.0.0.1:8000/get_words
2026-05-23 12:17:34.459 | INFO     | app.main:log_requests:77 - Response status: 200
2026-05-23 12:17:34.463 | INFO     | app.main:log_requests:69 - Incoming request: POST http://127.0.0.1:8000/get_words
2026-05-23 12:17:34.464 | INFO     | app.routers.get_words_from_set:get_words:11 - Getting Sets attempt: word_ids=[12, 11, 10, 9, 8, 7]
2026-05-23 12:17:34.464 | INFO     | app.services.set_service:get_words_from_set:128 - [GET WORDS] Start fetching words for IDs: [12, 11, 10, 9, 8, 7]
2026-05-23 12:17:34.464 | INFO     | app.services.set_service:get_words_from_set:131 - [GET WORDS] Fetching words for ID: 12
2026-05-23 12:17:34.469 | INFO     | app.services.set_service:get_words_from_set:139 - [GET WORDS] Found word: id=12, word='prodigy'
2026-05-23 12:17:34.469 | INFO     | app.services.set_service:get_words_from_set:131 - [GET WORDS] Fetching words for ID: 11
2026-05-23 12:17:34.471 | INFO     | app.services.set_service:get_words_from_set:139 - [GET WORDS] Found word: id=11, word='quiet'
2026-05-23 12:17:34.471 | INFO     | app.services.set_service:get_words_from_set:131 - [GET WORDS] Fetching words for ID: 10
2026-05-23 12:17:34.473 | INFO     | app.services.set_service:get_words_from_set:139 - [GET WORDS] Found word: id=10, word='wind'
2026-05-23 12:17:34.473 | INFO     | app.services.set_service:get_words_from_set:131 - [GET WORDS] Fetching words for ID: 9
2026-05-23 12:17:34.475 | INFO     | app.services.set_service:get_words_from_set:139 - [GET WORDS] Found word: id=9, word='cosy'
2026-05-23 12:17:34.475 | INFO     | app.services.set_service:get_words_from_set:131 - [GET WORDS] Fetching words for ID: 8
2026-05-23 12:17:34.477 | INFO     | app.services.set_service:get_words_from_set:139 - [GET WORDS] Found word: id=8, word='fate'
2026-05-23 12:17:34.477 | INFO     | app.services.set_service:get_words_from_set:131 - [GET WORDS] Fetching words for ID: 7
2026-05-23 12:17:34.479 | INFO     | app.services.set_service:get_words_from_set:139 - [GET WORDS] Found word: id=7, word='faforite'
2026-05-23 12:17:34.479 | INFO     | app.services.set_service:get_words_from_set:141 - [GET WORDS] Final result list: [{'id': 12, 'word': 'prodigy'}, {'id': 11, 'word': 'quiet'}, {'id': 10, 'word': 'wind'}, {'id': 9, 'word': 'cosy'}, {'id': 8, 'word': 'fate'}, {'id': 7, 'word': 'faforite'}]
2026-05-23 12:17:34.480 | INFO     | app.routers.get_words_from_set:get_words:16 - Getting Sets success: [{'id': 12, 'word': 'prodigy'}, {'id': 11, 'word': 'quiet'}, {'id': 10, 'word': 'wind'}, {'id': 9, 'word': 'cosy'}, {'id': 8, 'word': 'fate'}, {'id': 7, 'word': 'faforite'}]
2026-05-23 12:17:34.480 | INFO     | app.main:log_requests:77 - Response status: 200
2026-05-23 12:17:34.483 | INFO     | app.main:log_requests:69 - Incoming request: POST http://127.0.0.1:8000/frontend-log
2026-05-23 12:17:34.483 | INFO     | app.routers.logs:receive_frontend_logs:10 - [INFO] Get words from Set-2 request sent {}
2026-05-23 12:17:34.484 | INFO     | app.main:log_requests:77 - Response status: 200
2026-05-23 12:17:35.232 | INFO     | app.main:log_requests:69 - Incoming request: POST http://127.0.0.1:8000/frontend-log
2026-05-23 12:17:35.234 | INFO     | app.main:log_requests:69 - Incoming request: POST http://127.0.0.1:8000/frontend-log
2026-05-23 12:17:35.237 | INFO     | app.main:log_requests:69 - Incoming request: POST http://127.0.0.1:8000/frontend-log
2026-05-23 12:17:35.237 | INFO     | app.routers.logs:receive_frontend_logs:10 - [INFO] Word prodigy clicked {'word': 'prodigy'}
2026-05-23 12:17:35.238 | INFO     | app.main:log_requests:69 - Incoming request: POST http://127.0.0.1:8000/frontend-log
2026-05-23 12:17:35.238 | INFO     | app.main:log_requests:69 - Incoming request: POST http://127.0.0.1:8000/frontend-log
2026-05-23 12:17:35.238 | INFO     | app.main:log_requests:69 - Incoming request: POST http://127.0.0.1:8000/frontend-log
2026-05-23 12:17:35.239 | INFO     | app.main:log_requests:77 - Response status: 200
2026-05-23 12:17:35.240 | INFO     | app.routers.logs:receive_frontend_logs:10 - [INFO] Word screen render start {}
2026-05-23 12:17:35.240 | INFO     | app.routers.logs:receive_frontend_logs:10 - [INFO] Word screen node {'found': True}
2026-05-23 12:17:35.240 | INFO     | app.main:log_requests:77 - Response status: 200
2026-05-23 12:17:35.241 | INFO     | app.main:log_requests:77 - Response status: 200
2026-05-23 12:17:35.242 | INFO     | app.routers.logs:receive_frontend_logs:10 - [INFO] Word request from the base {}
2026-05-23 12:17:35.242 | INFO     | app.routers.logs:receive_frontend_logs:10 - [INFO] Word request start {'endpoint': '/get_word', 'word': 'prodigy', 'user_id': 2, 'languge': ''}
2026-05-23 12:17:35.242 | INFO     | app.routers.logs:receive_frontend_logs:10 - [INFO] get_word request shape {'endpoint': '/get_word', 'method': 'POST', 'hasEndpoint': True, 'hasWord': True, 'hasUser': True}
2026-05-23 12:17:35.243 | INFO     | app.main:log_requests:77 - Response status: 200
2026-05-23 12:17:35.243 | INFO     | app.main:log_requests:77 - Response status: 200
2026-05-23 12:17:35.244 | INFO     | app.main:log_requests:77 - Response status: 200
2026-05-23 12:17:35.246 | INFO     | app.main:log_requests:69 - Incoming request: OPTIONS http://127.0.0.1:8000/get_word
2026-05-23 12:17:35.246 | INFO     | app.main:log_requests:77 - Response status: 200
2026-05-23 12:17:35.248 | INFO     | app.main:log_requests:69 - Incoming request: POST http://127.0.0.1:8000/get_word
2026-05-23 12:17:35.249 | INFO     | app.routers.get_word:get_word:16 - Reading Word attempt: user_id=2 word='prodigy'
2026-05-23 12:17:35.252 | INFO     | app.routers.get_word:get_word:22 - Reading word success: prodigy
2026-05-23 12:17:35.253 | INFO     | app.main:log_requests:77 - Response status: 200
2026-05-23 12:17:35.298 | INFO     | app.main:log_requests:69 - Incoming request: POST http://127.0.0.1:8000/frontend-log
2026-05-23 12:17:35.299 | INFO     | app.main:log_requests:69 - Incoming request: POST http://127.0.0.1:8000/frontend-log
2026-05-23 12:17:35.300 | INFO     | app.routers.logs:receive_frontend_logs:10 - [INFO] get_word response shape {'keys': ['word', 'translation', 'part_of_speech', 'transcription', 'examples', 'synonyms', 'antonyms', 'created_at', 'updated_at']}
2026-05-23 12:17:35.300 | INFO     | app.main:log_requests:77 - Response status: 200
2026-05-23 12:17:35.300 | INFO     | app.routers.logs:receive_frontend_logs:10 - [INFO] Word details loaded {'word': 'prodigy', 'hasData': False}
2026-05-23 12:17:35.301 | INFO     | app.main:log_requests:77 - Response status: 200
2026-05-23 12:17:40.467 | INFO     | app.main:log_requests:69 - Incoming request: POST http://127.0.0.1:8000/frontend-log
2026-05-23 12:17:40.468 | INFO     | app.main:log_requests:69 - Incoming request: OPTIONS http://127.0.0.1:8000/get_synonyms
2026-05-23 12:17:40.468 | INFO     | app.main:log_requests:77 - Response status: 200
2026-05-23 12:17:40.469 | INFO     | app.routers.logs:receive_frontend_logs:10 - [INFO] get_synonyms request shape {'endpoint': '/get_synonyms', 'method': 'POST', 'hasEndpoint': True, 'hasWord': True, 'hasUser': True}
2026-05-23 12:17:40.469 | INFO     | app.main:log_requests:77 - Response status: 200
2026-05-23 12:17:40.472 | INFO     | app.main:log_requests:69 - Incoming request: POST http://127.0.0.1:8000/get_synonyms
2026-05-23 12:17:40.473 | INFO     | app.routers.get_word:get_synonyms:51 - Get synonyms attempt: user_id=2 word='prodigy'
2026-05-23 12:17:42.816 | INFO     | app.routers.get_word:get_synonyms:57 - Get synonyms success: prodigy
2026-05-23 12:17:42.817 | INFO     | app.main:log_requests:77 - Response status: 200
2026-05-23 12:17:42.820 | INFO     | app.main:log_requests:69 - Incoming request: POST http://127.0.0.1:8000/frontend-log
2026-05-23 12:17:42.821 | INFO     | app.routers.logs:receive_frontend_logs:10 - [INFO] get_synonyms response shape {'keys': ['word', 'translation', 'part_of_speech', 'transcription', 'examples', 'synonyms', 'antonyms', 'created_at', 'updated_at']}
2026-05-23 12:17:42.821 | INFO     | app.main:log_requests:77 - Response status: 200
2026-05-23 12:17:53.563 | INFO     | app.main:log_requests:69 - Incoming request: POST http://127.0.0.1:8000/frontend-log
2026-05-23 12:17:53.564 | INFO     | app.main:log_requests:69 - Incoming request: OPTIONS http://127.0.0.1:8000/get_antonyms
2026-05-23 12:17:53.564 | INFO     | app.main:log_requests:77 - Response status: 200
2026-05-23 12:17:53.565 | INFO     | app.routers.logs:receive_frontend_logs:10 - [INFO] get_antonyms request shape {'endpoint': '/get_antonyms', 'method': 'POST', 'hasEndpoint': True, 'hasWord': True, 'hasUser': True}
2026-05-23 12:17:53.566 | INFO     | app.main:log_requests:77 - Response status: 200
2026-05-23 12:17:53.568 | INFO     | app.main:log_requests:69 - Incoming request: POST http://127.0.0.1:8000/get_antonyms
2026-05-23 12:17:53.570 | INFO     | app.routers.get_word:get_antonyms:72 - Get antonyms attempt: user_id=2 word='prodigy'
2026-05-23 12:17:55.163 | INFO     | app.routers.get_word:get_antonyms:78 - Get antonyms success: prodigy
2026-05-23 12:17:55.163 | INFO     | app.main:log_requests:77 - Response status: 200
2026-05-23 12:17:55.167 | INFO     | app.main:log_requests:69 - Incoming request: POST http://127.0.0.1:8000/frontend-log
2026-05-23 12:17:55.168 | INFO     | app.routers.logs:receive_frontend_logs:10 - [INFO] get_antonyms response shape {'keys': ['word', 'translation', 'part_of_speech', 'transcription', 'examples', 'synonyms', 'antonyms', 'created_at', 'updated_at']}
2026-05-23 12:17:55.168 | INFO     | app.main:log_requests:77 - Response status: 200
2026-05-23 12:17:58.450 | INFO     | app.main:log_requests:69 - Incoming request: POST http://127.0.0.1:8000/frontend-log
2026-05-23 12:17:58.451 | INFO     | app.main:log_requests:69 - Incoming request: OPTIONS http://127.0.0.1:8000/get_sentences
2026-05-23 12:17:58.451 | INFO     | app.main:log_requests:77 - Response status: 200
2026-05-23 12:17:58.452 | INFO     | app.routers.logs:receive_frontend_logs:10 - [INFO] get_sentences request shape {'endpoint': '/get_sentences', 'method': 'POST', 'hasEndpoint': True, 'hasWord': True, 'hasUser': True}
2026-05-23 12:17:58.452 | INFO     | app.main:log_requests:77 - Response status: 200
2026-05-23 12:17:58.454 | INFO     | app.main:log_requests:69 - Incoming request: POST http://127.0.0.1:8000/get_sentences
2026-05-23 12:17:58.455 | INFO     | app.routers.get_word:get_sentences:93 - Get sentences attempt: user_id=2 word='prodigy'
2026-05-23 12:17:59.963 | INFO     | app.routers.get_word:get_sentences:99 - Get sentences success: prodigy
2026-05-23 12:17:59.964 | INFO     | app.main:log_requests:77 - Response status: 200
2026-05-23 12:17:59.967 | INFO     | app.main:log_requests:69 - Incoming request: POST http://127.0.0.1:8000/frontend-log
2026-05-23 12:17:59.967 | INFO     | app.routers.logs:receive_frontend_logs:10 - [INFO] get_sentences response shape {'keys': ['word', 'translation', 'part_of_speech', 'transcription', 'examples', 'synonyms', 'antonyms', 'created_at', 'updated_at']}
2026-05-23 12:17:59.967 | INFO     | app.main:log_requests:77 - Response status: 200
2026-05-23 12:39:30.151 | INFO     | app.main:log_requests:69 - Incoming request: OPTIONS http://127.0.0.1:8000/frontend-log
2026-05-23 12:39:30.152 | INFO     | app.main:log_requests:69 - Incoming request: OPTIONS http://127.0.0.1:8000/get_sentences
2026-05-23 12:39:30.152 | INFO     | app.main:log_requests:77 - Response status: 200
2026-05-23 12:39:30.154 | INFO     | app.main:log_requests:77 - Response status: 200
2026-05-23 12:39:30.157 | INFO     | app.main:log_requests:69 - Incoming request: POST http://127.0.0.1:8000/get_sentences
2026-05-23 12:39:30.158 | INFO     | app.main:log_requests:69 - Incoming request: POST http://127.0.0.1:8000/frontend-log
2026-05-23 12:39:30.159 | INFO     | app.routers.get_word:get_sentences:93 - Get sentences attempt: user_id=2 word='prodigy'
2026-05-23 12:39:30.443 | INFO     | app.routers.logs:receive_frontend_logs:10 - [INFO] get_sentences request shape {'endpoint': '/get_sentences', 'method': 'POST', 'hasEndpoint': True, 'hasWord': True, 'hasUser': True}
2026-05-23 12:39:30.443 | INFO     | app.main:log_requests:77 - Response status: 200
2026-05-23 12:39:32.966 | INFO     | app.routers.get_word:get_sentences:99 - Get sentences success: prodigy
2026-05-23 12:39:32.966 | INFO     | app.main:log_requests:77 - Response status: 200
2026-05-23 12:39:33.011 | INFO     | app.main:log_requests:69 - Incoming request: POST http://127.0.0.1:8000/frontend-log
2026-05-23 12:39:33.012 | INFO     | app.routers.logs:receive_frontend_logs:10 - [INFO] get_sentences response shape {'keys': ['word', 'translation', 'part_of_speech', 'transcription', 'examples', 'synonyms', 'antonyms', 'created_at', 'updated_at']}
2026-05-23 12:39:33.012 | INFO     | app.main:log_requests:77 - Response status: 200
2026-05-23 12:39:44.131 | INFO     | app.main:log_requests:69 - Incoming request: POST http://127.0.0.1:8000/frontend-log
2026-05-23 12:39:44.132 | INFO     | app.main:log_requests:69 - Incoming request: OPTIONS http://127.0.0.1:8000/get_sets
2026-05-23 12:39:44.134 | INFO     | app.main:log_requests:77 - Response status: 200
2026-05-23 12:39:44.134 | INFO     | app.routers.logs:receive_frontend_logs:10 - [INFO] Sets screen render start {}
2026-05-23 12:39:44.135 | INFO     | app.main:log_requests:77 - Response status: 200
2026-05-23 12:39:44.138 | INFO     | app.main:log_requests:69 - Incoming request: POST http://127.0.0.1:8000/get_sets
2026-05-23 12:39:44.139 | INFO     | app.routers.get_sets:get_sets:11 - Getting Sets attempt: name='Sergey'
2026-05-23 12:39:44.159 | INFO     | app.routers.get_sets:get_sets:16 - Getting Sets success: [{'id': 1, 'name': 'Set-1', 'word_ids': [6, 5, 4, 3, 2, 1]}, {'id': 2, 'name': 'Set-2', 'word_ids': [12, 11, 10, 9, 8, 7]}, {'id': 5, 'name': 'Set-3', 'word_ids': [30, 29, 28, 27, 26, 25]}, {'id': 6, 'name': 'Set-4', 'word_ids': [36, 35, 34, 33, 32, 31]}, {'id': 7, 'name': 'Set-5', 'word_ids': [42, 41, 40, 39, 38, 37]}, {'id': 8, 'name': 'Set-6', 'word_ids': [48, 47, 46, 45, 44, 43]}, {'id': 9, 'name': 'Set-7', 'word_ids': [54, 53, 52, 51, 50, 49]}]
2026-05-23 12:39:44.159 | INFO     | app.main:log_requests:77 - Response status: 200
2026-05-23 12:39:44.162 | INFO     | app.main:log_requests:69 - Incoming request: POST http://127.0.0.1:8000/frontend-log
2026-05-23 12:39:44.163 | INFO     | app.routers.logs:receive_frontend_logs:10 - [INFO] Get sets of Sergey request sent {}
2026-05-23 12:39:44.163 | INFO     | app.main:log_requests:77 - Response status: 200
2026-05-23 12:39:45.285 | INFO     | app.main:log_requests:69 - Incoming request: OPTIONS http://127.0.0.1:8000/get_words
2026-05-23 12:39:45.285 | INFO     | app.main:log_requests:77 - Response status: 200
2026-05-23 12:39:45.289 | INFO     | app.main:log_requests:69 - Incoming request: POST http://127.0.0.1:8000/get_words
2026-05-23 12:39:45.290 | INFO     | app.routers.get_words_from_set:get_words:11 - Getting Sets attempt: word_ids=[6, 5, 4, 3, 2, 1]
2026-05-23 12:39:45.290 | INFO     | app.services.set_service:get_words_from_set:128 - [GET WORDS] Start fetching words for IDs: [6, 5, 4, 3, 2, 1]
2026-05-23 12:39:45.290 | INFO     | app.services.set_service:get_words_from_set:131 - [GET WORDS] Fetching words for ID: 6
2026-05-23 12:39:45.296 | INFO     | app.services.set_service:get_words_from_set:139 - [GET WORDS] Found word: id=6, word='seize'
2026-05-23 12:39:45.297 | INFO     | app.services.set_service:get_words_from_set:131 - [GET WORDS] Fetching words for ID: 5
2026-05-23 12:39:45.299 | INFO     | app.services.set_service:get_words_from_set:139 - [GET WORDS] Found word: id=5, word='settle'
2026-05-23 12:39:45.299 | INFO     | app.services.set_service:get_words_from_set:131 - [GET WORDS] Fetching words for ID: 4
2026-05-23 12:39:45.301 | INFO     | app.services.set_service:get_words_from_set:139 - [GET WORDS] Found word: id=4, word='suit'
2026-05-23 12:39:45.301 | INFO     | app.services.set_service:get_words_from_set:131 - [GET WORDS] Fetching words for ID: 3
2026-05-23 12:39:45.302 | INFO     | app.services.set_service:get_words_from_set:139 - [GET WORDS] Found word: id=3, word='request'
2026-05-23 12:39:45.303 | INFO     | app.services.set_service:get_words_from_set:131 - [GET WORDS] Fetching words for ID: 2
2026-05-23 12:39:45.304 | INFO     | app.services.set_service:get_words_from_set:139 - [GET WORDS] Found word: id=2, word='rise'
2026-05-23 12:39:45.304 | INFO     | app.services.set_service:get_words_from_set:131 - [GET WORDS] Fetching words for ID: 1
2026-05-23 12:39:45.306 | INFO     | app.services.set_service:get_words_from_set:139 - [GET WORDS] Found word: id=1, word='enterprise'
2026-05-23 12:39:45.306 | INFO     | app.services.set_service:get_words_from_set:141 - [GET WORDS] Final result list: [{'id': 6, 'word': 'seize'}, {'id': 5, 'word': 'settle'}, {'id': 4, 'word': 'suit'}, {'id': 3, 'word': 'request'}, {'id': 2, 'word': 'rise'}, {'id': 1, 'word': 'enterprise'}]
2026-05-23 12:39:45.307 | INFO     | app.routers.get_words_from_set:get_words:16 - Getting Sets success: [{'id': 6, 'word': 'seize'}, {'id': 5, 'word': 'settle'}, {'id': 4, 'word': 'suit'}, {'id': 3, 'word': 'request'}, {'id': 2, 'word': 'rise'}, {'id': 1, 'word': 'enterprise'}]
2026-05-23 12:39:45.307 | INFO     | app.main:log_requests:77 - Response status: 200
2026-05-23 12:39:45.311 | INFO     | app.main:log_requests:69 - Incoming request: POST http://127.0.0.1:8000/frontend-log
2026-05-23 12:39:45.311 | INFO     | app.routers.logs:receive_frontend_logs:10 - [INFO] Get words from Set-1 request sent {}
2026-05-23 12:39:45.312 | INFO     | app.main:log_requests:77 - Response status: 200
2026-05-23 12:39:46.570 | INFO     | app.main:log_requests:69 - Incoming request: POST http://127.0.0.1:8000/frontend-log
2026-05-23 12:39:46.570 | INFO     | app.main:log_requests:69 - Incoming request: POST http://127.0.0.1:8000/frontend-log
2026-05-23 12:39:46.571 | INFO     | app.main:log_requests:69 - Incoming request: POST http://127.0.0.1:8000/frontend-log
2026-05-23 12:39:46.572 | INFO     | app.routers.logs:receive_frontend_logs:10 - [INFO] Word seize clicked {'word': 'seize'}
2026-05-23 12:39:46.574 | INFO     | app.main:log_requests:69 - Incoming request: POST http://127.0.0.1:8000/frontend-log
2026-05-23 12:39:46.574 | INFO     | app.main:log_requests:69 - Incoming request: POST http://127.0.0.1:8000/frontend-log
2026-05-23 12:39:46.575 | INFO     | app.main:log_requests:69 - Incoming request: POST http://127.0.0.1:8000/frontend-log
2026-05-23 12:39:46.575 | INFO     | app.routers.logs:receive_frontend_logs:10 - [INFO] Word screen render start {}
2026-05-23 12:39:46.575 | INFO     | app.main:log_requests:77 - Response status: 200
2026-05-23 12:39:46.576 | INFO     | app.routers.logs:receive_frontend_logs:10 - [INFO] Word screen node {'found': True}
2026-05-23 12:39:46.576 | INFO     | app.main:log_requests:77 - Response status: 200
2026-05-23 12:39:46.577 | INFO     | app.main:log_requests:77 - Response status: 200
2026-05-23 12:39:46.578 | INFO     | app.routers.logs:receive_frontend_logs:10 - [INFO] Word request from the base {}
2026-05-23 12:39:46.579 | INFO     | app.routers.logs:receive_frontend_logs:10 - [INFO] Word request start {'endpoint': '/get_word', 'word': 'seize', 'user_id': 2, 'languge': ''}
2026-05-23 12:39:46.579 | INFO     | app.routers.logs:receive_frontend_logs:10 - [INFO] get_word request shape {'endpoint': '/get_word', 'method': 'POST', 'hasEndpoint': True, 'hasWord': True, 'hasUser': True}
2026-05-23 12:39:46.579 | INFO     | app.main:log_requests:69 - Incoming request: OPTIONS http://127.0.0.1:8000/get_word
2026-05-23 12:39:46.580 | INFO     | app.main:log_requests:77 - Response status: 200
2026-05-23 12:39:46.580 | INFO     | app.main:log_requests:77 - Response status: 200
2026-05-23 12:39:46.581 | INFO     | app.main:log_requests:77 - Response status: 200
2026-05-23 12:39:46.582 | INFO     | app.main:log_requests:77 - Response status: 200
2026-05-23 12:39:46.585 | INFO     | app.main:log_requests:69 - Incoming request: POST http://127.0.0.1:8000/get_word
2026-05-23 12:39:46.586 | INFO     | app.routers.get_word:get_word:16 - Reading Word attempt: user_id=2 word='seize'
2026-05-23 12:39:46.590 | INFO     | app.routers.get_word:get_word:22 - Reading word success: seize
2026-05-23 12:39:46.590 | INFO     | app.main:log_requests:77 - Response status: 200
2026-05-23 12:39:46.633 | INFO     | app.main:log_requests:69 - Incoming request: POST http://127.0.0.1:8000/frontend-log
2026-05-23 12:39:46.634 | INFO     | app.main:log_requests:69 - Incoming request: POST http://127.0.0.1:8000/frontend-log
2026-05-23 12:39:46.635 | INFO     | app.routers.logs:receive_frontend_logs:10 - [INFO] get_word response shape {'keys': ['word', 'translation', 'part_of_speech', 'transcription', 'examples', 'synonyms', 'antonyms', 'created_at', 'updated_at']}
2026-05-23 12:39:46.635 | INFO     | app.main:log_requests:77 - Response status: 200
2026-05-23 12:39:46.635 | INFO     | app.routers.logs:receive_frontend_logs:10 - [INFO] Word details loaded {'word': 'seize', 'hasData': False}
2026-05-23 12:39:46.636 | INFO     | app.main:log_requests:77 - Response status: 200
2026-05-23 12:39:53.346 | INFO     | app.main:log_requests:69 - Incoming request: POST http://127.0.0.1:8000/frontend-log
2026-05-23 12:39:53.347 | INFO     | app.main:log_requests:69 - Incoming request: OPTIONS http://127.0.0.1:8000/get_synonyms
2026-05-23 12:39:53.347 | INFO     | app.main:log_requests:77 - Response status: 200
2026-05-23 12:39:53.348 | INFO     | app.routers.logs:receive_frontend_logs:10 - [INFO] get_synonyms request shape {'endpoint': '/get_synonyms', 'method': 'POST', 'hasEndpoint': True, 'hasWord': True, 'hasUser': True}
2026-05-23 12:39:53.348 | INFO     | app.main:log_requests:77 - Response status: 200
2026-05-23 12:39:53.351 | INFO     | app.main:log_requests:69 - Incoming request: POST http://127.0.0.1:8000/get_synonyms
2026-05-23 12:39:53.352 | INFO     | app.routers.get_word:get_synonyms:51 - Get synonyms attempt: user_id=2 word='seize'
2026-05-23 12:39:54.930 | INFO     | app.routers.get_word:get_synonyms:57 - Get synonyms success: seize
2026-05-23 12:39:54.930 | INFO     | app.main:log_requests:77 - Response status: 200
2026-05-23 12:39:54.933 | INFO     | app.main:log_requests:69 - Incoming request: POST http://127.0.0.1:8000/frontend-log
2026-05-23 12:39:54.934 | INFO     | app.routers.logs:receive_frontend_logs:10 - [INFO] get_synonyms response shape {'keys': ['word', 'translation', 'part_of_speech', 'transcription', 'examples', 'synonyms', 'antonyms', 'created_at', 'updated_at']}
2026-05-23 12:39:54.934 | INFO     | app.main:log_requests:77 - Response status: 200
2026-05-23 12:39:57.714 | INFO     | app.main:log_requests:69 - Incoming request: POST http://127.0.0.1:8000/frontend-log
2026-05-23 12:39:57.715 | INFO     | app.main:log_requests:69 - Incoming request: POST http://127.0.0.1:8000/get_sentences
2026-05-23 12:39:57.715 | INFO     | app.routers.logs:receive_frontend_logs:10 - [INFO] get_sentences request shape {'endpoint': '/get_sentences', 'method': 'POST', 'hasEndpoint': True, 'hasWord': True, 'hasUser': True}
2026-05-23 12:39:57.716 | INFO     | app.routers.get_word:get_sentences:93 - Get sentences attempt: user_id=2 word='seize'
2026-05-23 12:39:57.717 | INFO     | app.main:log_requests:77 - Response status: 200
2026-05-23 12:39:59.110 | INFO     | app.routers.get_word:get_sentences:99 - Get sentences success: seize
2026-05-23 12:39:59.111 | INFO     | app.main:log_requests:77 - Response status: 200
2026-05-23 12:39:59.115 | INFO     | app.main:log_requests:69 - Incoming request: POST http://127.0.0.1:8000/frontend-log
2026-05-23 12:39:59.116 | INFO     | app.routers.logs:receive_frontend_logs:10 - [INFO] get_sentences response shape {'keys': ['word', 'translation', 'part_of_speech', 'transcription', 'examples', 'synonyms', 'antonyms', 'created_at', 'updated_at']}
2026-05-23 12:39:59.116 | INFO     | app.main:log_requests:77 - Response status: 200
2026-05-23 13:01:40.446 | INFO     | app.main:log_requests:69 - Incoming request: OPTIONS http://127.0.0.1:8000/frontend-log
2026-05-23 13:01:40.447 | INFO     | app.main:log_requests:69 - Incoming request: OPTIONS http://127.0.0.1:8000/frontend-log
2026-05-23 13:01:40.448 | INFO     | app.main:log_requests:69 - Incoming request: OPTIONS http://127.0.0.1:8000/frontend-log
2026-05-23 13:01:40.448 | INFO     | app.main:log_requests:69 - Incoming request: OPTIONS http://127.0.0.1:8000/me
2026-05-23 13:01:40.448 | INFO     | app.main:log_requests:77 - Response status: 200
2026-05-23 13:01:40.449 | INFO     | app.main:log_requests:77 - Response status: 200
2026-05-23 13:01:40.449 | INFO     | app.main:log_requests:77 - Response status: 200
2026-05-23 13:01:40.450 | INFO     | app.main:log_requests:77 - Response status: 200
2026-05-23 13:01:40.457 | INFO     | app.main:log_requests:69 - Incoming request: POST http://127.0.0.1:8000/frontend-log
2026-05-23 13:01:40.459 | INFO     | app.main:log_requests:69 - Incoming request: POST http://127.0.0.1:8000/frontend-log
2026-05-23 13:01:40.460 | INFO     | app.main:log_requests:69 - Incoming request: POST http://127.0.0.1:8000/frontend-log
2026-05-23 13:01:40.460 | INFO     | app.main:log_requests:69 - Incoming request: GET http://127.0.0.1:8000/me
2026-05-23 13:01:40.467 | INFO     | app.routers.logs:receive_frontend_logs:10 - [INFO] Translate screen node {'found': True}
2026-05-23 13:01:40.468 | INFO     | app.main:log_requests:77 - Response status: 200
2026-05-23 13:01:40.469 | INFO     | app.routers.logs:receive_frontend_logs:10 - [INFO] Me request shape {'endpoint': '/me', 'method': 'GET', 'hasToken': True}
2026-05-23 13:01:40.469 | INFO     | app.routers.logs:receive_frontend_logs:10 - [INFO] Translate screen render start {}
2026-05-23 13:01:40.470 | INFO     | app.main:log_requests:77 - Response status: 200
2026-05-23 13:01:40.470 | INFO     | app.main:log_requests:77 - Response status: 200
2026-05-23 13:01:40.472 | INFO     | app.routers.auth:get_me:53 - Get current user. 2 - Sergey
2026-05-23 13:01:40.472 | INFO     | app.main:log_requests:77 - Response status: 200
2026-05-23 13:01:40.514 | INFO     | app.main:log_requests:69 - Incoming request: POST http://127.0.0.1:8000/frontend-log
2026-05-23 13:01:40.515 | INFO     | app.main:log_requests:69 - Incoming request: POST http://127.0.0.1:8000/frontend-log
2026-05-23 13:01:40.516 | INFO     | app.routers.logs:receive_frontend_logs:10 - [INFO] Me response shape {'keys': ['nickname', 'email', 'avatar_url', 'is_guest', 'is_premium', 'id', 'created_at', 'last_login'], 'isGuest': False}
2026-05-23 13:01:40.516 | INFO     | app.routers.logs:receive_frontend_logs:10 - [INFO] Init user success {'hasUser': True}
2026-05-23 13:01:40.517 | INFO     | app.main:log_requests:77 - Response status: 200
2026-05-23 13:01:40.517 | INFO     | app.main:log_requests:77 - Response status: 200
2026-05-23 13:01:45.327 | INFO     | app.main:log_requests:69 - Incoming request: OPTIONS http://127.0.0.1:8000/frontend-log
2026-05-23 13:01:45.328 | INFO     | app.main:log_requests:69 - Incoming request: OPTIONS http://127.0.0.1:8000/get_sets
2026-05-23 13:01:45.328 | INFO     | app.main:log_requests:77 - Response status: 200
2026-05-23 13:01:45.329 | INFO     | app.main:log_requests:77 - Response status: 200
2026-05-23 13:01:45.332 | INFO     | app.main:log_requests:69 - Incoming request: POST http://127.0.0.1:8000/frontend-log
2026-05-23 13:01:45.333 | INFO     | app.main:log_requests:69 - Incoming request: POST http://127.0.0.1:8000/get_sets
2026-05-23 13:01:45.334 | INFO     | app.routers.logs:receive_frontend_logs:10 - [INFO] Sets screen render start {}
2026-05-23 13:01:45.334 | INFO     | app.main:log_requests:77 - Response status: 200
2026-05-23 13:01:45.334 | INFO     | app.routers.get_sets:get_sets:11 - Getting Sets attempt: name='Sergey'
2026-05-23 13:01:45.347 | INFO     | app.routers.get_sets:get_sets:16 - Getting Sets success: [{'id': 1, 'name': 'Set-1', 'word_ids': [6, 5, 4, 3, 2, 1]}, {'id': 2, 'name': 'Set-2', 'word_ids': [12, 11, 10, 9, 8, 7]}, {'id': 5, 'name': 'Set-3', 'word_ids': [30, 29, 28, 27, 26, 25]}, {'id': 6, 'name': 'Set-4', 'word_ids': [36, 35, 34, 33, 32, 31]}, {'id': 7, 'name': 'Set-5', 'word_ids': [42, 41, 40, 39, 38, 37]}, {'id': 8, 'name': 'Set-6', 'word_ids': [48, 47, 46, 45, 44, 43]}, {'id': 9, 'name': 'Set-7', 'word_ids': [54, 53, 52, 51, 50, 49]}]
2026-05-23 13:01:45.347 | INFO     | app.main:log_requests:77 - Response status: 200
2026-05-23 13:01:45.391 | INFO     | app.main:log_requests:69 - Incoming request: POST http://127.0.0.1:8000/frontend-log
2026-05-23 13:01:45.391 | INFO     | app.routers.logs:receive_frontend_logs:10 - [INFO] Get sets of Sergey request sent {}
2026-05-23 13:01:45.392 | INFO     | app.main:log_requests:77 - Response status: 200
2026-05-23 13:01:46.406 | INFO     | app.main:log_requests:69 - Incoming request: OPTIONS http://127.0.0.1:8000/get_words
2026-05-23 13:01:46.407 | INFO     | app.main:log_requests:77 - Response status: 200
2026-05-23 13:01:46.411 | INFO     | app.main:log_requests:69 - Incoming request: POST http://127.0.0.1:8000/get_words
2026-05-23 13:01:46.412 | INFO     | app.routers.get_words_from_set:get_words:11 - Getting Sets attempt: word_ids=[12, 11, 10, 9, 8, 7]
2026-05-23 13:01:46.412 | INFO     | app.services.set_service:get_words_from_set:128 - [GET WORDS] Start fetching words for IDs: [12, 11, 10, 9, 8, 7]
2026-05-23 13:01:46.412 | INFO     | app.services.set_service:get_words_from_set:131 - [GET WORDS] Fetching words for ID: 12
2026-05-23 13:01:46.415 | INFO     | app.services.set_service:get_words_from_set:139 - [GET WORDS] Found word: id=12, word='prodigy'
2026-05-23 13:01:46.415 | INFO     | app.services.set_service:get_words_from_set:131 - [GET WORDS] Fetching words for ID: 11
2026-05-23 13:01:46.417 | INFO     | app.services.set_service:get_words_from_set:139 - [GET WORDS] Found word: id=11, word='quiet'
2026-05-23 13:01:46.417 | INFO     | app.services.set_service:get_words_from_set:131 - [GET WORDS] Fetching words for ID: 10
2026-05-23 13:01:46.418 | INFO     | app.services.set_service:get_words_from_set:139 - [GET WORDS] Found word: id=10, word='wind'
2026-05-23 13:01:46.419 | INFO     | app.services.set_service:get_words_from_set:131 - [GET WORDS] Fetching words for ID: 9
2026-05-23 13:01:46.420 | INFO     | app.services.set_service:get_words_from_set:139 - [GET WORDS] Found word: id=9, word='cosy'
2026-05-23 13:01:46.420 | INFO     | app.services.set_service:get_words_from_set:131 - [GET WORDS] Fetching words for ID: 8
2026-05-23 13:01:46.422 | INFO     | app.services.set_service:get_words_from_set:139 - [GET WORDS] Found word: id=8, word='fate'
2026-05-23 13:01:46.422 | INFO     | app.services.set_service:get_words_from_set:131 - [GET WORDS] Fetching words for ID: 7
2026-05-23 13:01:46.423 | INFO     | app.services.set_service:get_words_from_set:139 - [GET WORDS] Found word: id=7, word='faforite'
2026-05-23 13:01:46.424 | INFO     | app.services.set_service:get_words_from_set:141 - [GET WORDS] Final result list: [{'id': 12, 'word': 'prodigy'}, {'id': 11, 'word': 'quiet'}, {'id': 10, 'word': 'wind'}, {'id': 9, 'word': 'cosy'}, {'id': 8, 'word': 'fate'}, {'id': 7, 'word': 'faforite'}]
2026-05-23 13:01:46.425 | INFO     | app.routers.get_words_from_set:get_words:16 - Getting Sets success: [{'id': 12, 'word': 'prodigy'}, {'id': 11, 'word': 'quiet'}, {'id': 10, 'word': 'wind'}, {'id': 9, 'word': 'cosy'}, {'id': 8, 'word': 'fate'}, {'id': 7, 'word': 'faforite'}]
2026-05-23 13:01:46.425 | INFO     | app.main:log_requests:77 - Response status: 200
2026-05-23 13:01:46.428 | INFO     | app.main:log_requests:69 - Incoming request: POST http://127.0.0.1:8000/frontend-log
2026-05-23 13:01:46.429 | INFO     | app.routers.logs:receive_frontend_logs:10 - [INFO] Get words from Set-2 request sent {}
2026-05-23 13:01:46.429 | INFO     | app.main:log_requests:77 - Response status: 200
2026-05-23 13:01:48.069 | INFO     | app.main:log_requests:69 - Incoming request: POST http://127.0.0.1:8000/frontend-log
2026-05-23 13:01:48.070 | INFO     | app.main:log_requests:69 - Incoming request: POST http://127.0.0.1:8000/frontend-log
2026-05-23 13:01:48.070 | INFO     | app.main:log_requests:69 - Incoming request: POST http://127.0.0.1:8000/frontend-log
2026-05-23 13:01:48.071 | INFO     | app.routers.logs:receive_frontend_logs:10 - [INFO] Word quiet clicked {'word': 'quiet'}
2026-05-23 13:01:48.072 | INFO     | app.main:log_requests:77 - Response status: 200
2026-05-23 13:01:48.073 | INFO     | app.routers.logs:receive_frontend_logs:10 - [INFO] Word screen render start {}
2026-05-23 13:01:48.073 | INFO     | app.main:log_requests:69 - Incoming request: POST http://127.0.0.1:8000/frontend-log
2026-05-23 13:01:48.073 | INFO     | app.main:log_requests:69 - Incoming request: POST http://127.0.0.1:8000/frontend-log
2026-05-23 13:01:48.073 | INFO     | app.main:log_requests:69 - Incoming request: POST http://127.0.0.1:8000/frontend-log
2026-05-23 13:01:48.074 | INFO     | app.routers.logs:receive_frontend_logs:10 - [INFO] Word screen node {'found': True}
2026-05-23 13:01:48.074 | INFO     | app.main:log_requests:77 - Response status: 200
2026-05-23 13:01:48.075 | INFO     | app.main:log_requests:77 - Response status: 200
2026-05-23 13:01:48.075 | INFO     | app.main:log_requests:69 - Incoming request: OPTIONS http://127.0.0.1:8000/get_word
2026-05-23 13:01:48.076 | INFO     | app.routers.logs:receive_frontend_logs:10 - [INFO] Word request from the base {}
2026-05-23 13:01:48.076 | INFO     | app.routers.logs:receive_frontend_logs:10 - [INFO] Word request start {'endpoint': '/get_word', 'word': 'quiet', 'user_id': 2, 'languge': ''}
2026-05-23 13:01:48.076 | INFO     | app.routers.logs:receive_frontend_logs:10 - [INFO] get_word request shape {'endpoint': '/get_word', 'method': 'POST', 'hasEndpoint': True, 'hasWord': True, 'hasUser': True}
2026-05-23 13:01:48.077 | INFO     | app.main:log_requests:77 - Response status: 200
2026-05-23 13:01:48.077 | INFO     | app.main:log_requests:77 - Response status: 200
2026-05-23 13:01:48.078 | INFO     | app.main:log_requests:77 - Response status: 200
2026-05-23 13:01:48.078 | INFO     | app.main:log_requests:77 - Response status: 200
2026-05-23 13:01:48.080 | INFO     | app.main:log_requests:69 - Incoming request: POST http://127.0.0.1:8000/get_word
2026-05-23 13:01:48.081 | INFO     | app.routers.get_word:get_word:16 - Reading Word attempt: user_id=2 word='quiet'
2026-05-23 13:01:48.084 | INFO     | app.routers.get_word:get_word:22 - Reading word success: quiet
2026-05-23 13:01:48.084 | INFO     | app.main:log_requests:77 - Response status: 200
2026-05-23 13:01:48.128 | INFO     | app.main:log_requests:69 - Incoming request: POST http://127.0.0.1:8000/frontend-log
2026-05-23 13:01:48.128 | INFO     | app.main:log_requests:69 - Incoming request: POST http://127.0.0.1:8000/frontend-log
2026-05-23 13:01:48.129 | INFO     | app.routers.logs:receive_frontend_logs:10 - [INFO] get_word response shape {'keys': ['word', 'translation', 'part_of_speech', 'transcription', 'examples', 'synonyms', 'antonyms', 'created_at', 'updated_at']}
2026-05-23 13:01:48.129 | INFO     | app.main:log_requests:77 - Response status: 200
2026-05-23 13:01:48.130 | INFO     | app.routers.logs:receive_frontend_logs:10 - [INFO] Word details loaded {'word': 'quiet', 'hasData': False}
2026-05-23 13:01:48.130 | INFO     | app.main:log_requests:77 - Response status: 200
2026-05-23 13:01:53.866 | INFO     | app.main:log_requests:69 - Incoming request: POST http://127.0.0.1:8000/frontend-log
2026-05-23 13:01:53.867 | INFO     | app.main:log_requests:69 - Incoming request: OPTIONS http://127.0.0.1:8000/get_synonyms
2026-05-23 13:01:53.867 | INFO     | app.main:log_requests:77 - Response status: 200
2026-05-23 13:01:53.868 | INFO     | app.routers.logs:receive_frontend_logs:10 - [INFO] get_synonyms request shape {'endpoint': '/get_synonyms', 'method': 'POST', 'hasEndpoint': True, 'hasWord': True, 'hasUser': True}
2026-05-23 13:01:53.869 | INFO     | app.main:log_requests:77 - Response status: 200
2026-05-23 13:01:53.871 | INFO     | app.main:log_requests:69 - Incoming request: POST http://127.0.0.1:8000/get_synonyms
2026-05-23 13:01:53.872 | INFO     | app.routers.get_word:get_synonyms:51 - Get synonyms attempt: user_id=2 word='quiet'
2026-05-23 13:01:56.075 | INFO     | app.routers.get_word:get_synonyms:57 - Get synonyms success: quiet
2026-05-23 13:01:56.076 | INFO     | app.main:log_requests:77 - Response status: 200
2026-05-23 13:01:56.079 | INFO     | app.main:log_requests:69 - Incoming request: POST http://127.0.0.1:8000/frontend-log
2026-05-23 13:01:56.079 | INFO     | app.routers.logs:receive_frontend_logs:10 - [INFO] get_synonyms response shape {'keys': ['word', 'translation', 'part_of_speech', 'transcription', 'examples', 'synonyms', 'antonyms', 'created_at', 'updated_at']}
2026-05-23 13:01:56.080 | INFO     | app.main:log_requests:77 - Response status: 200
2026-05-23 13:01:58.050 | INFO     | app.main:log_requests:69 - Incoming request: POST http://127.0.0.1:8000/frontend-log
2026-05-23 13:01:58.051 | INFO     | app.main:log_requests:69 - Incoming request: OPTIONS http://127.0.0.1:8000/get_sentences
2026-05-23 13:01:58.051 | INFO     | app.main:log_requests:77 - Response status: 200
2026-05-23 13:01:58.052 | INFO     | app.routers.logs:receive_frontend_logs:10 - [INFO] get_sentences request shape {'endpoint': '/get_sentences', 'method': 'POST', 'hasEndpoint': True, 'hasWord': True, 'hasUser': True}
2026-05-23 13:01:58.054 | INFO     | app.main:log_requests:77 - Response status: 200
2026-05-23 13:01:58.054 | INFO     | app.main:log_requests:69 - Incoming request: POST http://127.0.0.1:8000/get_sentences
2026-05-23 13:01:58.055 | INFO     | app.routers.get_word:get_sentences:93 - Get sentences attempt: user_id=2 word='quiet'
2026-05-23 13:02:00.157 | INFO     | app.routers.get_word:get_sentences:99 - Get sentences success: quiet
2026-05-23 13:02:00.158 | INFO     | app.main:log_requests:77 - Response status: 200
2026-05-23 13:02:00.161 | INFO     | app.main:log_requests:69 - Incoming request: POST http://127.0.0.1:8000/frontend-log
2026-05-23 13:02:00.161 | INFO     | app.main:log_requests:69 - Incoming request: POST http://127.0.0.1:8000/frontend-log
2026-05-23 13:02:00.161 | INFO     | app.routers.logs:receive_frontend_logs:10 - [INFO] get_sentences response shape {'keys': ['word', 'translation', 'part_of_speech', 'transcription', 'examples', 'synonyms', 'antonyms', 'created_at', 'updated_at']}
2026-05-23 13:02:00.162 | INFO     | app.main:log_requests:77 - Response status: 200
2026-05-23 13:02:00.162 | INFO     | app.routers.logs:receive_frontend_logs:10 - [ERROR] Sentences fetch failed {'error': 'json is not defined'}
2026-05-23 13:02:00.162 | INFO     | app.main:log_requests:77 - Response status: 200
2026-05-23 13:02:21.720 | INFO     | app.main:log_requests:69 - Incoming request: POST http://127.0.0.1:8000/frontend-log
2026-05-23 13:02:21.720 | INFO     | app.main:log_requests:69 - Incoming request: POST http://127.0.0.1:8000/get_sentences
2026-05-23 13:02:21.721 | INFO     | app.routers.logs:receive_frontend_logs:10 - [INFO] get_sentences request shape {'endpoint': '/get_sentences', 'method': 'POST', 'hasEndpoint': True, 'hasWord': True, 'hasUser': True}
2026-05-23 13:02:21.721 | INFO     | app.routers.get_word:get_sentences:93 - Get sentences attempt: user_id=2 word='quiet'
2026-05-23 13:02:21.722 | INFO     | app.main:log_requests:77 - Response status: 200
2026-05-23 13:02:23.727 | INFO     | app.routers.get_word:get_sentences:99 - Get sentences success: quiet
2026-05-23 13:02:23.727 | INFO     | app.main:log_requests:77 - Response status: 200
2026-05-23 13:02:23.730 | INFO     | app.main:log_requests:69 - Incoming request: POST http://127.0.0.1:8000/frontend-log
2026-05-23 13:02:23.730 | INFO     | app.main:log_requests:69 - Incoming request: POST http://127.0.0.1:8000/frontend-log
2026-05-23 13:02:23.731 | INFO     | app.routers.logs:receive_frontend_logs:10 - [INFO] get_sentences response shape {'keys': ['word', 'translation', 'part_of_speech', 'transcription', 'examples', 'synonyms', 'antonyms', 'created_at', 'updated_at']}
2026-05-23 13:02:23.731 | INFO     | app.routers.logs:receive_frontend_logs:10 - [ERROR] Sentences fetch failed {'error': 'json is not defined'}
2026-05-23 13:02:23.731 | INFO     | app.main:log_requests:77 - Response status: 200
2026-05-23 13:02:23.732 | INFO     | app.main:log_requests:77 - Response status: 200
2026-05-23 13:03:38.917 | INFO     | app.main:log_requests:69 - Incoming request: POST http://127.0.0.1:8000/frontend-log
2026-05-23 13:03:38.918 | INFO     | app.routers.logs:receive_frontend_logs:10 - [INFO] Translate screen render start {}
2026-05-23 13:03:38.918 | INFO     | app.main:log_requests:77 - Response status: 200
2026-05-23 13:03:38.920 | INFO     | app.main:log_requests:69 - Incoming request: POST http://127.0.0.1:8000/frontend-log
2026-05-23 13:03:38.920 | INFO     | app.main:log_requests:69 - Incoming request: POST http://127.0.0.1:8000/frontend-log
2026-05-23 13:03:38.921 | INFO     | app.main:log_requests:69 - Incoming request: GET http://127.0.0.1:8000/me
2026-05-23 13:03:38.923 | INFO     | app.routers.logs:receive_frontend_logs:10 - [INFO] Translate screen node {'found': True}
2026-05-23 13:03:38.923 | INFO     | app.main:log_requests:77 - Response status: 200
2026-05-23 13:03:38.924 | INFO     | app.routers.logs:receive_frontend_logs:10 - [INFO] Me request shape {'endpoint': '/me', 'method': 'GET', 'hasToken': True}
2026-05-23 13:03:38.924 | INFO     | app.main:log_requests:77 - Response status: 200
2026-05-23 13:03:38.926 | INFO     | app.routers.auth:get_me:53 - Get current user. 2 - Sergey
2026-05-23 13:03:38.926 | INFO     | app.main:log_requests:77 - Response status: 200
2026-05-23 13:03:38.929 | INFO     | app.main:log_requests:69 - Incoming request: POST http://127.0.0.1:8000/frontend-log
2026-05-23 13:03:38.930 | INFO     | app.main:log_requests:69 - Incoming request: POST http://127.0.0.1:8000/frontend-log
2026-05-23 13:03:38.931 | INFO     | app.routers.logs:receive_frontend_logs:10 - [INFO] Me response shape {'keys': ['nickname', 'email', 'avatar_url', 'is_guest', 'is_premium', 'id', 'created_at', 'last_login'], 'isGuest': False}
2026-05-23 13:03:38.931 | INFO     | app.routers.logs:receive_frontend_logs:10 - [INFO] Init user success {'hasUser': True}
2026-05-23 13:03:38.932 | INFO     | app.main:log_requests:77 - Response status: 200
2026-05-23 13:03:38.933 | INFO     | app.main:log_requests:77 - Response status: 200
2026-05-23 13:03:43.000 | INFO     | app.main:log_requests:69 - Incoming request: POST http://127.0.0.1:8000/frontend-log
2026-05-23 13:03:43.001 | INFO     | app.main:log_requests:69 - Incoming request: POST http://127.0.0.1:8000/get_sets
2026-05-23 13:03:43.003 | INFO     | app.routers.logs:receive_frontend_logs:10 - [INFO] Sets screen render start {}
2026-05-23 13:03:43.003 | INFO     | app.routers.get_sets:get_sets:11 - Getting Sets attempt: name='Sergey'
2026-05-23 13:03:43.004 | INFO     | app.main:log_requests:77 - Response status: 200
2026-05-23 13:03:43.012 | INFO     | app.routers.get_sets:get_sets:16 - Getting Sets success: [{'id': 1, 'name': 'Set-1', 'word_ids': [6, 5, 4, 3, 2, 1]}, {'id': 2, 'name': 'Set-2', 'word_ids': [12, 11, 10, 9, 8, 7]}, {'id': 5, 'name': 'Set-3', 'word_ids': [30, 29, 28, 27, 26, 25]}, {'id': 6, 'name': 'Set-4', 'word_ids': [36, 35, 34, 33, 32, 31]}, {'id': 7, 'name': 'Set-5', 'word_ids': [42, 41, 40, 39, 38, 37]}, {'id': 8, 'name': 'Set-6', 'word_ids': [48, 47, 46, 45, 44, 43]}, {'id': 9, 'name': 'Set-7', 'word_ids': [54, 53, 52, 51, 50, 49]}]
2026-05-23 13:03:43.013 | INFO     | app.main:log_requests:77 - Response status: 200
2026-05-23 13:03:43.016 | INFO     | app.main:log_requests:69 - Incoming request: POST http://127.0.0.1:8000/frontend-log
2026-05-23 13:03:43.017 | INFO     | app.routers.logs:receive_frontend_logs:10 - [INFO] Get sets of Sergey request sent {}
2026-05-23 13:03:43.017 | INFO     | app.main:log_requests:77 - Response status: 200
2026-05-23 13:03:43.796 | INFO     | app.main:log_requests:69 - Incoming request: POST http://127.0.0.1:8000/get_words
2026-05-23 13:03:43.797 | INFO     | app.routers.get_words_from_set:get_words:11 - Getting Sets attempt: word_ids=[12, 11, 10, 9, 8, 7]
2026-05-23 13:03:43.798 | INFO     | app.services.set_service:get_words_from_set:128 - [GET WORDS] Start fetching words for IDs: [12, 11, 10, 9, 8, 7]
2026-05-23 13:03:43.799 | INFO     | app.services.set_service:get_words_from_set:131 - [GET WORDS] Fetching words for ID: 12
2026-05-23 13:03:43.802 | INFO     | app.services.set_service:get_words_from_set:139 - [GET WORDS] Found word: id=12, word='prodigy'
2026-05-23 13:03:43.802 | INFO     | app.services.set_service:get_words_from_set:131 - [GET WORDS] Fetching words for ID: 11
2026-05-23 13:03:43.803 | INFO     | app.services.set_service:get_words_from_set:139 - [GET WORDS] Found word: id=11, word='quiet'
2026-05-23 13:03:43.803 | INFO     | app.services.set_service:get_words_from_set:131 - [GET WORDS] Fetching words for ID: 10
2026-05-23 13:03:43.805 | INFO     | app.services.set_service:get_words_from_set:139 - [GET WORDS] Found word: id=10, word='wind'
2026-05-23 13:03:43.805 | INFO     | app.services.set_service:get_words_from_set:131 - [GET WORDS] Fetching words for ID: 9
2026-05-23 13:03:43.807 | INFO     | app.services.set_service:get_words_from_set:139 - [GET WORDS] Found word: id=9, word='cosy'
2026-05-23 13:03:43.807 | INFO     | app.services.set_service:get_words_from_set:131 - [GET WORDS] Fetching words for ID: 8
2026-05-23 13:03:43.808 | INFO     | app.services.set_service:get_words_from_set:139 - [GET WORDS] Found word: id=8, word='fate'
2026-05-23 13:03:43.808 | INFO     | app.services.set_service:get_words_from_set:131 - [GET WORDS] Fetching words for ID: 7
2026-05-23 13:03:43.809 | INFO     | app.services.set_service:get_words_from_set:139 - [GET WORDS] Found word: id=7, word='faforite'
2026-05-23 13:03:43.809 | INFO     | app.services.set_service:get_words_from_set:141 - [GET WORDS] Final result list: [{'id': 12, 'word': 'prodigy'}, {'id': 11, 'word': 'quiet'}, {'id': 10, 'word': 'wind'}, {'id': 9, 'word': 'cosy'}, {'id': 8, 'word': 'fate'}, {'id': 7, 'word': 'faforite'}]
2026-05-23 13:03:43.810 | INFO     | app.routers.get_words_from_set:get_words:16 - Getting Sets success: [{'id': 12, 'word': 'prodigy'}, {'id': 11, 'word': 'quiet'}, {'id': 10, 'word': 'wind'}, {'id': 9, 'word': 'cosy'}, {'id': 8, 'word': 'fate'}, {'id': 7, 'word': 'faforite'}]
2026-05-23 13:03:43.810 | INFO     | app.main:log_requests:77 - Response status: 200
2026-05-23 13:03:43.813 | INFO     | app.main:log_requests:69 - Incoming request: POST http://127.0.0.1:8000/frontend-log
2026-05-23 13:03:43.814 | INFO     | app.routers.logs:receive_frontend_logs:10 - [INFO] Get words from Set-2 request sent {}
2026-05-23 13:03:43.814 | INFO     | app.main:log_requests:77 - Response status: 200
2026-05-23 13:03:44.690 | INFO     | app.main:log_requests:69 - Incoming request: POST http://127.0.0.1:8000/frontend-log
2026-05-23 13:03:44.691 | INFO     | app.main:log_requests:69 - Incoming request: POST http://127.0.0.1:8000/frontend-log
2026-05-23 13:03:44.693 | INFO     | app.routers.logs:receive_frontend_logs:10 - [INFO] Word prodigy clicked {'word': 'prodigy'}
2026-05-23 13:03:44.694 | INFO     | app.main:log_requests:69 - Incoming request: POST http://127.0.0.1:8000/frontend-log
2026-05-23 13:03:44.694 | INFO     | app.main:log_requests:69 - Incoming request: POST http://127.0.0.1:8000/frontend-log
2026-05-23 13:03:44.694 | INFO     | app.main:log_requests:69 - Incoming request: POST http://127.0.0.1:8000/frontend-log
2026-05-23 13:03:44.694 | INFO     | app.main:log_requests:69 - Incoming request: POST http://127.0.0.1:8000/frontend-log
2026-05-23 13:03:44.695 | INFO     | app.main:log_requests:77 - Response status: 200
2026-05-23 13:03:44.696 | INFO     | app.routers.logs:receive_frontend_logs:10 - [INFO] Word screen render start {}
2026-05-23 13:03:44.696 | INFO     | app.main:log_requests:77 - Response status: 200
2026-05-23 13:03:44.697 | INFO     | app.routers.logs:receive_frontend_logs:10 - [INFO] Word screen node {'found': True}
2026-05-23 13:03:44.697 | INFO     | app.routers.logs:receive_frontend_logs:10 - [INFO] Word request from the base {}
2026-05-23 13:03:44.697 | INFO     | app.routers.logs:receive_frontend_logs:10 - [INFO] Word request start {'endpoint': '/get_word', 'word': 'prodigy', 'user_id': 2, 'languge': ''}
2026-05-23 13:03:44.698 | INFO     | app.routers.logs:receive_frontend_logs:10 - [INFO] get_word request shape {'endpoint': '/get_word', 'method': 'POST', 'hasEndpoint': True, 'hasWord': True, 'hasUser': True}
2026-05-23 13:03:44.698 | INFO     | app.main:log_requests:69 - Incoming request: POST http://127.0.0.1:8000/get_word
2026-05-23 13:03:44.698 | INFO     | app.main:log_requests:77 - Response status: 200
2026-05-23 13:03:44.699 | INFO     | app.main:log_requests:77 - Response status: 200
2026-05-23 13:03:44.699 | INFO     | app.main:log_requests:77 - Response status: 200
2026-05-23 13:03:44.699 | INFO     | app.main:log_requests:77 - Response status: 200
2026-05-23 13:03:44.701 | INFO     | app.routers.get_word:get_word:16 - Reading Word attempt: user_id=2 word='prodigy'
2026-05-23 13:03:44.704 | INFO     | app.routers.get_word:get_word:22 - Reading word success: prodigy
2026-05-23 13:03:44.705 | INFO     | app.main:log_requests:77 - Response status: 200
2026-05-23 13:03:44.749 | INFO     | app.main:log_requests:69 - Incoming request: POST http://127.0.0.1:8000/frontend-log
2026-05-23 13:03:44.749 | INFO     | app.main:log_requests:69 - Incoming request: POST http://127.0.0.1:8000/frontend-log
2026-05-23 13:03:44.750 | INFO     | app.routers.logs:receive_frontend_logs:10 - [INFO] get_word response shape {'keys': ['word', 'translation', 'part_of_speech', 'transcription', 'examples', 'synonyms', 'antonyms', 'created_at', 'updated_at']}
2026-05-23 13:03:44.750 | INFO     | app.main:log_requests:77 - Response status: 200
2026-05-23 13:03:44.751 | INFO     | app.routers.logs:receive_frontend_logs:10 - [INFO] Word details loaded {'word': 'prodigy', 'hasData': False}
2026-05-23 13:03:44.751 | INFO     | app.main:log_requests:77 - Response status: 200
2026-05-23 13:03:52.374 | INFO     | app.main:log_requests:69 - Incoming request: POST http://127.0.0.1:8000/frontend-log
2026-05-23 13:03:52.375 | INFO     | app.main:log_requests:69 - Incoming request: POST http://127.0.0.1:8000/get_synonyms
2026-05-23 13:03:52.376 | INFO     | app.routers.logs:receive_frontend_logs:10 - [INFO] get_synonyms request shape {'endpoint': '/get_synonyms', 'method': 'POST', 'hasEndpoint': True, 'hasWord': True, 'hasUser': True}
2026-05-23 13:03:52.376 | INFO     | app.routers.get_word:get_synonyms:51 - Get synonyms attempt: user_id=2 word='prodigy'
2026-05-23 13:03:52.377 | INFO     | app.main:log_requests:77 - Response status: 200
2026-05-23 13:03:54.187 | INFO     | app.routers.get_word:get_synonyms:57 - Get synonyms success: prodigy
2026-05-23 13:03:54.188 | INFO     | app.main:log_requests:77 - Response status: 200
2026-05-23 13:03:54.191 | INFO     | app.main:log_requests:69 - Incoming request: POST http://127.0.0.1:8000/frontend-log
2026-05-23 13:03:54.192 | INFO     | app.routers.logs:receive_frontend_logs:10 - [INFO] get_synonyms response shape {'keys': ['word', 'translation', 'part_of_speech', 'transcription', 'examples', 'synonyms', 'antonyms', 'created_at', 'updated_at']}
2026-05-23 13:03:54.193 | INFO     | app.main:log_requests:77 - Response status: 200
2026-05-23 13:03:55.670 | INFO     | app.main:log_requests:69 - Incoming request: POST http://127.0.0.1:8000/frontend-log
2026-05-23 13:03:55.671 | INFO     | app.main:log_requests:69 - Incoming request: POST http://127.0.0.1:8000/get_sentences
2026-05-23 13:03:55.672 | INFO     | app.routers.logs:receive_frontend_logs:10 - [INFO] get_sentences request shape {'endpoint': '/get_sentences', 'method': 'POST', 'hasEndpoint': True, 'hasWord': True, 'hasUser': True}
2026-05-23 13:03:55.673 | INFO     | app.main:log_requests:77 - Response status: 200
2026-05-23 13:03:55.673 | INFO     | app.routers.get_word:get_sentences:93 - Get sentences attempt: user_id=2 word='prodigy'
2026-05-23 13:03:57.268 | INFO     | app.routers.get_word:get_sentences:99 - Get sentences success: prodigy
2026-05-23 13:03:57.268 | INFO     | app.main:log_requests:77 - Response status: 200
2026-05-23 13:03:57.271 | INFO     | app.main:log_requests:69 - Incoming request: POST http://127.0.0.1:8000/frontend-log
2026-05-23 13:03:57.272 | INFO     | app.main:log_requests:69 - Incoming request: POST http://127.0.0.1:8000/frontend-log
2026-05-23 13:03:57.272 | INFO     | app.routers.logs:receive_frontend_logs:10 - [INFO] get_sentences response shape {'keys': ['word', 'translation', 'part_of_speech', 'transcription', 'examples', 'synonyms', 'antonyms', 'created_at', 'updated_at']}
2026-05-23 13:03:57.273 | INFO     | app.routers.logs:receive_frontend_logs:10 - [ERROR] Sentences fetch failed {'error': 'json is not defined'}
2026-05-23 13:03:57.273 | INFO     | app.main:log_requests:77 - Response status: 200
2026-05-23 13:03:57.273 | INFO     | app.main:log_requests:77 - Response status: 200
2026-05-23 13:07:23.108 | INFO     | app.main:log_requests:69 - Incoming request: POST http://127.0.0.1:8000/frontend-log
2026-05-23 13:07:23.109 | INFO     | app.routers.logs:receive_frontend_logs:10 - [INFO] Translate screen render start {}
2026-05-23 13:07:23.110 | INFO     | app.main:log_requests:77 - Response status: 200
2026-05-23 13:07:23.110 | INFO     | app.main:log_requests:69 - Incoming request: POST http://127.0.0.1:8000/frontend-log
2026-05-23 13:07:23.111 | INFO     | app.main:log_requests:69 - Incoming request: POST http://127.0.0.1:8000/frontend-log
2026-05-23 13:07:23.112 | INFO     | app.main:log_requests:69 - Incoming request: GET http://127.0.0.1:8000/me
2026-05-23 13:07:23.114 | INFO     | app.routers.logs:receive_frontend_logs:10 - [INFO] Translate screen node {'found': True}
2026-05-23 13:07:23.114 | INFO     | app.main:log_requests:77 - Response status: 200
2026-05-23 13:07:23.115 | INFO     | app.routers.logs:receive_frontend_logs:10 - [INFO] Me request shape {'endpoint': '/me', 'method': 'GET', 'hasToken': True}
2026-05-23 13:07:23.116 | INFO     | app.main:log_requests:77 - Response status: 200
2026-05-23 13:07:23.118 | INFO     | app.routers.auth:get_me:53 - Get current user. 2 - Sergey
2026-05-23 13:07:23.119 | INFO     | app.main:log_requests:77 - Response status: 200
2026-05-23 13:07:23.122 | INFO     | app.main:log_requests:69 - Incoming request: POST http://127.0.0.1:8000/frontend-log
2026-05-23 13:07:23.123 | INFO     | app.main:log_requests:69 - Incoming request: POST http://127.0.0.1:8000/frontend-log
2026-05-23 13:07:23.124 | INFO     | app.routers.logs:receive_frontend_logs:10 - [INFO] Me response shape {'keys': ['nickname', 'email', 'avatar_url', 'is_guest', 'is_premium', 'id', 'created_at', 'last_login'], 'isGuest': False}
2026-05-23 13:07:23.125 | INFO     | app.routers.logs:receive_frontend_logs:10 - [INFO] Init user success {'hasUser': True}
2026-05-23 13:07:23.125 | INFO     | app.main:log_requests:77 - Response status: 200
2026-05-23 13:07:23.126 | INFO     | app.main:log_requests:77 - Response status: 200
2026-05-23 13:07:42.293 | INFO     | app.main:log_requests:69 - Incoming request: POST http://127.0.0.1:8000/frontend-log
2026-05-23 13:07:42.294 | INFO     | app.main:log_requests:69 - Incoming request: POST http://127.0.0.1:8000/get_sets
2026-05-23 13:07:42.295 | INFO     | app.routers.logs:receive_frontend_logs:10 - [INFO] Sets screen render start {}
2026-05-23 13:07:42.297 | INFO     | app.routers.get_sets:get_sets:11 - Getting Sets attempt: name='Sergey'
2026-05-23 13:07:42.298 | INFO     | app.main:log_requests:77 - Response status: 200
2026-05-23 13:07:42.307 | INFO     | app.routers.get_sets:get_sets:16 - Getting Sets success: [{'id': 1, 'name': 'Set-1', 'word_ids': [6, 5, 4, 3, 2, 1]}, {'id': 2, 'name': 'Set-2', 'word_ids': [12, 11, 10, 9, 8, 7]}, {'id': 5, 'name': 'Set-3', 'word_ids': [30, 29, 28, 27, 26, 25]}, {'id': 6, 'name': 'Set-4', 'word_ids': [36, 35, 34, 33, 32, 31]}, {'id': 7, 'name': 'Set-5', 'word_ids': [42, 41, 40, 39, 38, 37]}, {'id': 8, 'name': 'Set-6', 'word_ids': [48, 47, 46, 45, 44, 43]}, {'id': 9, 'name': 'Set-7', 'word_ids': [54, 53, 52, 51, 50, 49]}]
2026-05-23 13:07:42.308 | INFO     | app.main:log_requests:77 - Response status: 200
2026-05-23 13:07:42.311 | INFO     | app.main:log_requests:69 - Incoming request: POST http://127.0.0.1:8000/frontend-log
2026-05-23 13:07:42.312 | INFO     | app.routers.logs:receive_frontend_logs:10 - [INFO] Get sets of Sergey request sent {}
2026-05-23 13:07:42.312 | INFO     | app.main:log_requests:77 - Response status: 200
2026-05-23 13:07:43.913 | INFO     | app.main:log_requests:69 - Incoming request: POST http://127.0.0.1:8000/get_words
2026-05-23 13:07:43.914 | INFO     | app.routers.get_words_from_set:get_words:11 - Getting Sets attempt: word_ids=[6, 5, 4, 3, 2, 1]
2026-05-23 13:07:43.914 | INFO     | app.services.set_service:get_words_from_set:128 - [GET WORDS] Start fetching words for IDs: [6, 5, 4, 3, 2, 1]
2026-05-23 13:07:43.915 | INFO     | app.services.set_service:get_words_from_set:131 - [GET WORDS] Fetching words for ID: 6
2026-05-23 13:07:43.918 | INFO     | app.services.set_service:get_words_from_set:139 - [GET WORDS] Found word: id=6, word='seize'
2026-05-23 13:07:43.918 | INFO     | app.services.set_service:get_words_from_set:131 - [GET WORDS] Fetching words for ID: 5
2026-05-23 13:07:43.919 | INFO     | app.services.set_service:get_words_from_set:139 - [GET WORDS] Found word: id=5, word='settle'
2026-05-23 13:07:43.919 | INFO     | app.services.set_service:get_words_from_set:131 - [GET WORDS] Fetching words for ID: 4
2026-05-23 13:07:43.921 | INFO     | app.services.set_service:get_words_from_set:139 - [GET WORDS] Found word: id=4, word='suit'
2026-05-23 13:07:43.921 | INFO     | app.services.set_service:get_words_from_set:131 - [GET WORDS] Fetching words for ID: 3
2026-05-23 13:07:43.923 | INFO     | app.services.set_service:get_words_from_set:139 - [GET WORDS] Found word: id=3, word='request'
2026-05-23 13:07:43.923 | INFO     | app.services.set_service:get_words_from_set:131 - [GET WORDS] Fetching words for ID: 2
2026-05-23 13:07:43.925 | INFO     | app.services.set_service:get_words_from_set:139 - [GET WORDS] Found word: id=2, word='rise'
2026-05-23 13:07:43.925 | INFO     | app.services.set_service:get_words_from_set:131 - [GET WORDS] Fetching words for ID: 1
2026-05-23 13:07:43.927 | INFO     | app.services.set_service:get_words_from_set:139 - [GET WORDS] Found word: id=1, word='enterprise'
2026-05-23 13:07:43.927 | INFO     | app.services.set_service:get_words_from_set:141 - [GET WORDS] Final result list: [{'id': 6, 'word': 'seize'}, {'id': 5, 'word': 'settle'}, {'id': 4, 'word': 'suit'}, {'id': 3, 'word': 'request'}, {'id': 2, 'word': 'rise'}, {'id': 1, 'word': 'enterprise'}]
2026-05-23 13:07:43.927 | INFO     | app.routers.get_words_from_set:get_words:16 - Getting Sets success: [{'id': 6, 'word': 'seize'}, {'id': 5, 'word': 'settle'}, {'id': 4, 'word': 'suit'}, {'id': 3, 'word': 'request'}, {'id': 2, 'word': 'rise'}, {'id': 1, 'word': 'enterprise'}]
2026-05-23 13:07:43.927 | INFO     | app.main:log_requests:77 - Response status: 200
2026-05-23 13:07:43.931 | INFO     | app.main:log_requests:69 - Incoming request: POST http://127.0.0.1:8000/frontend-log
2026-05-23 13:07:43.932 | INFO     | app.routers.logs:receive_frontend_logs:10 - [INFO] Get words from Set-1 request sent {}
2026-05-23 13:07:43.932 | INFO     | app.main:log_requests:77 - Response status: 200
2026-05-23 13:07:45.657 | INFO     | app.main:log_requests:69 - Incoming request: POST http://127.0.0.1:8000/frontend-log
2026-05-23 13:07:45.658 | INFO     | app.main:log_requests:69 - Incoming request: POST http://127.0.0.1:8000/frontend-log
2026-05-23 13:07:45.659 | INFO     | app.routers.logs:receive_frontend_logs:10 - [INFO] Word suit clicked {'word': 'suit'}
2026-05-23 13:07:45.660 | INFO     | app.main:log_requests:69 - Incoming request: POST http://127.0.0.1:8000/frontend-log
2026-05-23 13:07:45.661 | INFO     | app.main:log_requests:69 - Incoming request: POST http://127.0.0.1:8000/frontend-log
2026-05-23 13:07:45.661 | INFO     | app.main:log_requests:69 - Incoming request: POST http://127.0.0.1:8000/frontend-log
2026-05-23 13:07:45.661 | INFO     | app.main:log_requests:69 - Incoming request: POST http://127.0.0.1:8000/frontend-log
2026-05-23 13:07:45.662 | INFO     | app.main:log_requests:77 - Response status: 200
2026-05-23 13:07:45.663 | INFO     | app.routers.logs:receive_frontend_logs:10 - [INFO] Word screen render start {}
2026-05-23 13:07:45.663 | INFO     | app.main:log_requests:77 - Response status: 200
2026-05-23 13:07:45.664 | INFO     | app.routers.logs:receive_frontend_logs:10 - [INFO] Word screen node {'found': True}
2026-05-23 13:07:45.664 | INFO     | app.routers.logs:receive_frontend_logs:10 - [INFO] Word request from the base {}
2026-05-23 13:07:45.665 | INFO     | app.routers.logs:receive_frontend_logs:10 - [INFO] Word request start {'endpoint': '/get_word', 'word': 'suit', 'user_id': 2, 'languge': ''}
2026-05-23 13:07:45.665 | INFO     | app.routers.logs:receive_frontend_logs:10 - [INFO] get_word request shape {'endpoint': '/get_word', 'method': 'POST', 'hasEndpoint': True, 'hasWord': True, 'hasUser': True}
2026-05-23 13:07:45.666 | INFO     | app.main:log_requests:77 - Response status: 200
2026-05-23 13:07:45.666 | INFO     | app.main:log_requests:77 - Response status: 200
2026-05-23 13:07:45.666 | INFO     | app.main:log_requests:77 - Response status: 200
2026-05-23 13:07:45.667 | INFO     | app.main:log_requests:77 - Response status: 200
2026-05-23 13:07:45.667 | INFO     | app.main:log_requests:69 - Incoming request: POST http://127.0.0.1:8000/get_word
2026-05-23 13:07:45.669 | INFO     | app.routers.get_word:get_word:16 - Reading Word attempt: user_id=2 word='suit'
2026-05-23 13:07:45.673 | INFO     | app.routers.get_word:get_word:22 - Reading word success: suit
2026-05-23 13:07:45.673 | INFO     | app.main:log_requests:77 - Response status: 200
2026-05-23 13:07:45.716 | INFO     | app.main:log_requests:69 - Incoming request: POST http://127.0.0.1:8000/frontend-log
2026-05-23 13:07:45.717 | INFO     | app.main:log_requests:69 - Incoming request: POST http://127.0.0.1:8000/frontend-log
2026-05-23 13:07:45.717 | INFO     | app.routers.logs:receive_frontend_logs:10 - [INFO] get_word response shape {'keys': ['word', 'translation', 'part_of_speech', 'transcription', 'examples', 'synonyms', 'antonyms', 'created_at', 'updated_at']}
2026-05-23 13:07:45.717 | INFO     | app.main:log_requests:77 - Response status: 200
2026-05-23 13:07:45.718 | INFO     | app.routers.logs:receive_frontend_logs:10 - [INFO] Word details loaded {'word': 'suit', 'hasData': False}
2026-05-23 13:07:45.718 | INFO     | app.main:log_requests:77 - Response status: 200
2026-05-23 13:07:49.113 | INFO     | app.main:log_requests:69 - Incoming request: POST http://127.0.0.1:8000/frontend-log
2026-05-23 13:07:49.114 | INFO     | app.main:log_requests:69 - Incoming request: POST http://127.0.0.1:8000/get_synonyms
2026-05-23 13:07:49.114 | INFO     | app.routers.logs:receive_frontend_logs:10 - [INFO] get_synonyms request shape {'endpoint': '/get_synonyms', 'method': 'POST', 'hasEndpoint': True, 'hasWord': True, 'hasUser': True}
2026-05-23 13:07:49.115 | INFO     | app.routers.get_word:get_synonyms:51 - Get synonyms attempt: user_id=2 word='suit'
2026-05-23 13:07:49.116 | INFO     | app.main:log_requests:77 - Response status: 200
2026-05-23 13:07:50.547 | INFO     | app.routers.get_word:get_synonyms:57 - Get synonyms success: suit
2026-05-23 13:07:50.547 | INFO     | app.main:log_requests:77 - Response status: 200
2026-05-23 13:07:50.551 | INFO     | app.main:log_requests:69 - Incoming request: POST http://127.0.0.1:8000/frontend-log
2026-05-23 13:07:50.552 | INFO     | app.routers.logs:receive_frontend_logs:10 - [INFO] get_synonyms response shape {'keys': ['word', 'translation', 'part_of_speech', 'transcription', 'examples', 'synonyms', 'antonyms', 'created_at', 'updated_at']}
2026-05-23 13:07:50.552 | INFO     | app.main:log_requests:77 - Response status: 200
2026-05-23 13:07:54.623 | INFO     | app.main:log_requests:69 - Incoming request: POST http://127.0.0.1:8000/frontend-log
2026-05-23 13:07:54.624 | INFO     | app.main:log_requests:69 - Incoming request: POST http://127.0.0.1:8000/get_sentences
2026-05-23 13:07:54.624 | INFO     | app.routers.logs:receive_frontend_logs:10 - [INFO] get_sentences request shape {'endpoint': '/get_sentences', 'method': 'POST', 'hasEndpoint': True, 'hasWord': True, 'hasUser': True}
2026-05-23 13:07:54.625 | INFO     | app.main:log_requests:77 - Response status: 200
2026-05-23 13:07:54.626 | INFO     | app.routers.get_word:get_sentences:93 - Get sentences attempt: user_id=2 word='suit'
2026-05-23 13:07:56.411 | INFO     | app.routers.get_word:get_sentences:99 - Get sentences success: suit
2026-05-23 13:07:56.411 | INFO     | app.main:log_requests:77 - Response status: 200
2026-05-23 13:07:56.414 | INFO     | app.main:log_requests:69 - Incoming request: POST http://127.0.0.1:8000/frontend-log
2026-05-23 13:07:56.415 | INFO     | app.routers.logs:receive_frontend_logs:10 - [INFO] get_sentences response shape {'keys': ['word', 'translation', 'part_of_speech', 'transcription', 'examples', 'synonyms', 'antonyms', 'created_at', 'updated_at']}
2026-05-23 13:07:56.415 | INFO     | app.main:log_requests:77 - Response status: 200
2026-05-23 14:03:09.887 | INFO     | app.main:log_requests:69 - Incoming request: OPTIONS http://127.0.0.1:8000/frontend-log
2026-05-23 14:03:09.887 | INFO     | app.main:log_requests:69 - Incoming request: OPTIONS http://127.0.0.1:8000/get_sets
2026-05-23 14:03:09.888 | INFO     | app.main:log_requests:77 - Response status: 200
2026-05-23 14:03:09.889 | INFO     | app.main:log_requests:77 - Response status: 200
2026-05-23 14:03:09.892 | INFO     | app.main:log_requests:69 - Incoming request: POST http://127.0.0.1:8000/get_sets
2026-05-23 14:03:09.893 | INFO     | app.main:log_requests:69 - Incoming request: POST http://127.0.0.1:8000/frontend-log
2026-05-23 14:03:09.894 | INFO     | app.routers.get_sets:get_sets:11 - Getting Sets attempt: name='Sergey'
2026-05-23 14:03:09.903 | INFO     | app.routers.logs:receive_frontend_logs:10 - [INFO] Sets screen render start {}
2026-05-23 14:03:09.903 | INFO     | app.main:log_requests:77 - Response status: 200
2026-05-23 14:03:09.917 | INFO     | app.routers.get_sets:get_sets:16 - Getting Sets success: [{'id': 1, 'name': 'Set-1', 'word_ids': [6, 5, 4, 3, 2, 1]}, {'id': 2, 'name': 'Set-2', 'word_ids': [12, 11, 10, 9, 8, 7]}, {'id': 5, 'name': 'Set-3', 'word_ids': [30, 29, 28, 27, 26, 25]}, {'id': 6, 'name': 'Set-4', 'word_ids': [36, 35, 34, 33, 32, 31]}, {'id': 7, 'name': 'Set-5', 'word_ids': [42, 41, 40, 39, 38, 37]}, {'id': 8, 'name': 'Set-6', 'word_ids': [48, 47, 46, 45, 44, 43]}, {'id': 9, 'name': 'Set-7', 'word_ids': [54, 53, 52, 51, 50, 49]}]
2026-05-23 14:03:09.918 | INFO     | app.main:log_requests:77 - Response status: 200
2026-05-23 14:03:09.961 | INFO     | app.main:log_requests:69 - Incoming request: POST http://127.0.0.1:8000/frontend-log
2026-05-23 14:03:09.961 | INFO     | app.routers.logs:receive_frontend_logs:10 - [INFO] Get sets of Sergey request sent {}
2026-05-23 14:03:09.961 | INFO     | app.main:log_requests:77 - Response status: 200
2026-05-23 14:03:11.040 | INFO     | app.main:log_requests:69 - Incoming request: OPTIONS http://127.0.0.1:8000/get_words
2026-05-23 14:03:11.040 | INFO     | app.main:log_requests:77 - Response status: 200
2026-05-23 14:03:11.045 | INFO     | app.main:log_requests:69 - Incoming request: POST http://127.0.0.1:8000/get_words
2026-05-23 14:03:11.046 | INFO     | app.routers.get_words_from_set:get_words:11 - Getting Sets attempt: word_ids=[12, 11, 10, 9, 8, 7]
2026-05-23 14:03:11.046 | INFO     | app.services.set_service:get_words_from_set:128 - [GET WORDS] Start fetching words for IDs: [12, 11, 10, 9, 8, 7]
2026-05-23 14:03:11.046 | INFO     | app.services.set_service:get_words_from_set:131 - [GET WORDS] Fetching words for ID: 12
2026-05-23 14:03:11.054 | INFO     | app.services.set_service:get_words_from_set:139 - [GET WORDS] Found word: id=12, word='prodigy'
2026-05-23 14:03:11.054 | INFO     | app.services.set_service:get_words_from_set:131 - [GET WORDS] Fetching words for ID: 11
2026-05-23 14:03:11.056 | INFO     | app.services.set_service:get_words_from_set:139 - [GET WORDS] Found word: id=11, word='quiet'
2026-05-23 14:03:11.056 | INFO     | app.services.set_service:get_words_from_set:131 - [GET WORDS] Fetching words for ID: 10
2026-05-23 14:03:11.057 | INFO     | app.services.set_service:get_words_from_set:139 - [GET WORDS] Found word: id=10, word='wind'
2026-05-23 14:03:11.057 | INFO     | app.services.set_service:get_words_from_set:131 - [GET WORDS] Fetching words for ID: 9
2026-05-23 14:03:11.059 | INFO     | app.services.set_service:get_words_from_set:139 - [GET WORDS] Found word: id=9, word='cosy'
2026-05-23 14:03:11.059 | INFO     | app.services.set_service:get_words_from_set:131 - [GET WORDS] Fetching words for ID: 8
2026-05-23 14:03:11.060 | INFO     | app.services.set_service:get_words_from_set:139 - [GET WORDS] Found word: id=8, word='fate'
2026-05-23 14:03:11.061 | INFO     | app.services.set_service:get_words_from_set:131 - [GET WORDS] Fetching words for ID: 7
2026-05-23 14:03:11.062 | INFO     | app.services.set_service:get_words_from_set:139 - [GET WORDS] Found word: id=7, word='faforite'
2026-05-23 14:03:11.062 | INFO     | app.services.set_service:get_words_from_set:141 - [GET WORDS] Final result list: [{'id': 12, 'word': 'prodigy'}, {'id': 11, 'word': 'quiet'}, {'id': 10, 'word': 'wind'}, {'id': 9, 'word': 'cosy'}, {'id': 8, 'word': 'fate'}, {'id': 7, 'word': 'faforite'}]
2026-05-23 14:03:11.062 | INFO     | app.routers.get_words_from_set:get_words:16 - Getting Sets success: [{'id': 12, 'word': 'prodigy'}, {'id': 11, 'word': 'quiet'}, {'id': 10, 'word': 'wind'}, {'id': 9, 'word': 'cosy'}, {'id': 8, 'word': 'fate'}, {'id': 7, 'word': 'faforite'}]
2026-05-23 14:03:11.063 | INFO     | app.main:log_requests:77 - Response status: 200
2026-05-23 14:03:11.065 | INFO     | app.main:log_requests:69 - Incoming request: POST http://127.0.0.1:8000/frontend-log
2026-05-23 14:03:11.066 | INFO     | app.routers.logs:receive_frontend_logs:10 - [INFO] Get words from Set-2 request sent {}
2026-05-23 14:03:11.066 | INFO     | app.main:log_requests:77 - Response status: 200
2026-05-23 14:03:12.180 | INFO     | app.main:log_requests:69 - Incoming request: POST http://127.0.0.1:8000/frontend-log
2026-05-23 14:03:12.180 | INFO     | app.main:log_requests:69 - Incoming request: POST http://127.0.0.1:8000/frontend-log
2026-05-23 14:03:12.182 | INFO     | app.main:log_requests:69 - Incoming request: POST http://127.0.0.1:8000/frontend-log
2026-05-23 14:03:12.182 | INFO     | app.routers.logs:receive_frontend_logs:10 - [INFO] Word quiet clicked {'word': 'quiet'}
2026-05-23 14:03:12.183 | INFO     | app.main:log_requests:69 - Incoming request: POST http://127.0.0.1:8000/frontend-log
2026-05-23 14:03:12.185 | INFO     | app.main:log_requests:69 - Incoming request: POST http://127.0.0.1:8000/frontend-log
2026-05-23 14:03:12.185 | INFO     | app.main:log_requests:69 - Incoming request: POST http://127.0.0.1:8000/frontend-log
2026-05-23 14:03:12.185 | INFO     | app.main:log_requests:77 - Response status: 200
2026-05-23 14:03:12.186 | INFO     | app.routers.logs:receive_frontend_logs:10 - [INFO] Word screen render start {}
2026-05-23 14:03:12.186 | INFO     | app.routers.logs:receive_frontend_logs:10 - [INFO] Word screen node {'found': True}
2026-05-23 14:03:12.187 | INFO     | app.main:log_requests:77 - Response status: 200
2026-05-23 14:03:12.188 | INFO     | app.main:log_requests:77 - Response status: 200
2026-05-23 14:03:12.189 | INFO     | app.routers.logs:receive_frontend_logs:10 - [INFO] Word request from the base {}
2026-05-23 14:03:12.189 | INFO     | app.routers.logs:receive_frontend_logs:10 - [INFO] Word request start {'endpoint': '/get_word', 'word': 'quiet', 'user_id': 2, 'languge': ''}
2026-05-23 14:03:12.189 | INFO     | app.routers.logs:receive_frontend_logs:10 - [INFO] get_word request shape {'endpoint': '/get_word', 'method': 'POST', 'hasEndpoint': True, 'hasWord': True, 'hasUser': True}
2026-05-23 14:03:12.190 | INFO     | app.main:log_requests:69 - Incoming request: OPTIONS http://127.0.0.1:8000/get_word
2026-05-23 14:03:12.191 | INFO     | app.main:log_requests:77 - Response status: 200
2026-05-23 14:03:12.191 | INFO     | app.main:log_requests:77 - Response status: 200
2026-05-23 14:03:12.192 | INFO     | app.main:log_requests:77 - Response status: 200
2026-05-23 14:03:12.193 | INFO     | app.main:log_requests:77 - Response status: 200
2026-05-23 14:03:12.196 | INFO     | app.main:log_requests:69 - Incoming request: POST http://127.0.0.1:8000/get_word
2026-05-23 14:03:12.197 | INFO     | app.routers.get_word:get_word:16 - Reading Word attempt: user_id=2 word='quiet'
2026-05-23 14:03:12.201 | INFO     | app.routers.get_word:get_word:22 - Reading word success: quiet
2026-05-23 14:03:12.202 | INFO     | app.main:log_requests:77 - Response status: 200
2026-05-23 14:03:12.245 | INFO     | app.main:log_requests:69 - Incoming request: POST http://127.0.0.1:8000/frontend-log
2026-05-23 14:03:12.246 | INFO     | app.main:log_requests:69 - Incoming request: POST http://127.0.0.1:8000/frontend-log
2026-05-23 14:03:12.247 | INFO     | app.routers.logs:receive_frontend_logs:10 - [INFO] get_word response shape {'keys': ['word', 'translation', 'part_of_speech', 'transcription', 'examples', 'synonyms', 'antonyms', 'created_at', 'updated_at']}
2026-05-23 14:03:12.247 | INFO     | app.main:log_requests:77 - Response status: 200
2026-05-23 14:03:12.247 | INFO     | app.routers.logs:receive_frontend_logs:10 - [INFO] Word details loaded {'word': 'quiet', 'hasData': False}
2026-05-23 14:03:12.248 | INFO     | app.main:log_requests:77 - Response status: 200
2026-05-23 14:03:15.450 | INFO     | app.main:log_requests:69 - Incoming request: POST http://127.0.0.1:8000/frontend-log
2026-05-23 14:03:15.450 | INFO     | app.main:log_requests:69 - Incoming request: OPTIONS http://127.0.0.1:8000/get_synonyms
2026-05-23 14:03:15.451 | INFO     | app.routers.logs:receive_frontend_logs:10 - [INFO] get_synonyms request shape {'endpoint': '/get_synonyms', 'method': 'POST', 'hasEndpoint': True, 'hasWord': True, 'hasUser': True}
2026-05-23 14:03:15.451 | INFO     | app.main:log_requests:77 - Response status: 200
2026-05-23 14:03:15.451 | INFO     | app.main:log_requests:77 - Response status: 200
2026-05-23 14:03:15.453 | INFO     | app.main:log_requests:69 - Incoming request: POST http://127.0.0.1:8000/get_synonyms
2026-05-23 14:03:15.455 | INFO     | app.routers.get_word:get_synonyms:51 - Get synonyms attempt: user_id=2 word='quiet'
2026-05-23 14:03:18.733 | INFO     | app.routers.get_word:get_synonyms:57 - Get synonyms success: quiet
2026-05-23 14:03:18.733 | INFO     | app.main:log_requests:77 - Response status: 200
2026-05-23 14:03:18.737 | INFO     | app.main:log_requests:69 - Incoming request: POST http://127.0.0.1:8000/frontend-log
2026-05-23 14:03:18.738 | INFO     | app.routers.logs:receive_frontend_logs:10 - [INFO] get_synonyms response shape {'keys': ['word', 'translation', 'part_of_speech', 'transcription', 'examples', 'synonyms', 'antonyms', 'created_at', 'updated_at']}
2026-05-23 14:03:18.739 | INFO     | app.main:log_requests:77 - Response status: 200
2026-05-23 14:03:20.221 | INFO     | app.main:log_requests:69 - Incoming request: POST http://127.0.0.1:8000/frontend-log
2026-05-23 14:03:20.221 | INFO     | app.main:log_requests:69 - Incoming request: OPTIONS http://127.0.0.1:8000/get_sentences
2026-05-23 14:03:20.222 | INFO     | app.main:log_requests:77 - Response status: 200
2026-05-23 14:03:20.223 | INFO     | app.routers.logs:receive_frontend_logs:10 - [INFO] get_sentences request shape {'endpoint': '/get_sentences', 'method': 'POST', 'hasEndpoint': True, 'hasWord': True, 'hasUser': True}
2026-05-23 14:03:20.223 | INFO     | app.main:log_requests:77 - Response status: 200
2026-05-23 14:03:20.225 | INFO     | app.main:log_requests:69 - Incoming request: POST http://127.0.0.1:8000/get_sentences
2026-05-23 14:03:20.226 | INFO     | app.routers.get_word:get_sentences:93 - Get sentences attempt: user_id=2 word='quiet'
2026-05-23 14:03:20.456 | ERROR    | app.main:log_requests:74 - Unhandled error: Error code: 400 - {'error': {'message': "Invalid type for 'input[0]': expected an input item, but got a string instead.", 'type': 'invalid_request_error', 'param': 'input[0]', 'code': 'invalid_type'}}
Traceback (most recent call last):

  File "/home/serg/PycharmProjects/WordChain/backend/.venv/lib/python3.12/site-packages/openai/_base_client.py", line 1696, in request
    response.raise_for_status()
    │        └ <function Response.raise_for_status at 0x7e00aed45440>
    └ <Response [400 Bad Request]>
  File "/home/serg/PycharmProjects/WordChain/backend/.venv/lib/python3.12/site-packages/httpx/_models.py", line 829, in raise_for_status
    raise HTTPStatusError(message, request=request, response=self)
          │               │                │                 └ <Response [400 Bad Request]>
          │               │                └ <Request('POST', 'https://api.openai.com/v1/responses')>
          │               └ "Client error '400 Bad Request' for url 'https://api.openai.com/v1/responses'\nFor more information check: https://developer....
          └ <class 'httpx.HTTPStatusError'>

httpx.HTTPStatusError: Client error '400 Bad Request' for url 'https://api.openai.com/v1/responses'
For more information check: https://developer.mozilla.org/en-US/docs/Web/HTTP/Status/400


The above exception was the direct cause of the following exception:


Traceback (most recent call last):

  File "<string>", line 1, in <module>
  File "/usr/lib/python3.12/multiprocessing/spawn.py", line 122, in spawn_main
    exitcode = _main(fd, parent_sentinel)
               │     │   └ 4
               │     └ 7
               └ <function _main at 0x7e00b2fe1c60>
  File "/usr/lib/python3.12/multiprocessing/spawn.py", line 135, in _main
    return self._bootstrap(parent_sentinel)
           │    │          └ 4
           │    └ <function BaseProcess._bootstrap at 0x7e00b30bff60>
           └ <SpawnProcess name='SpawnProcess-28' parent=3967 started>
  File "/usr/lib/python3.12/multiprocessing/process.py", line 314, in _bootstrap
    self.run()
    │    └ <function BaseProcess.run at 0x7e00b30bf4c0>
    └ <SpawnProcess name='SpawnProcess-28' parent=3967 started>
  File "/usr/lib/python3.12/multiprocessing/process.py", line 108, in run
    self._target(*self._args, **self._kwargs)
    │    │        │    │        │    └ {'config': <uvicorn.config.Config object at 0x7e00b24a8110>, 'target': <bound method Server.run of <uvicorn.server.Server obj...
    │    │        │    │        └ <SpawnProcess name='SpawnProcess-28' parent=3967 started>
    │    │        │    └ ()
    │    │        └ <SpawnProcess name='SpawnProcess-28' parent=3967 started>
    │    └ <function subprocess_started at 0x7e00b22a1b20>
    └ <SpawnProcess name='SpawnProcess-28' parent=3967 started>
  File "/home/serg/PycharmProjects/WordChain/backend/.venv/lib/python3.12/site-packages/uvicorn/_subprocess.py", line 80, in subprocess_started
    target(sockets=sockets)
    │              └ [<socket.socket fd=3, family=2, type=1, proto=0, laddr=('127.0.0.1', 8000)>]
    └ <bound method Server.run of <uvicorn.server.Server object at 0x7e00b22ea3f0>>
  File "/home/serg/PycharmProjects/WordChain/backend/.venv/lib/python3.12/site-packages/uvicorn/server.py", line 67, in run
    return asyncio_run(self.serve(sockets=sockets), loop_factory=self.config.get_loop_factory())
           │           │    │             │                      │    │      └ <function Config.get_loop_factory at 0x7e00b2490d60>
           │           │    │             │                      │    └ <uvicorn.config.Config object at 0x7e00b24a8110>
           │           │    │             │                      └ <uvicorn.server.Server object at 0x7e00b22ea3f0>
           │           │    │             └ [<socket.socket fd=3, family=2, type=1, proto=0, laddr=('127.0.0.1', 8000)>]
           │           │    └ <function Server.serve at 0x7e00b22a0ea0>
           │           └ <uvicorn.server.Server object at 0x7e00b22ea3f0>
           └ <function run at 0x7e00b2b62c00>
  File "/usr/lib/python3.12/asyncio/runners.py", line 194, in run
    return runner.run(main)
           │      │   └ <coroutine object Server.serve at 0x7e00b30449e0>
           │      └ <function Runner.run at 0x7e00b2bc2340>
           └ <asyncio.runners.Runner object at 0x7e00b2dbf800>
  File "/usr/lib/python3.12/asyncio/runners.py", line 118, in run
    return self._loop.run_until_complete(task)
           │    │     │                  └ <Task pending name='Task-1' coro=<Server.serve() running at /home/serg/PycharmProjects/WordChain/backend/.venv/lib/python3.12...
           │    │     └ <function BaseEventLoop.run_until_complete at 0x7e00b2bbbf60>
           │    └ <_UnixSelectorEventLoop running=True closed=False debug=False>
           └ <asyncio.runners.Runner object at 0x7e00b2dbf800>
  File "/usr/lib/python3.12/asyncio/base_events.py", line 674, in run_until_complete
    self.run_forever()
    │    └ <function BaseEventLoop.run_forever at 0x7e00b2bbbec0>
    └ <_UnixSelectorEventLoop running=True closed=False debug=False>
  File "/usr/lib/python3.12/asyncio/base_events.py", line 641, in run_forever
    self._run_once()
    │    └ <function BaseEventLoop._run_once at 0x7e00b2bc1d00>
    └ <_UnixSelectorEventLoop running=True closed=False debug=False>
  File "/usr/lib/python3.12/asyncio/base_events.py", line 1987, in _run_once
    handle._run()
    │      └ <function Handle._run at 0x7e00b2df6200>
    └ <Handle Task.task_wakeup(<Future finished result=True>)>
  File "/usr/lib/python3.12/asyncio/events.py", line 88, in _run
    self._context.run(self._callback, *self._args)
    │    │            │    │           │    └ <member '_args' of 'Handle' objects>
    │    │            │    │           └ <Handle Task.task_wakeup(<Future finished result=True>)>
    │    │            │    └ <member '_callback' of 'Handle' objects>
    │    │            └ <Handle Task.task_wakeup(<Future finished result=True>)>
    │    └ <member '_context' of 'Handle' objects>
    └ <Handle Task.task_wakeup(<Future finished result=True>)>
  File "/home/serg/PycharmProjects/WordChain/backend/.venv/lib/python3.12/site-packages/uvicorn/protocols/http/h11_impl.py", line 410, in run_asgi
    result = await app(  # type: ignore[func-returns-value]
                   └ <uvicorn.middleware.proxy_headers.ProxyHeadersMiddleware object at 0x7e00b22e94f0>
  File "/home/serg/PycharmProjects/WordChain/backend/.venv/lib/python3.12/site-packages/uvicorn/middleware/proxy_headers.py", line 60, in __call__
    return await self.app(scope, receive, send)
                 │    │   │      │        └ <bound method RequestResponseCycle.send of <uvicorn.protocols.http.h11_impl.RequestResponseCycle object at 0x7e00acb72210>>
                 │    │   │      └ <bound method RequestResponseCycle.receive of <uvicorn.protocols.http.h11_impl.RequestResponseCycle object at 0x7e00acb72210>>
                 │    │   └ {'type': 'http', 'asgi': {'version': '3.0', 'spec_version': '2.3'}, 'http_version': '1.1', 'server': ('127.0.0.1', 8000), 'cl...
                 │    └ <fastapi.applications.FastAPI object at 0x7e00b2375100>
                 └ <uvicorn.middleware.proxy_headers.ProxyHeadersMiddleware object at 0x7e00b22e94f0>
  File "/home/serg/PycharmProjects/WordChain/backend/.venv/lib/python3.12/site-packages/fastapi/applications.py", line 1135, in __call__
    await super().__call__(scope, receive, send)
                           │      │        └ <bound method RequestResponseCycle.send of <uvicorn.protocols.http.h11_impl.RequestResponseCycle object at 0x7e00acb72210>>
                           │      └ <bound method RequestResponseCycle.receive of <uvicorn.protocols.http.h11_impl.RequestResponseCycle object at 0x7e00acb72210>>
                           └ {'type': 'http', 'asgi': {'version': '3.0', 'spec_version': '2.3'}, 'http_version': '1.1', 'server': ('127.0.0.1', 8000), 'cl...
  File "/home/serg/PycharmProjects/WordChain/backend/.venv/lib/python3.12/site-packages/starlette/applications.py", line 107, in __call__
    await self.middleware_stack(scope, receive, send)
          │    │                │      │        └ <bound method RequestResponseCycle.send of <uvicorn.protocols.http.h11_impl.RequestResponseCycle object at 0x7e00acb72210>>
          │    │                │      └ <bound method RequestResponseCycle.receive of <uvicorn.protocols.http.h11_impl.RequestResponseCycle object at 0x7e00acb72210>>
          │    │                └ {'type': 'http', 'asgi': {'version': '3.0', 'spec_version': '2.3'}, 'http_version': '1.1', 'server': ('127.0.0.1', 8000), 'cl...
          │    └ <starlette.middleware.errors.ServerErrorMiddleware object at 0x7e00adec8da0>
          └ <fastapi.applications.FastAPI object at 0x7e00b2375100>
  File "/home/serg/PycharmProjects/WordChain/backend/.venv/lib/python3.12/site-packages/starlette/middleware/errors.py", line 164, in __call__
    await self.app(scope, receive, _send)
          │    │   │      │        └ <function ServerErrorMiddleware.__call__.<locals>._send at 0x7e00ad5cf880>
          │    │   │      └ <bound method RequestResponseCycle.receive of <uvicorn.protocols.http.h11_impl.RequestResponseCycle object at 0x7e00acb72210>>
          │    │   └ {'type': 'http', 'asgi': {'version': '3.0', 'spec_version': '2.3'}, 'http_version': '1.1', 'server': ('127.0.0.1', 8000), 'cl...
          │    └ <starlette.middleware.base.BaseHTTPMiddleware object at 0x7e00ae97da30>
          └ <starlette.middleware.errors.ServerErrorMiddleware object at 0x7e00adec8da0>
  File "/home/serg/PycharmProjects/WordChain/backend/.venv/lib/python3.12/site-packages/starlette/middleware/base.py", line 193, in __call__
    response = await self.dispatch_func(request, call_next)
                     │    │             │        └ <function BaseHTTPMiddleware.__call__.<locals>.call_next at 0x7e00ad5cfb00>
                     │    │             └ <starlette.middleware.base._CachedRequest object at 0x7e00ad5eaf60>
                     │    └ <function log_requests at 0x7e00adeae660>
                     └ <starlette.middleware.base.BaseHTTPMiddleware object at 0x7e00ae97da30>

> File "/home/serg/PycharmProjects/WordChain/backend/app/main.py", line 72, in log_requests
    response = await call_next(request)
                     │         └ <starlette.middleware.base._CachedRequest object at 0x7e00ad5eaf60>
                     └ <function BaseHTTPMiddleware.__call__.<locals>.call_next at 0x7e00ad5cfb00>

  File "/home/serg/PycharmProjects/WordChain/backend/.venv/lib/python3.12/site-packages/starlette/middleware/base.py", line 168, in call_next
    raise app_exc from app_exc.__cause__ or app_exc.__context__
          │            │       │            │       └ <attribute '__context__' of 'BaseException' objects>
          │            │       │            └ BadRequestError('Error code: 400 - {\'error\': {\'message\': "Invalid type for \'input[0]\': expected an input item, but got ...
          │            │       └ <attribute '__cause__' of 'BaseException' objects>
          │            └ BadRequestError('Error code: 400 - {\'error\': {\'message\': "Invalid type for \'input[0]\': expected an input item, but got ...
          └ BadRequestError('Error code: 400 - {\'error\': {\'message\': "Invalid type for \'input[0]\': expected an input item, but got ...
  File "/home/serg/PycharmProjects/WordChain/backend/.venv/lib/python3.12/site-packages/starlette/middleware/base.py", line 144, in coro
    await self.app(scope, receive_or_disconnect, send_no_error)
          │    │   │      │                      └ <function BaseHTTPMiddleware.__call__.<locals>.call_next.<locals>.send_no_error at 0x7e00ad5cfec0>
          │    │   │      └ <function BaseHTTPMiddleware.__call__.<locals>.call_next.<locals>.receive_or_disconnect at 0x7e00ad5cfd80>
          │    │   └ {'type': 'http', 'asgi': {'version': '3.0', 'spec_version': '2.3'}, 'http_version': '1.1', 'server': ('127.0.0.1', 8000), 'cl...
          │    └ <starlette.middleware.cors.CORSMiddleware object at 0x7e00adec8cb0>
          └ <starlette.middleware.base.BaseHTTPMiddleware object at 0x7e00ae97da30>
  File "/home/serg/PycharmProjects/WordChain/backend/.venv/lib/python3.12/site-packages/starlette/middleware/cors.py", line 93, in __call__
    await self.simple_response(scope, receive, send, request_headers=headers)
          │    │               │      │        │                     └ Headers({'host': '127.0.0.1:8000', 'connection': 'keep-alive', 'content-length': '28', 'sec-ch-ua-platform': '"Linux"', 'auth...
          │    │               │      │        └ <function BaseHTTPMiddleware.__call__.<locals>.call_next.<locals>.send_no_error at 0x7e00ad5cfec0>
          │    │               │      └ <function BaseHTTPMiddleware.__call__.<locals>.call_next.<locals>.receive_or_disconnect at 0x7e00ad5cfd80>
          │    │               └ {'type': 'http', 'asgi': {'version': '3.0', 'spec_version': '2.3'}, 'http_version': '1.1', 'server': ('127.0.0.1', 8000), 'cl...
          │    └ <function CORSMiddleware.simple_response at 0x7e00b1453740>
          └ <starlette.middleware.cors.CORSMiddleware object at 0x7e00adec8cb0>
  File "/home/serg/PycharmProjects/WordChain/backend/.venv/lib/python3.12/site-packages/starlette/middleware/cors.py", line 144, in simple_response
    await self.app(scope, receive, send)
          │    │   │      │        └ functools.partial(<bound method CORSMiddleware.send of <starlette.middleware.cors.CORSMiddleware object at 0x7e00adec8cb0>>, ...
          │    │   │      └ <function BaseHTTPMiddleware.__call__.<locals>.call_next.<locals>.receive_or_disconnect at 0x7e00ad5cfd80>
          │    │   └ {'type': 'http', 'asgi': {'version': '3.0', 'spec_version': '2.3'}, 'http_version': '1.1', 'server': ('127.0.0.1', 8000), 'cl...
          │    └ <starlette.middleware.exceptions.ExceptionMiddleware object at 0x7e00adec8d40>
          └ <starlette.middleware.cors.CORSMiddleware object at 0x7e00adec8cb0>
  File "/home/serg/PycharmProjects/WordChain/backend/.venv/lib/python3.12/site-packages/starlette/middleware/exceptions.py", line 63, in __call__
    await wrap_app_handling_exceptions(self.app, conn)(scope, receive, send)
          │                            │    │    │     │      │        └ functools.partial(<bound method CORSMiddleware.send of <starlette.middleware.cors.CORSMiddleware object at 0x7e00adec8cb0>>, ...
          │                            │    │    │     │      └ <function BaseHTTPMiddleware.__call__.<locals>.call_next.<locals>.receive_or_disconnect at 0x7e00ad5cfd80>
          │                            │    │    │     └ {'type': 'http', 'asgi': {'version': '3.0', 'spec_version': '2.3'}, 'http_version': '1.1', 'server': ('127.0.0.1', 8000), 'cl...
          │                            │    │    └ <starlette.requests.Request object at 0x7e00ad612cc0>
          │                            │    └ <fastapi.middleware.asyncexitstack.AsyncExitStackMiddleware object at 0x7e00adec8d10>
          │                            └ <starlette.middleware.exceptions.ExceptionMiddleware object at 0x7e00adec8d40>
          └ <function wrap_app_handling_exceptions at 0x7e00b14016c0>
  File "/home/serg/PycharmProjects/WordChain/backend/.venv/lib/python3.12/site-packages/starlette/_exception_handler.py", line 53, in wrapped_app
    raise exc
  File "/home/serg/PycharmProjects/WordChain/backend/.venv/lib/python3.12/site-packages/starlette/_exception_handler.py", line 42, in wrapped_app
    await app(scope, receive, sender)
          │   │      │        └ <function wrap_app_handling_exceptions.<locals>.wrapped_app.<locals>.sender at 0x7e00ad5dbce0>
          │   │      └ <function BaseHTTPMiddleware.__call__.<locals>.call_next.<locals>.receive_or_disconnect at 0x7e00ad5cfd80>
          │   └ {'type': 'http', 'asgi': {'version': '3.0', 'spec_version': '2.3'}, 'http_version': '1.1', 'server': ('127.0.0.1', 8000), 'cl...
          └ <fastapi.middleware.asyncexitstack.AsyncExitStackMiddleware object at 0x7e00adec8d10>
  File "/home/serg/PycharmProjects/WordChain/backend/.venv/lib/python3.12/site-packages/fastapi/middleware/asyncexitstack.py", line 18, in __call__
    await self.app(scope, receive, send)
          │    │   │      │        └ <function wrap_app_handling_exceptions.<locals>.wrapped_app.<locals>.sender at 0x7e00ad5dbce0>
          │    │   │      └ <function BaseHTTPMiddleware.__call__.<locals>.call_next.<locals>.receive_or_disconnect at 0x7e00ad5cfd80>
          │    │   └ {'type': 'http', 'asgi': {'version': '3.0', 'spec_version': '2.3'}, 'http_version': '1.1', 'server': ('127.0.0.1', 8000), 'cl...
          │    └ <fastapi.routing.APIRouter object at 0x7e00ade849b0>
          └ <fastapi.middleware.asyncexitstack.AsyncExitStackMiddleware object at 0x7e00adec8d10>
  File "/home/serg/PycharmProjects/WordChain/backend/.venv/lib/python3.12/site-packages/starlette/routing.py", line 716, in __call__
    await self.middleware_stack(scope, receive, send)
          │    │                │      │        └ <function wrap_app_handling_exceptions.<locals>.wrapped_app.<locals>.sender at 0x7e00ad5dbce0>
          │    │                │      └ <function BaseHTTPMiddleware.__call__.<locals>.call_next.<locals>.receive_or_disconnect at 0x7e00ad5cfd80>
          │    │                └ {'type': 'http', 'asgi': {'version': '3.0', 'spec_version': '2.3'}, 'http_version': '1.1', 'server': ('127.0.0.1', 8000), 'cl...
          │    └ <bound method Router.app of <fastapi.routing.APIRouter object at 0x7e00ade849b0>>
          └ <fastapi.routing.APIRouter object at 0x7e00ade849b0>
  File "/home/serg/PycharmProjects/WordChain/backend/.venv/lib/python3.12/site-packages/starlette/routing.py", line 736, in app
    await route.handle(scope, receive, send)
          │     │      │      │        └ <function wrap_app_handling_exceptions.<locals>.wrapped_app.<locals>.sender at 0x7e00ad5dbce0>
          │     │      │      └ <function BaseHTTPMiddleware.__call__.<locals>.call_next.<locals>.receive_or_disconnect at 0x7e00ad5cfd80>
          │     │      └ {'type': 'http', 'asgi': {'version': '3.0', 'spec_version': '2.3'}, 'http_version': '1.1', 'server': ('127.0.0.1', 8000), 'cl...
          │     └ <function Route.handle at 0x7e00b1402ca0>
          └ APIRoute(path='/get_sentences', name='get_sentences', methods=['POST'])
  File "/home/serg/PycharmProjects/WordChain/backend/.venv/lib/python3.12/site-packages/starlette/routing.py", line 290, in handle
    await self.app(scope, receive, send)
          │    │   │      │        └ <function wrap_app_handling_exceptions.<locals>.wrapped_app.<locals>.sender at 0x7e00ad5dbce0>
          │    │   │      └ <function BaseHTTPMiddleware.__call__.<locals>.call_next.<locals>.receive_or_disconnect at 0x7e00ad5cfd80>
          │    │   └ {'type': 'http', 'asgi': {'version': '3.0', 'spec_version': '2.3'}, 'http_version': '1.1', 'server': ('127.0.0.1', 8000), 'cl...
          │    └ <function request_response.<locals>.app at 0x7e00adeae3e0>
          └ APIRoute(path='/get_sentences', name='get_sentences', methods=['POST'])
  File "/home/serg/PycharmProjects/WordChain/backend/.venv/lib/python3.12/site-packages/fastapi/routing.py", line 120, in app
    await wrap_app_handling_exceptions(app, request)(scope, receive, send)
          │                            │    │        │      │        └ <function wrap_app_handling_exceptions.<locals>.wrapped_app.<locals>.sender at 0x7e00ad5dbce0>
          │                            │    │        │      └ <function BaseHTTPMiddleware.__call__.<locals>.call_next.<locals>.receive_or_disconnect at 0x7e00ad5cfd80>
          │                            │    │        └ {'type': 'http', 'asgi': {'version': '3.0', 'spec_version': '2.3'}, 'http_version': '1.1', 'server': ('127.0.0.1', 8000), 'cl...
          │                            │    └ <starlette.requests.Request object at 0x7e00ad610230>
          │                            └ <function request_response.<locals>.app.<locals>.app at 0x7e00ad5dbba0>
          └ <function wrap_app_handling_exceptions at 0x7e00b14016c0>
  File "/home/serg/PycharmProjects/WordChain/backend/.venv/lib/python3.12/site-packages/starlette/_exception_handler.py", line 53, in wrapped_app
    raise exc
  File "/home/serg/PycharmProjects/WordChain/backend/.venv/lib/python3.12/site-packages/starlette/_exception_handler.py", line 42, in wrapped_app
    await app(scope, receive, sender)
          │   │      │        └ <function wrap_app_handling_exceptions.<locals>.wrapped_app.<locals>.sender at 0x7e00aec26480>
          │   │      └ <function BaseHTTPMiddleware.__call__.<locals>.call_next.<locals>.receive_or_disconnect at 0x7e00ad5cfd80>
          │   └ {'type': 'http', 'asgi': {'version': '3.0', 'spec_version': '2.3'}, 'http_version': '1.1', 'server': ('127.0.0.1', 8000), 'cl...
          └ <function request_response.<locals>.app.<locals>.app at 0x7e00ad5dbba0>
  File "/home/serg/PycharmProjects/WordChain/backend/.venv/lib/python3.12/site-packages/fastapi/routing.py", line 106, in app
    response = await f(request)
                     │ └ <starlette.requests.Request object at 0x7e00ad610230>
                     └ <function get_request_handler.<locals>.app at 0x7e00adeae2a0>
  File "/home/serg/PycharmProjects/WordChain/backend/.venv/lib/python3.12/site-packages/fastapi/routing.py", line 427, in app
    raw_response = await run_endpoint_function(
                         └ <function run_endpoint_function at 0x7e00b1418c20>
  File "/home/serg/PycharmProjects/WordChain/backend/.venv/lib/python3.12/site-packages/fastapi/routing.py", line 313, in run_endpoint_function
    return await dependant.call(**values)
                 │         │      └ {'req': WordReadRequest(user_id=2, word='quiet')}
                 │         └ <function get_sentences at 0x7e00ade62a20>
                 └ Dependant(path_params=[], query_params=[], header_params=[], cookie_params=[], body_params=[ModelField(field_info=Body(Pydant...

  File "/home/serg/PycharmProjects/WordChain/backend/app/routers/get_word.py", line 96, in get_sentences
    result = await word_sentences(req.word)  # -> List[str]
                   │              │   └ 'quiet'
                   │              └ WordReadRequest(user_id=2, word='quiet')
                   └ <function word_sentences at 0x7e00ae0f40e0>

  File "/home/serg/PycharmProjects/WordChain/backend/app/services/word_service.py", line 281, in word_sentences
    sentences = await _ask_text(prompt, max_tokens=200)
                      │         └ ("Generate exactly 6 example sentences that use the word 'quiet' in the same language.Return a JSON object with a single key ...
                      └ <function _ask_text at 0x7e00ae0e3c40>

  File "/home/serg/PycharmProjects/WordChain/backend/app/services/word_service.py", line 81, in _ask_text
    resp = await client.responses.create(
                 │      │         └ <function AsyncResponses.create at 0x7e00acd559e0>
                 │      └ <openai.resources.responses.responses.AsyncResponses object at 0x7e00ad5e94f0>
                 └ <openai.AsyncOpenAI object at 0x7e00ae9bba10>

  File "/home/serg/PycharmProjects/WordChain/backend/.venv/lib/python3.12/site-packages/openai/resources/responses/responses.py", line 2622, in create
    return await self._post(
                 │    └ <bound method AsyncAPIClient.post of <openai.AsyncOpenAI object at 0x7e00ae9bba10>>
                 └ <openai.resources.responses.responses.AsyncResponses object at 0x7e00ad5e94f0>
  File "/home/serg/PycharmProjects/WordChain/backend/.venv/lib/python3.12/site-packages/openai/_base_client.py", line 1931, in post
    return await self.request(cast_to, opts, stream=stream, stream_cls=stream_cls)
                 │    │       │        │            │                  └ openai.AsyncStream[typing.Annotated[typing.Union[openai.types.responses.response_audio_delta_event.ResponseAudioDeltaEvent, o...
                 │    │       │        │            └ False
                 │    │       │        └ FinalRequestOptions(method='post', url='/responses', params={}, headers=NOT_GIVEN, max_retries=NOT_GIVEN, timeout=NOT_GIVEN, ...
                 │    │       └ <class 'openai.types.responses.response.Response'>
                 │    └ <function AsyncAPIClient.request at 0x7e00ae7e0040>
                 └ <openai.AsyncOpenAI object at 0x7e00ae9bba10>
  File "/home/serg/PycharmProjects/WordChain/backend/.venv/lib/python3.12/site-packages/openai/_base_client.py", line 1716, in request
    raise self._make_status_error_from_response(err.response) from None
          │    └ <function BaseClient._make_status_error_from_response at 0x7e00ae7d8ea0>
          └ <openai.AsyncOpenAI object at 0x7e00ae9bba10>

openai.BadRequestError: Error code: 400 - {'error': {'message': "Invalid type for 'input[0]': expected an input item, but got a string instead.", 'type': 'invalid_request_error', 'param': 'input[0]', 'code': 'invalid_type'}}
2026-05-23 14:03:20.476 | INFO     | app.main:log_requests:69 - Incoming request: POST http://127.0.0.1:8000/frontend-log
2026-05-23 14:03:20.479 | INFO     | app.main:log_requests:69 - Incoming request: POST http://127.0.0.1:8000/frontend-log
2026-05-23 14:03:20.480 | INFO     | app.routers.logs:receive_frontend_logs:10 - [ERROR] get_sentences request failed {'error': 'Failed to fetch'}
2026-05-23 14:03:20.480 | INFO     | app.routers.logs:receive_frontend_logs:10 - [ERROR] Sentences fetch failed {'error': 'Failed to fetch'}
2026-05-23 14:03:20.480 | INFO     | app.main:log_requests:77 - Response status: 200
2026-05-23 14:03:20.481 | INFO     | app.main:log_requests:77 - Response status: 200
2026-05-23 16:03:19.937 | INFO     | app.main:log_requests:69 - Incoming request: OPTIONS http://127.0.0.1:8000/frontend-log
2026-05-23 16:03:19.938 | INFO     | app.main:log_requests:69 - Incoming request: OPTIONS http://127.0.0.1:8000/get_sentences
2026-05-23 16:03:19.938 | INFO     | app.main:log_requests:77 - Response status: 200
2026-05-23 16:03:19.939 | INFO     | app.main:log_requests:77 - Response status: 200
2026-05-23 16:03:19.943 | INFO     | app.main:log_requests:69 - Incoming request: POST http://127.0.0.1:8000/get_sentences
2026-05-23 16:03:19.944 | INFO     | app.main:log_requests:69 - Incoming request: POST http://127.0.0.1:8000/frontend-log
2026-05-23 16:03:19.945 | INFO     | app.routers.get_word:get_sentences:93 - Get sentences attempt: user_id=2 word='quiet'
2026-05-23 16:03:20.222 | INFO     | app.routers.logs:receive_frontend_logs:10 - [INFO] get_sentences request shape {'endpoint': '/get_sentences', 'method': 'POST', 'hasEndpoint': True, 'hasWord': True, 'hasUser': True}
2026-05-23 16:03:20.223 | INFO     | app.main:log_requests:77 - Response status: 200
2026-05-23 16:03:21.530 | ERROR    | app.main:log_requests:74 - Unhandled error: Error code: 400 - {'error': {'message': "Invalid type for 'input[0]': expected an input item, but got a string instead.", 'type': 'invalid_request_error', 'param': 'input[0]', 'code': 'invalid_type'}}
Traceback (most recent call last):

  File "/home/serg/PycharmProjects/WordChain/backend/.venv/lib/python3.12/site-packages/openai/_base_client.py", line 1696, in request
    response.raise_for_status()
    │        └ <function Response.raise_for_status at 0x7a38f5a354e0>
    └ <Response [400 Bad Request]>
  File "/home/serg/PycharmProjects/WordChain/backend/.venv/lib/python3.12/site-packages/httpx/_models.py", line 829, in raise_for_status
    raise HTTPStatusError(message, request=request, response=self)
          │               │                │                 └ <Response [400 Bad Request]>
          │               │                └ <Request('POST', 'https://api.openai.com/v1/responses')>
          │               └ "Client error '400 Bad Request' for url 'https://api.openai.com/v1/responses'\nFor more information check: https://developer....
          └ <class 'httpx.HTTPStatusError'>

httpx.HTTPStatusError: Client error '400 Bad Request' for url 'https://api.openai.com/v1/responses'
For more information check: https://developer.mozilla.org/en-US/docs/Web/HTTP/Status/400


The above exception was the direct cause of the following exception:


Traceback (most recent call last):

  File "<string>", line 1, in <module>
  File "/usr/lib/python3.12/multiprocessing/spawn.py", line 122, in spawn_main
    exitcode = _main(fd, parent_sentinel)
               │     │   └ 4
               │     └ 7
               └ <function _main at 0x7a38f9ce1c60>
  File "/usr/lib/python3.12/multiprocessing/spawn.py", line 135, in _main
    return self._bootstrap(parent_sentinel)
           │    │          └ 4
           │    └ <function BaseProcess._bootstrap at 0x7a38f9dbff60>
           └ <SpawnProcess name='SpawnProcess-31' parent=3967 started>
  File "/usr/lib/python3.12/multiprocessing/process.py", line 314, in _bootstrap
    self.run()
    │    └ <function BaseProcess.run at 0x7a38f9dbf4c0>
    └ <SpawnProcess name='SpawnProcess-31' parent=3967 started>
  File "/usr/lib/python3.12/multiprocessing/process.py", line 108, in run
    self._target(*self._args, **self._kwargs)
    │    │        │    │        │    └ {'config': <uvicorn.config.Config object at 0x7a38f917d8e0>, 'target': <bound method Server.run of <uvicorn.server.Server obj...
    │    │        │    │        └ <SpawnProcess name='SpawnProcess-31' parent=3967 started>
    │    │        │    └ ()
    │    │        └ <SpawnProcess name='SpawnProcess-31' parent=3967 started>
    │    └ <function subprocess_started at 0x7a38f8f99b20>
    └ <SpawnProcess name='SpawnProcess-31' parent=3967 started>
  File "/home/serg/PycharmProjects/WordChain/backend/.venv/lib/python3.12/site-packages/uvicorn/_subprocess.py", line 80, in subprocess_started
    target(sockets=sockets)
    │              └ [<socket.socket fd=3, family=2, type=1, proto=0, laddr=('127.0.0.1', 8000)>]
    └ <bound method Server.run of <uvicorn.server.Server object at 0x7a38f8fde480>>
  File "/home/serg/PycharmProjects/WordChain/backend/.venv/lib/python3.12/site-packages/uvicorn/server.py", line 67, in run
    return asyncio_run(self.serve(sockets=sockets), loop_factory=self.config.get_loop_factory())
           │           │    │             │                      │    │      └ <function Config.get_loop_factory at 0x7a38f9184d60>
           │           │    │             │                      │    └ <uvicorn.config.Config object at 0x7a38f917d8e0>
           │           │    │             │                      └ <uvicorn.server.Server object at 0x7a38f8fde480>
           │           │    │             └ [<socket.socket fd=3, family=2, type=1, proto=0, laddr=('127.0.0.1', 8000)>]
           │           │    └ <function Server.serve at 0x7a38f8f98ea0>
           │           └ <uvicorn.server.Server object at 0x7a38f8fde480>
           └ <function run at 0x7a38f9312c00>
  File "/usr/lib/python3.12/asyncio/runners.py", line 194, in run
    return runner.run(main)
           │      │   └ <coroutine object Server.serve at 0x7a38f9d449e0>
           │      └ <function Runner.run at 0x7a38f9372340>
           └ <asyncio.runners.Runner object at 0x7a38f9b1d370>
  File "/usr/lib/python3.12/asyncio/runners.py", line 118, in run
    return self._loop.run_until_complete(task)
           │    │     │                  └ <Task pending name='Task-1' coro=<Server.serve() running at /home/serg/PycharmProjects/WordChain/backend/.venv/lib/python3.12...
           │    │     └ <function BaseEventLoop.run_until_complete at 0x7a38f936bf60>
           │    └ <_UnixSelectorEventLoop running=True closed=False debug=False>
           └ <asyncio.runners.Runner object at 0x7a38f9b1d370>
  File "/usr/lib/python3.12/asyncio/base_events.py", line 674, in run_until_complete
    self.run_forever()
    │    └ <function BaseEventLoop.run_forever at 0x7a38f936bec0>
    └ <_UnixSelectorEventLoop running=True closed=False debug=False>
  File "/usr/lib/python3.12/asyncio/base_events.py", line 641, in run_forever
    self._run_once()
    │    └ <function BaseEventLoop._run_once at 0x7a38f9371d00>
    └ <_UnixSelectorEventLoop running=True closed=False debug=False>
  File "/usr/lib/python3.12/asyncio/base_events.py", line 1987, in _run_once
    handle._run()
    │      └ <function Handle._run at 0x7a38f9aca200>
    └ <Handle Task.task_wakeup(<Future finished result=True>)>
  File "/usr/lib/python3.12/asyncio/events.py", line 88, in _run
    self._context.run(self._callback, *self._args)
    │    │            │    │           │    └ <member '_args' of 'Handle' objects>
    │    │            │    │           └ <Handle Task.task_wakeup(<Future finished result=True>)>
    │    │            │    └ <member '_callback' of 'Handle' objects>
    │    │            └ <Handle Task.task_wakeup(<Future finished result=True>)>
    │    └ <member '_context' of 'Handle' objects>
    └ <Handle Task.task_wakeup(<Future finished result=True>)>
  File "/home/serg/PycharmProjects/WordChain/backend/.venv/lib/python3.12/site-packages/uvicorn/protocols/http/h11_impl.py", line 410, in run_asgi
    result = await app(  # type: ignore[func-returns-value]
                   └ <uvicorn.middleware.proxy_headers.ProxyHeadersMiddleware object at 0x7a38f8fdf0e0>
  File "/home/serg/PycharmProjects/WordChain/backend/.venv/lib/python3.12/site-packages/uvicorn/middleware/proxy_headers.py", line 60, in __call__
    return await self.app(scope, receive, send)
                 │    │   │      │        └ <bound method RequestResponseCycle.send of <uvicorn.protocols.http.h11_impl.RequestResponseCycle object at 0x7a38f4c2fce0>>
                 │    │   │      └ <bound method RequestResponseCycle.receive of <uvicorn.protocols.http.h11_impl.RequestResponseCycle object at 0x7a38f4c2fce0>>
                 │    │   └ {'type': 'http', 'asgi': {'version': '3.0', 'spec_version': '2.3'}, 'http_version': '1.1', 'server': ('127.0.0.1', 8000), 'cl...
                 │    └ <fastapi.applications.FastAPI object at 0x7a38f8e808c0>
                 └ <uvicorn.middleware.proxy_headers.ProxyHeadersMiddleware object at 0x7a38f8fdf0e0>
  File "/home/serg/PycharmProjects/WordChain/backend/.venv/lib/python3.12/site-packages/fastapi/applications.py", line 1135, in __call__
    await super().__call__(scope, receive, send)
                           │      │        └ <bound method RequestResponseCycle.send of <uvicorn.protocols.http.h11_impl.RequestResponseCycle object at 0x7a38f4c2fce0>>
                           │      └ <bound method RequestResponseCycle.receive of <uvicorn.protocols.http.h11_impl.RequestResponseCycle object at 0x7a38f4c2fce0>>
                           └ {'type': 'http', 'asgi': {'version': '3.0', 'spec_version': '2.3'}, 'http_version': '1.1', 'server': ('127.0.0.1', 8000), 'cl...
  File "/home/serg/PycharmProjects/WordChain/backend/.venv/lib/python3.12/site-packages/starlette/applications.py", line 107, in __call__
    await self.middleware_stack(scope, receive, send)
          │    │                │      │        └ <bound method RequestResponseCycle.send of <uvicorn.protocols.http.h11_impl.RequestResponseCycle object at 0x7a38f4c2fce0>>
          │    │                │      └ <bound method RequestResponseCycle.receive of <uvicorn.protocols.http.h11_impl.RequestResponseCycle object at 0x7a38f4c2fce0>>
          │    │                └ {'type': 'http', 'asgi': {'version': '3.0', 'spec_version': '2.3'}, 'http_version': '1.1', 'server': ('127.0.0.1', 8000), 'cl...
          │    └ <starlette.middleware.errors.ServerErrorMiddleware object at 0x7a38f4bc5340>
          └ <fastapi.applications.FastAPI object at 0x7a38f8e808c0>
  File "/home/serg/PycharmProjects/WordChain/backend/.venv/lib/python3.12/site-packages/starlette/middleware/errors.py", line 164, in __call__
    await self.app(scope, receive, _send)
          │    │   │      │        └ <function ServerErrorMiddleware.__call__.<locals>._send at 0x7a38f4c399e0>
          │    │   │      └ <bound method RequestResponseCycle.receive of <uvicorn.protocols.http.h11_impl.RequestResponseCycle object at 0x7a38f4c2fce0>>
          │    │   └ {'type': 'http', 'asgi': {'version': '3.0', 'spec_version': '2.3'}, 'http_version': '1.1', 'server': ('127.0.0.1', 8000), 'cl...
          │    └ <starlette.middleware.base.BaseHTTPMiddleware object at 0x7a38f5273d70>
          └ <starlette.middleware.errors.ServerErrorMiddleware object at 0x7a38f4bc5340>
  File "/home/serg/PycharmProjects/WordChain/backend/.venv/lib/python3.12/site-packages/starlette/middleware/base.py", line 193, in __call__
    response = await self.dispatch_func(request, call_next)
                     │    │             │        └ <function BaseHTTPMiddleware.__call__.<locals>.call_next at 0x7a38f4bda160>
                     │    │             └ <starlette.middleware.base._CachedRequest object at 0x7a38f4c2f080>
                     │    └ <function log_requests at 0x7a38f4ba6700>
                     └ <starlette.middleware.base.BaseHTTPMiddleware object at 0x7a38f5273d70>

> File "/home/serg/PycharmProjects/WordChain/backend/app/main.py", line 72, in log_requests
    response = await call_next(request)
                     │         └ <starlette.middleware.base._CachedRequest object at 0x7a38f4c2f080>
                     └ <function BaseHTTPMiddleware.__call__.<locals>.call_next at 0x7a38f4bda160>

  File "/home/serg/PycharmProjects/WordChain/backend/.venv/lib/python3.12/site-packages/starlette/middleware/base.py", line 168, in call_next
    raise app_exc from app_exc.__cause__ or app_exc.__context__
          │            │       │            │       └ <attribute '__context__' of 'BaseException' objects>
          │            │       │            └ BadRequestError('Error code: 400 - {\'error\': {\'message\': "Invalid type for \'input[0]\': expected an input item, but got ...
          │            │       └ <attribute '__cause__' of 'BaseException' objects>
          │            └ BadRequestError('Error code: 400 - {\'error\': {\'message\': "Invalid type for \'input[0]\': expected an input item, but got ...
          └ BadRequestError('Error code: 400 - {\'error\': {\'message\': "Invalid type for \'input[0]\': expected an input item, but got ...
  File "/home/serg/PycharmProjects/WordChain/backend/.venv/lib/python3.12/site-packages/starlette/middleware/base.py", line 144, in coro
    await self.app(scope, receive_or_disconnect, send_no_error)
          │    │   │      │                      └ <function BaseHTTPMiddleware.__call__.<locals>.call_next.<locals>.send_no_error at 0x7a38f424c220>
          │    │   │      └ <function BaseHTTPMiddleware.__call__.<locals>.call_next.<locals>.receive_or_disconnect at 0x7a38f4bda3e0>
          │    │   └ {'type': 'http', 'asgi': {'version': '3.0', 'spec_version': '2.3'}, 'http_version': '1.1', 'server': ('127.0.0.1', 8000), 'cl...
          │    └ <starlette.middleware.cors.CORSMiddleware object at 0x7a38f4bc5280>
          └ <starlette.middleware.base.BaseHTTPMiddleware object at 0x7a38f5273d70>
  File "/home/serg/PycharmProjects/WordChain/backend/.venv/lib/python3.12/site-packages/starlette/middleware/cors.py", line 93, in __call__
    await self.simple_response(scope, receive, send, request_headers=headers)
          │    │               │      │        │                     └ Headers({'host': '127.0.0.1:8000', 'connection': 'keep-alive', 'content-length': '28', 'sec-ch-ua-platform': '"Linux"', 'auth...
          │    │               │      │        └ <function BaseHTTPMiddleware.__call__.<locals>.call_next.<locals>.send_no_error at 0x7a38f424c220>
          │    │               │      └ <function BaseHTTPMiddleware.__call__.<locals>.call_next.<locals>.receive_or_disconnect at 0x7a38f4bda3e0>
          │    │               └ {'type': 'http', 'asgi': {'version': '3.0', 'spec_version': '2.3'}, 'http_version': '1.1', 'server': ('127.0.0.1', 8000), 'cl...
          │    └ <function CORSMiddleware.simple_response at 0x7a38f815f740>
          └ <starlette.middleware.cors.CORSMiddleware object at 0x7a38f4bc5280>
  File "/home/serg/PycharmProjects/WordChain/backend/.venv/lib/python3.12/site-packages/starlette/middleware/cors.py", line 144, in simple_response
    await self.app(scope, receive, send)
          │    │   │      │        └ functools.partial(<bound method CORSMiddleware.send of <starlette.middleware.cors.CORSMiddleware object at 0x7a38f4bc5280>>, ...
          │    │   │      └ <function BaseHTTPMiddleware.__call__.<locals>.call_next.<locals>.receive_or_disconnect at 0x7a38f4bda3e0>
          │    │   └ {'type': 'http', 'asgi': {'version': '3.0', 'spec_version': '2.3'}, 'http_version': '1.1', 'server': ('127.0.0.1', 8000), 'cl...
          │    └ <starlette.middleware.exceptions.ExceptionMiddleware object at 0x7a38f4bc52e0>
          └ <starlette.middleware.cors.CORSMiddleware object at 0x7a38f4bc5280>
  File "/home/serg/PycharmProjects/WordChain/backend/.venv/lib/python3.12/site-packages/starlette/middleware/exceptions.py", line 63, in __call__
    await wrap_app_handling_exceptions(self.app, conn)(scope, receive, send)
          │                            │    │    │     │      │        └ functools.partial(<bound method CORSMiddleware.send of <starlette.middleware.cors.CORSMiddleware object at 0x7a38f4bc5280>>, ...
          │                            │    │    │     │      └ <function BaseHTTPMiddleware.__call__.<locals>.call_next.<locals>.receive_or_disconnect at 0x7a38f4bda3e0>
          │                            │    │    │     └ {'type': 'http', 'asgi': {'version': '3.0', 'spec_version': '2.3'}, 'http_version': '1.1', 'server': ('127.0.0.1', 8000), 'cl...
          │                            │    │    └ <starlette.requests.Request object at 0x7a38f4c2f380>
          │                            │    └ <fastapi.middleware.asyncexitstack.AsyncExitStackMiddleware object at 0x7a38f4bc52b0>
          │                            └ <starlette.middleware.exceptions.ExceptionMiddleware object at 0x7a38f4bc52e0>
          └ <function wrap_app_handling_exceptions at 0x7a38f810d6c0>
  File "/home/serg/PycharmProjects/WordChain/backend/.venv/lib/python3.12/site-packages/starlette/_exception_handler.py", line 53, in wrapped_app
    raise exc
  File "/home/serg/PycharmProjects/WordChain/backend/.venv/lib/python3.12/site-packages/starlette/_exception_handler.py", line 42, in wrapped_app
    await app(scope, receive, sender)
          │   │      │        └ <function wrap_app_handling_exceptions.<locals>.wrapped_app.<locals>.sender at 0x7a38f424c540>
          │   │      └ <function BaseHTTPMiddleware.__call__.<locals>.call_next.<locals>.receive_or_disconnect at 0x7a38f4bda3e0>
          │   └ {'type': 'http', 'asgi': {'version': '3.0', 'spec_version': '2.3'}, 'http_version': '1.1', 'server': ('127.0.0.1', 8000), 'cl...
          └ <fastapi.middleware.asyncexitstack.AsyncExitStackMiddleware object at 0x7a38f4bc52b0>
  File "/home/serg/PycharmProjects/WordChain/backend/.venv/lib/python3.12/site-packages/fastapi/middleware/asyncexitstack.py", line 18, in __call__
    await self.app(scope, receive, send)
          │    │   │      │        └ <function wrap_app_handling_exceptions.<locals>.wrapped_app.<locals>.sender at 0x7a38f424c540>
          │    │   │      └ <function BaseHTTPMiddleware.__call__.<locals>.call_next.<locals>.receive_or_disconnect at 0x7a38f4bda3e0>
          │    │   └ {'type': 'http', 'asgi': {'version': '3.0', 'spec_version': '2.3'}, 'http_version': '1.1', 'server': ('127.0.0.1', 8000), 'cl...
          │    └ <fastapi.routing.APIRouter object at 0x7a38f4b781d0>
          └ <fastapi.middleware.asyncexitstack.AsyncExitStackMiddleware object at 0x7a38f4bc52b0>
  File "/home/serg/PycharmProjects/WordChain/backend/.venv/lib/python3.12/site-packages/starlette/routing.py", line 716, in __call__
    await self.middleware_stack(scope, receive, send)
          │    │                │      │        └ <function wrap_app_handling_exceptions.<locals>.wrapped_app.<locals>.sender at 0x7a38f424c540>
          │    │                │      └ <function BaseHTTPMiddleware.__call__.<locals>.call_next.<locals>.receive_or_disconnect at 0x7a38f4bda3e0>
          │    │                └ {'type': 'http', 'asgi': {'version': '3.0', 'spec_version': '2.3'}, 'http_version': '1.1', 'server': ('127.0.0.1', 8000), 'cl...
          │    └ <bound method Router.app of <fastapi.routing.APIRouter object at 0x7a38f4b781d0>>
          └ <fastapi.routing.APIRouter object at 0x7a38f4b781d0>
  File "/home/serg/PycharmProjects/WordChain/backend/.venv/lib/python3.12/site-packages/starlette/routing.py", line 736, in app
    await route.handle(scope, receive, send)
          │     │      │      │        └ <function wrap_app_handling_exceptions.<locals>.wrapped_app.<locals>.sender at 0x7a38f424c540>
          │     │      │      └ <function BaseHTTPMiddleware.__call__.<locals>.call_next.<locals>.receive_or_disconnect at 0x7a38f4bda3e0>
          │     │      └ {'type': 'http', 'asgi': {'version': '3.0', 'spec_version': '2.3'}, 'http_version': '1.1', 'server': ('127.0.0.1', 8000), 'cl...
          │     └ <function Route.handle at 0x7a38f810eca0>
          └ APIRoute(path='/get_sentences', name='get_sentences', methods=['POST'])
  File "/home/serg/PycharmProjects/WordChain/backend/.venv/lib/python3.12/site-packages/starlette/routing.py", line 290, in handle
    await self.app(scope, receive, send)
          │    │   │      │        └ <function wrap_app_handling_exceptions.<locals>.wrapped_app.<locals>.sender at 0x7a38f424c540>
          │    │   │      └ <function BaseHTTPMiddleware.__call__.<locals>.call_next.<locals>.receive_or_disconnect at 0x7a38f4bda3e0>
          │    │   └ {'type': 'http', 'asgi': {'version': '3.0', 'spec_version': '2.3'}, 'http_version': '1.1', 'server': ('127.0.0.1', 8000), 'cl...
          │    └ <function request_response.<locals>.app at 0x7a38f4ba6480>
          └ APIRoute(path='/get_sentences', name='get_sentences', methods=['POST'])
  File "/home/serg/PycharmProjects/WordChain/backend/.venv/lib/python3.12/site-packages/fastapi/routing.py", line 120, in app
    await wrap_app_handling_exceptions(app, request)(scope, receive, send)
          │                            │    │        │      │        └ <function wrap_app_handling_exceptions.<locals>.wrapped_app.<locals>.sender at 0x7a38f424c540>
          │                            │    │        │      └ <function BaseHTTPMiddleware.__call__.<locals>.call_next.<locals>.receive_or_disconnect at 0x7a38f4bda3e0>
          │                            │    │        └ {'type': 'http', 'asgi': {'version': '3.0', 'spec_version': '2.3'}, 'http_version': '1.1', 'server': ('127.0.0.1', 8000), 'cl...
          │                            │    └ <starlette.requests.Request object at 0x7a38f4c2f770>
          │                            └ <function request_response.<locals>.app.<locals>.app at 0x7a38f424c720>
          └ <function wrap_app_handling_exceptions at 0x7a38f810d6c0>
  File "/home/serg/PycharmProjects/WordChain/backend/.venv/lib/python3.12/site-packages/starlette/_exception_handler.py", line 53, in wrapped_app
    raise exc
  File "/home/serg/PycharmProjects/WordChain/backend/.venv/lib/python3.12/site-packages/starlette/_exception_handler.py", line 42, in wrapped_app
    await app(scope, receive, sender)
          │   │      │        └ <function wrap_app_handling_exceptions.<locals>.wrapped_app.<locals>.sender at 0x7a38f424c360>
          │   │      └ <function BaseHTTPMiddleware.__call__.<locals>.call_next.<locals>.receive_or_disconnect at 0x7a38f4bda3e0>
          │   └ {'type': 'http', 'asgi': {'version': '3.0', 'spec_version': '2.3'}, 'http_version': '1.1', 'server': ('127.0.0.1', 8000), 'cl...
          └ <function request_response.<locals>.app.<locals>.app at 0x7a38f424c720>
  File "/home/serg/PycharmProjects/WordChain/backend/.venv/lib/python3.12/site-packages/fastapi/routing.py", line 106, in app
    response = await f(request)
                     │ └ <starlette.requests.Request object at 0x7a38f4c2f770>
                     └ <function get_request_handler.<locals>.app at 0x7a38f4ba6340>
  File "/home/serg/PycharmProjects/WordChain/backend/.venv/lib/python3.12/site-packages/fastapi/routing.py", line 427, in app
    raw_response = await run_endpoint_function(
                         └ <function run_endpoint_function at 0x7a38f8124c20>
  File "/home/serg/PycharmProjects/WordChain/backend/.venv/lib/python3.12/site-packages/fastapi/routing.py", line 313, in run_endpoint_function
    return await dependant.call(**values)
                 │         │      └ {'req': WordReadRequest(user_id=2, word='quiet')}
                 │         └ <function get_sentences at 0x7a38f4b5eac0>
                 └ Dependant(path_params=[], query_params=[], header_params=[], cookie_params=[], body_params=[ModelField(field_info=Body(Pydant...

  File "/home/serg/PycharmProjects/WordChain/backend/app/routers/get_word.py", line 96, in get_sentences
    result = await word_sentences(req.word)  # -> List[str]
                   │              │   └ 'quiet'
                   │              └ WordReadRequest(user_id=2, word='quiet')
                   └ <function word_sentences at 0x7a38f4de8180>

  File "/home/serg/PycharmProjects/WordChain/backend/app/services/word_service.py", line 281, in word_sentences
    sentences = await _ask_text(prompt, max_tokens=200)
                      │         └ ('G', 'e', 'n', 'e', 'r', 'a', 't', 'e', ' ', 'e', 'x', 'a', 'c', 't', 'l', 'y', ' ', '6', ' ', 'e', 'x', 'a', 'm', 'p', 'l',...
                      └ <function _ask_text at 0x7a38f4dcfce0>

  File "/home/serg/PycharmProjects/WordChain/backend/app/services/word_service.py", line 81, in _ask_text
    resp = await client.responses.create(
                 │      │         └ <function AsyncResponses.create at 0x7a38e7859a80>
                 │      └ <openai.resources.responses.responses.AsyncResponses object at 0x7a38f4258770>
                 └ <openai.AsyncOpenAI object at 0x7a38f5c34980>

  File "/home/serg/PycharmProjects/WordChain/backend/.venv/lib/python3.12/site-packages/openai/resources/responses/responses.py", line 2622, in create
    return await self._post(
                 │    └ <bound method AsyncAPIClient.post of <openai.AsyncOpenAI object at 0x7a38f5c34980>>
                 └ <openai.resources.responses.responses.AsyncResponses object at 0x7a38f4258770>
  File "/home/serg/PycharmProjects/WordChain/backend/.venv/lib/python3.12/site-packages/openai/_base_client.py", line 1931, in post
    return await self.request(cast_to, opts, stream=stream, stream_cls=stream_cls)
                 │    │       │        │            │                  └ openai.AsyncStream[typing.Annotated[typing.Union[openai.types.responses.response_audio_delta_event.ResponseAudioDeltaEvent, o...
                 │    │       │        │            └ False
                 │    │       │        └ FinalRequestOptions(method='post', url='/responses', params={}, headers=NOT_GIVEN, max_retries=NOT_GIVEN, timeout=NOT_GIVEN, ...
                 │    │       └ <class 'openai.types.responses.response.Response'>
                 │    └ <function AsyncAPIClient.request at 0x7a38f54d00e0>
                 └ <openai.AsyncOpenAI object at 0x7a38f5c34980>
  File "/home/serg/PycharmProjects/WordChain/backend/.venv/lib/python3.12/site-packages/openai/_base_client.py", line 1716, in request
    raise self._make_status_error_from_response(err.response) from None
          │    └ <function BaseClient._make_status_error_from_response at 0x7a38f54c8f40>
          └ <openai.AsyncOpenAI object at 0x7a38f5c34980>

openai.BadRequestError: Error code: 400 - {'error': {'message': "Invalid type for 'input[0]': expected an input item, but got a string instead.", 'type': 'invalid_request_error', 'param': 'input[0]', 'code': 'invalid_type'}}
2026-05-23 16:03:21.547 | INFO     | app.main:log_requests:69 - Incoming request: POST http://127.0.0.1:8000/frontend-log
2026-05-23 16:03:21.549 | INFO     | app.main:log_requests:69 - Incoming request: POST http://127.0.0.1:8000/frontend-log
2026-05-23 16:03:21.550 | INFO     | app.routers.logs:receive_frontend_logs:10 - [ERROR] get_sentences request failed {'error': 'Failed to fetch'}
2026-05-23 16:03:21.550 | INFO     | app.routers.logs:receive_frontend_logs:10 - [ERROR] Sentences fetch failed {'error': 'Failed to fetch'}
2026-05-23 16:03:21.550 | INFO     | app.main:log_requests:77 - Response status: 200
2026-05-23 16:03:21.553 | INFO     | app.main:log_requests:77 - Response status: 200
2026-05-23 16:04:27.929 | INFO     | app.main:log_requests:69 - Incoming request: POST http://127.0.0.1:8000/frontend-log
2026-05-23 16:04:27.930 | INFO     | app.main:log_requests:69 - Incoming request: POST http://127.0.0.1:8000/get_sentences
2026-05-23 16:04:27.931 | INFO     | app.routers.logs:receive_frontend_logs:10 - [INFO] get_sentences request shape {'endpoint': '/get_sentences', 'method': 'POST', 'hasEndpoint': True, 'hasWord': True, 'hasUser': True}
2026-05-23 16:04:27.932 | INFO     | app.main:log_requests:77 - Response status: 200
2026-05-23 16:04:27.932 | INFO     | app.routers.get_word:get_sentences:93 - Get sentences attempt: user_id=2 word='quiet'
2026-05-23 16:04:30.678 | INFO     | app.routers.get_word:get_sentences:99 - Get sentences success: quiet
2026-05-23 16:04:30.678 | INFO     | app.main:log_requests:77 - Response status: 200
2026-05-23 16:04:30.682 | INFO     | app.main:log_requests:69 - Incoming request: POST http://127.0.0.1:8000/frontend-log
2026-05-23 16:04:30.682 | INFO     | app.routers.logs:receive_frontend_logs:10 - [INFO] get_sentences response shape {'keys': ['word', 'translation', 'part_of_speech', 'transcription', 'examples', 'synonyms', 'antonyms', 'created_at', 'updated_at']}
2026-05-23 16:04:30.682 | INFO     | app.main:log_requests:77 - Response status: 200
2026-05-23 16:17:02.328 | INFO     | app.main:log_requests:69 - Incoming request: OPTIONS http://127.0.0.1:8000/frontend-log
2026-05-23 16:17:02.329 | INFO     | app.main:log_requests:69 - Incoming request: OPTIONS http://127.0.0.1:8000/frontend-log
2026-05-23 16:17:02.329 | INFO     | app.main:log_requests:77 - Response status: 200
2026-05-23 16:17:02.330 | INFO     | app.main:log_requests:69 - Incoming request: OPTIONS http://127.0.0.1:8000/frontend-log
2026-05-23 16:17:02.331 | INFO     | app.main:log_requests:69 - Incoming request: OPTIONS http://127.0.0.1:8000/me
2026-05-23 16:17:02.331 | INFO     | app.main:log_requests:77 - Response status: 200
2026-05-23 16:17:02.332 | INFO     | app.main:log_requests:77 - Response status: 200
2026-05-23 16:17:02.333 | INFO     | app.main:log_requests:77 - Response status: 200
2026-05-23 16:17:02.334 | INFO     | app.main:log_requests:69 - Incoming request: POST http://127.0.0.1:8000/frontend-log
2026-05-23 16:17:02.335 | INFO     | app.routers.logs:receive_frontend_logs:10 - [INFO] Translate screen render start {}
2026-05-23 16:17:02.336 | INFO     | app.main:log_requests:77 - Response status: 200
2026-05-23 16:17:02.337 | INFO     | app.main:log_requests:69 - Incoming request: POST http://127.0.0.1:8000/frontend-log
2026-05-23 16:17:02.339 | INFO     | app.main:log_requests:69 - Incoming request: POST http://127.0.0.1:8000/frontend-log
2026-05-23 16:17:02.339 | INFO     | app.main:log_requests:69 - Incoming request: GET http://127.0.0.1:8000/me
2026-05-23 16:17:02.355 | INFO     | app.routers.logs:receive_frontend_logs:10 - [INFO] Translate screen node {'found': True}
2026-05-23 16:17:02.356 | INFO     | app.main:log_requests:77 - Response status: 200
2026-05-23 16:17:02.357 | INFO     | app.routers.logs:receive_frontend_logs:10 - [INFO] Me request shape {'endpoint': '/me', 'method': 'GET', 'hasToken': True}
2026-05-23 16:17:02.358 | INFO     | app.main:log_requests:77 - Response status: 200
2026-05-23 16:17:02.360 | INFO     | app.routers.auth:get_me:53 - Get current user. 2 - Sergey
2026-05-23 16:17:02.361 | INFO     | app.main:log_requests:77 - Response status: 200
2026-05-23 16:17:02.403 | INFO     | app.main:log_requests:69 - Incoming request: POST http://127.0.0.1:8000/frontend-log
2026-05-23 16:17:02.404 | INFO     | app.main:log_requests:69 - Incoming request: POST http://127.0.0.1:8000/frontend-log
2026-05-23 16:17:02.405 | INFO     | app.routers.logs:receive_frontend_logs:10 - [INFO] Me response shape {'keys': ['nickname', 'email', 'avatar_url', 'is_guest', 'is_premium', 'id', 'created_at', 'last_login'], 'isGuest': False}
2026-05-23 16:17:02.405 | INFO     | app.routers.logs:receive_frontend_logs:10 - [INFO] Init user success {'hasUser': True}
2026-05-23 16:17:02.406 | INFO     | app.main:log_requests:77 - Response status: 200
2026-05-23 16:17:02.407 | INFO     | app.main:log_requests:77 - Response status: 200
2026-05-23 16:17:11.696 | INFO     | app.main:log_requests:69 - Incoming request: OPTIONS http://127.0.0.1:8000/frontend-log
2026-05-23 16:17:11.696 | INFO     | app.main:log_requests:69 - Incoming request: OPTIONS http://127.0.0.1:8000/get_sets
2026-05-23 16:17:11.697 | INFO     | app.main:log_requests:77 - Response status: 200
2026-05-23 16:17:11.700 | INFO     | app.main:log_requests:77 - Response status: 200
2026-05-23 16:17:11.703 | INFO     | app.main:log_requests:69 - Incoming request: POST http://127.0.0.1:8000/get_sets
2026-05-23 16:17:11.704 | INFO     | app.main:log_requests:69 - Incoming request: POST http://127.0.0.1:8000/frontend-log
2026-05-23 16:17:11.705 | INFO     | app.routers.get_sets:get_sets:11 - Getting Sets attempt: name='Sergey'
2026-05-23 16:17:11.707 | INFO     | app.routers.logs:receive_frontend_logs:10 - [INFO] Sets screen render start {}
2026-05-23 16:17:11.707 | INFO     | app.main:log_requests:77 - Response status: 200
2026-05-23 16:17:11.719 | INFO     | app.routers.get_sets:get_sets:16 - Getting Sets success: [{'id': 1, 'name': 'Set-1', 'word_ids': [6, 5, 4, 3, 2, 1]}, {'id': 2, 'name': 'Set-2', 'word_ids': [12, 11, 10, 9, 8, 7]}, {'id': 5, 'name': 'Set-3', 'word_ids': [30, 29, 28, 27, 26, 25]}, {'id': 6, 'name': 'Set-4', 'word_ids': [36, 35, 34, 33, 32, 31]}, {'id': 7, 'name': 'Set-5', 'word_ids': [42, 41, 40, 39, 38, 37]}, {'id': 8, 'name': 'Set-6', 'word_ids': [48, 47, 46, 45, 44, 43]}, {'id': 9, 'name': 'Set-7', 'word_ids': [54, 53, 52, 51, 50, 49]}]
2026-05-23 16:17:11.720 | INFO     | app.main:log_requests:77 - Response status: 200
2026-05-23 16:17:11.763 | INFO     | app.main:log_requests:69 - Incoming request: POST http://127.0.0.1:8000/frontend-log
2026-05-23 16:17:11.764 | INFO     | app.routers.logs:receive_frontend_logs:10 - [INFO] Get sets of Sergey request sent {}
2026-05-23 16:17:11.764 | INFO     | app.main:log_requests:77 - Response status: 200
2026-05-23 16:17:12.723 | INFO     | app.main:log_requests:69 - Incoming request: OPTIONS http://127.0.0.1:8000/get_words
2026-05-23 16:17:12.723 | INFO     | app.main:log_requests:77 - Response status: 200
2026-05-23 16:17:12.725 | INFO     | app.main:log_requests:69 - Incoming request: POST http://127.0.0.1:8000/get_words
2026-05-23 16:17:12.726 | INFO     | app.routers.get_words_from_set:get_words:11 - Getting Sets attempt: word_ids=[6, 5, 4, 3, 2, 1]
2026-05-23 16:17:12.726 | INFO     | app.services.set_service:get_words_from_set:128 - [GET WORDS] Start fetching words for IDs: [6, 5, 4, 3, 2, 1]
2026-05-23 16:17:12.726 | INFO     | app.services.set_service:get_words_from_set:131 - [GET WORDS] Fetching words for ID: 6
2026-05-23 16:17:12.731 | INFO     | app.services.set_service:get_words_from_set:139 - [GET WORDS] Found word: id=6, word='seize'
2026-05-23 16:17:12.731 | INFO     | app.services.set_service:get_words_from_set:131 - [GET WORDS] Fetching words for ID: 5
2026-05-23 16:17:12.733 | INFO     | app.services.set_service:get_words_from_set:139 - [GET WORDS] Found word: id=5, word='settle'
2026-05-23 16:17:12.733 | INFO     | app.services.set_service:get_words_from_set:131 - [GET WORDS] Fetching words for ID: 4
2026-05-23 16:17:12.735 | INFO     | app.services.set_service:get_words_from_set:139 - [GET WORDS] Found word: id=4, word='suit'
2026-05-23 16:17:12.735 | INFO     | app.services.set_service:get_words_from_set:131 - [GET WORDS] Fetching words for ID: 3
2026-05-23 16:17:12.737 | INFO     | app.services.set_service:get_words_from_set:139 - [GET WORDS] Found word: id=3, word='request'
2026-05-23 16:17:12.737 | INFO     | app.services.set_service:get_words_from_set:131 - [GET WORDS] Fetching words for ID: 2
2026-05-23 16:17:12.739 | INFO     | app.services.set_service:get_words_from_set:139 - [GET WORDS] Found word: id=2, word='rise'
2026-05-23 16:17:12.740 | INFO     | app.services.set_service:get_words_from_set:131 - [GET WORDS] Fetching words for ID: 1
2026-05-23 16:17:12.741 | INFO     | app.services.set_service:get_words_from_set:139 - [GET WORDS] Found word: id=1, word='enterprise'
2026-05-23 16:17:12.741 | INFO     | app.services.set_service:get_words_from_set:141 - [GET WORDS] Final result list: [{'id': 6, 'word': 'seize'}, {'id': 5, 'word': 'settle'}, {'id': 4, 'word': 'suit'}, {'id': 3, 'word': 'request'}, {'id': 2, 'word': 'rise'}, {'id': 1, 'word': 'enterprise'}]
2026-05-23 16:17:12.742 | INFO     | app.routers.get_words_from_set:get_words:16 - Getting Sets success: [{'id': 6, 'word': 'seize'}, {'id': 5, 'word': 'settle'}, {'id': 4, 'word': 'suit'}, {'id': 3, 'word': 'request'}, {'id': 2, 'word': 'rise'}, {'id': 1, 'word': 'enterprise'}]
2026-05-23 16:17:12.742 | INFO     | app.main:log_requests:77 - Response status: 200
2026-05-23 16:17:12.745 | INFO     | app.main:log_requests:69 - Incoming request: POST http://127.0.0.1:8000/frontend-log
2026-05-23 16:17:12.746 | INFO     | app.routers.logs:receive_frontend_logs:10 - [INFO] Get words from Set-1 request sent {}
2026-05-23 16:17:12.746 | INFO     | app.main:log_requests:77 - Response status: 200
2026-05-23 16:17:13.800 | INFO     | app.main:log_requests:69 - Incoming request: POST http://127.0.0.1:8000/frontend-log
2026-05-23 16:17:13.801 | INFO     | app.main:log_requests:69 - Incoming request: POST http://127.0.0.1:8000/frontend-log
2026-05-23 16:17:13.803 | INFO     | app.main:log_requests:69 - Incoming request: POST http://127.0.0.1:8000/frontend-log
2026-05-23 16:17:13.804 | INFO     | app.routers.logs:receive_frontend_logs:10 - [INFO] Word seize clicked {'word': 'seize'}
2026-05-23 16:17:13.804 | INFO     | app.main:log_requests:69 - Incoming request: POST http://127.0.0.1:8000/frontend-log
2026-05-23 16:17:13.806 | INFO     | app.main:log_requests:69 - Incoming request: POST http://127.0.0.1:8000/frontend-log
2026-05-23 16:17:13.806 | INFO     | app.main:log_requests:69 - Incoming request: POST http://127.0.0.1:8000/frontend-log
2026-05-23 16:17:13.807 | INFO     | app.main:log_requests:77 - Response status: 200
2026-05-23 16:17:13.808 | INFO     | app.routers.logs:receive_frontend_logs:10 - [INFO] Word screen render start {}
2026-05-23 16:17:13.809 | INFO     | app.routers.logs:receive_frontend_logs:10 - [INFO] Word screen node {'found': True}
2026-05-23 16:17:13.809 | INFO     | app.main:log_requests:77 - Response status: 200
2026-05-23 16:17:13.811 | INFO     | app.main:log_requests:77 - Response status: 200
2026-05-23 16:17:13.812 | INFO     | app.routers.logs:receive_frontend_logs:10 - [INFO] Word request from the base {}
2026-05-23 16:17:13.812 | INFO     | app.routers.logs:receive_frontend_logs:10 - [INFO] Word request start {'endpoint': '/get_word', 'word': 'seize', 'user_id': 2, 'languge': ''}
2026-05-23 16:17:13.813 | INFO     | app.routers.logs:receive_frontend_logs:10 - [INFO] get_word request shape {'endpoint': '/get_word', 'method': 'POST', 'hasEndpoint': True, 'hasWord': True, 'hasUser': True}
2026-05-23 16:17:13.813 | INFO     | app.main:log_requests:69 - Incoming request: OPTIONS http://127.0.0.1:8000/get_word
2026-05-23 16:17:13.814 | INFO     | app.main:log_requests:77 - Response status: 200
2026-05-23 16:17:13.814 | INFO     | app.main:log_requests:77 - Response status: 200
2026-05-23 16:17:13.815 | INFO     | app.main:log_requests:77 - Response status: 200
2026-05-23 16:17:13.815 | INFO     | app.main:log_requests:77 - Response status: 200
2026-05-23 16:17:13.818 | INFO     | app.main:log_requests:69 - Incoming request: POST http://127.0.0.1:8000/get_word
2026-05-23 16:17:13.819 | INFO     | app.routers.get_word:get_word:16 - Reading Word attempt: user_id=2 word='seize'
2026-05-23 16:17:13.822 | INFO     | app.routers.get_word:get_word:22 - Reading word success: seize
2026-05-23 16:17:13.822 | INFO     | app.main:log_requests:77 - Response status: 200
2026-05-23 16:17:13.866 | INFO     | app.main:log_requests:69 - Incoming request: POST http://127.0.0.1:8000/frontend-log
2026-05-23 16:17:13.867 | INFO     | app.main:log_requests:69 - Incoming request: POST http://127.0.0.1:8000/frontend-log
2026-05-23 16:17:13.868 | INFO     | app.routers.logs:receive_frontend_logs:10 - [INFO] get_word response shape {'keys': ['word', 'translation', 'part_of_speech', 'transcription', 'examples', 'synonyms', 'antonyms', 'created_at', 'updated_at']}
2026-05-23 16:17:13.868 | INFO     | app.main:log_requests:77 - Response status: 200
2026-05-23 16:17:13.869 | INFO     | app.routers.logs:receive_frontend_logs:10 - [INFO] Word details loaded {'word': 'seize', 'hasData': False}
2026-05-23 16:17:13.869 | INFO     | app.main:log_requests:77 - Response status: 200
2026-05-23 16:17:16.348 | INFO     | app.main:log_requests:69 - Incoming request: POST http://127.0.0.1:8000/frontend-log
2026-05-23 16:17:16.348 | INFO     | app.main:log_requests:69 - Incoming request: OPTIONS http://127.0.0.1:8000/get_synonyms
2026-05-23 16:17:16.349 | INFO     | app.main:log_requests:77 - Response status: 200
2026-05-23 16:17:16.349 | INFO     | app.routers.logs:receive_frontend_logs:10 - [INFO] get_synonyms request shape {'endpoint': '/get_synonyms', 'method': 'POST', 'hasEndpoint': True, 'hasWord': True, 'hasUser': True}
2026-05-23 16:17:16.350 | INFO     | app.main:log_requests:77 - Response status: 200
2026-05-23 16:17:16.352 | INFO     | app.main:log_requests:69 - Incoming request: POST http://127.0.0.1:8000/get_synonyms
2026-05-23 16:17:16.353 | INFO     | app.routers.get_word:get_synonyms:51 - Get synonyms attempt: user_id=2 word='seize'
2026-05-23 16:17:18.971 | INFO     | app.routers.get_word:get_synonyms:57 - Get synonyms success: seize
2026-05-23 16:17:18.972 | INFO     | app.main:log_requests:77 - Response status: 200
2026-05-23 16:17:18.975 | INFO     | app.main:log_requests:69 - Incoming request: POST http://127.0.0.1:8000/frontend-log
2026-05-23 16:17:18.976 | INFO     | app.routers.logs:receive_frontend_logs:10 - [INFO] get_synonyms response shape {'keys': ['word', 'translation', 'part_of_speech', 'transcription', 'examples', 'synonyms', 'antonyms', 'created_at', 'updated_at']}
2026-05-23 16:17:18.976 | INFO     | app.main:log_requests:77 - Response status: 200
2026-05-23 16:17:22.724 | INFO     | app.main:log_requests:69 - Incoming request: POST http://127.0.0.1:8000/frontend-log
2026-05-23 16:17:22.726 | INFO     | app.main:log_requests:69 - Incoming request: OPTIONS http://127.0.0.1:8000/get_sentences
2026-05-23 16:17:22.726 | INFO     | app.routers.logs:receive_frontend_logs:10 - [INFO] get_sentences request shape {'endpoint': '/get_sentences', 'method': 'POST', 'hasEndpoint': True, 'hasWord': True, 'hasUser': True}
2026-05-23 16:17:22.726 | INFO     | app.main:log_requests:77 - Response status: 200
2026-05-23 16:17:22.727 | INFO     | app.main:log_requests:77 - Response status: 200
2026-05-23 16:17:22.731 | INFO     | app.main:log_requests:69 - Incoming request: POST http://127.0.0.1:8000/get_sentences
2026-05-23 16:17:22.732 | INFO     | app.routers.get_word:get_sentences:93 - Get sentences attempt: user_id=2 word='seize'
2026-05-23 16:17:24.585 | INFO     | app.routers.get_word:get_sentences:99 - Get sentences success: seize
2026-05-23 16:17:24.586 | INFO     | app.main:log_requests:77 - Response status: 200
2026-05-23 16:17:24.631 | INFO     | app.main:log_requests:69 - Incoming request: POST http://127.0.0.1:8000/frontend-log
2026-05-23 16:17:24.631 | INFO     | app.routers.logs:receive_frontend_logs:10 - [INFO] get_sentences response shape {'keys': ['word', 'translation', 'part_of_speech', 'transcription', 'examples', 'synonyms', 'antonyms', 'created_at', 'updated_at']}
2026-05-23 16:17:24.632 | INFO     | app.main:log_requests:77 - Response status: 200
2026-05-23 16:19:26.618 | INFO     | app.main:log_requests:69 - Incoming request: POST http://127.0.0.1:8000/frontend-log
2026-05-23 16:19:26.619 | INFO     | app.main:log_requests:69 - Incoming request: OPTIONS http://127.0.0.1:8000/get_antonyms
2026-05-23 16:19:26.619 | INFO     | app.routers.logs:receive_frontend_logs:10 - [INFO] get_antonyms request shape {'endpoint': '/get_antonyms', 'method': 'POST', 'hasEndpoint': True, 'hasWord': True, 'hasUser': True}
2026-05-23 16:19:26.619 | INFO     | app.main:log_requests:77 - Response status: 200
2026-05-23 16:19:26.620 | INFO     | app.main:log_requests:77 - Response status: 200
2026-05-23 16:19:26.622 | INFO     | app.main:log_requests:69 - Incoming request: POST http://127.0.0.1:8000/get_antonyms
2026-05-23 16:19:26.623 | INFO     | app.routers.get_word:get_antonyms:72 - Get antonyms attempt: user_id=2 word='seize'
2026-05-23 16:19:28.191 | INFO     | app.routers.get_word:get_antonyms:78 - Get antonyms success: seize
2026-05-23 16:19:28.192 | INFO     | app.main:log_requests:77 - Response status: 200
2026-05-23 16:19:28.196 | INFO     | app.main:log_requests:69 - Incoming request: POST http://127.0.0.1:8000/frontend-log
2026-05-23 16:19:28.197 | INFO     | app.routers.logs:receive_frontend_logs:10 - [INFO] get_antonyms response shape {'keys': ['word', 'translation', 'part_of_speech', 'transcription', 'examples', 'synonyms', 'antonyms', 'created_at', 'updated_at']}
2026-05-23 16:19:28.197 | INFO     | app.main:log_requests:77 - Response status: 200
2026-05-23 16:32:23.669 | INFO     | app.main:log_requests:69 - Incoming request: OPTIONS http://127.0.0.1:8000/frontend-log
2026-05-23 16:32:23.669 | INFO     | app.main:log_requests:69 - Incoming request: OPTIONS http://127.0.0.1:8000/frontend-log
2026-05-23 16:32:23.670 | INFO     | app.main:log_requests:69 - Incoming request: OPTIONS http://127.0.0.1:8000/frontend-log
2026-05-23 16:32:23.670 | INFO     | app.main:log_requests:69 - Incoming request: OPTIONS http://127.0.0.1:8000/translate
2026-05-23 16:32:23.670 | INFO     | app.main:log_requests:77 - Response status: 200
2026-05-23 16:32:23.671 | INFO     | app.main:log_requests:77 - Response status: 200
2026-05-23 16:32:23.671 | INFO     | app.main:log_requests:77 - Response status: 200
2026-05-23 16:32:23.671 | INFO     | app.main:log_requests:77 - Response status: 200
2026-05-23 16:32:23.676 | INFO     | app.main:log_requests:69 - Incoming request: POST http://127.0.0.1:8000/frontend-log
2026-05-23 16:32:23.677 | INFO     | app.main:log_requests:69 - Incoming request: POST http://127.0.0.1:8000/frontend-log
2026-05-23 16:32:23.678 | INFO     | app.main:log_requests:69 - Incoming request: POST http://127.0.0.1:8000/translate
2026-05-23 16:32:23.678 | INFO     | app.main:log_requests:69 - Incoming request: POST http://127.0.0.1:8000/frontend-log
2026-05-23 16:32:23.679 | INFO     | app.routers.logs:receive_frontend_logs:10 - [INFO] Translate request start {'word': 'fase', 'sourceLang': 'en', 'targetLang': 'ru'}
2026-05-23 16:32:23.680 | INFO     | app.routers.logs:receive_frontend_logs:10 - [INFO] Translate request shape {'endpoint': '/translate', 'method': 'POST', 'bodyShape': ['word', 'source_lang', 'target_lang'], 'bodyPreview': {'word': 'fase', 'source_lang': 'en', 'target_lang': 'ru'}}
2026-05-23 16:32:23.680 | INFO     | app.routers.translation:translate:10 - Translation attempt: fase
2026-05-23 16:32:23.681 | INFO     | app.routers.logs:receive_frontend_logs:10 - [INFO] Translate button clicked {}
2026-05-23 16:32:23.681 | INFO     | app.main:log_requests:77 - Response status: 200
2026-05-23 16:32:23.682 | INFO     | app.main:log_requests:77 - Response status: 200
2026-05-23 16:32:23.683 | INFO     | app.main:log_requests:77 - Response status: 200
2026-05-23 16:32:32.584 | SUCCESS  | app.routers.translation:translate:19 - Translation success: fase
2026-05-23 16:32:32.585 | INFO     | app.main:log_requests:77 - Response status: 200
2026-05-23 16:32:32.629 | INFO     | app.main:log_requests:69 - Incoming request: POST http://127.0.0.1:8000/frontend-log
2026-05-23 16:32:32.631 | INFO     | app.main:log_requests:69 - Incoming request: POST http://127.0.0.1:8000/frontend-log
2026-05-23 16:32:32.632 | INFO     | app.routers.logs:receive_frontend_logs:10 - [INFO] Translate response shape {'status': None, 'keys': ['word', 'translation', 'transcription', 'part_of_speech'], 'hasTranslation': True, 'hasTranscription': True, 'hasPartOfSpeech': True}
2026-05-23 16:32:32.632 | INFO     | app.main:log_requests:77 - Response status: 200
2026-05-23 16:32:32.633 | INFO     | app.routers.logs:receive_frontend_logs:10 - [INFO] Translate request success {'hasTranslation': True}
2026-05-23 16:32:32.633 | INFO     | app.main:log_requests:77 - Response status: 200
2026-05-23 16:32:42.052 | INFO     | app.main:log_requests:69 - Incoming request: POST http://127.0.0.1:8000/frontend-log
2026-05-23 16:32:42.053 | INFO     | app.main:log_requests:69 - Incoming request: POST http://127.0.0.1:8000/frontend-log
2026-05-23 16:32:42.053 | INFO     | app.main:log_requests:69 - Incoming request: POST http://127.0.0.1:8000/frontend-log
2026-05-23 16:32:42.053 | INFO     | app.main:log_requests:69 - Incoming request: POST http://127.0.0.1:8000/translate
2026-05-23 16:32:42.054 | INFO     | app.routers.logs:receive_frontend_logs:10 - [INFO] Translate button clicked {}
2026-05-23 16:32:42.054 | INFO     | app.routers.logs:receive_frontend_logs:10 - [INFO] Translate request start {'word': 'face', 'sourceLang': 'en', 'targetLang': 'ru'}
2026-05-23 16:32:42.054 | INFO     | app.main:log_requests:77 - Response status: 200
2026-05-23 16:32:42.055 | INFO     | app.routers.logs:receive_frontend_logs:10 - [INFO] Translate request shape {'endpoint': '/translate', 'method': 'POST', 'bodyShape': ['word', 'source_lang', 'target_lang'], 'bodyPreview': {'word': 'face', 'source_lang': 'en', 'target_lang': 'ru'}}
2026-05-23 16:32:42.055 | INFO     | app.routers.translation:translate:10 - Translation attempt: face
2026-05-23 16:32:42.056 | INFO     | app.main:log_requests:77 - Response status: 200
2026-05-23 16:32:42.056 | INFO     | app.main:log_requests:77 - Response status: 200
2026-05-23 16:32:44.653 | SUCCESS  | app.routers.translation:translate:19 - Translation success: face
2026-05-23 16:32:44.653 | INFO     | app.main:log_requests:77 - Response status: 200
2026-05-23 16:32:44.657 | INFO     | app.main:log_requests:69 - Incoming request: POST http://127.0.0.1:8000/frontend-log
2026-05-23 16:32:44.658 | INFO     | app.main:log_requests:69 - Incoming request: POST http://127.0.0.1:8000/frontend-log
2026-05-23 16:32:44.659 | INFO     | app.routers.logs:receive_frontend_logs:10 - [INFO] Translate response shape {'status': None, 'keys': ['word', 'translation', 'transcription', 'part_of_speech'], 'hasTranslation': True, 'hasTranscription': True, 'hasPartOfSpeech': True}
2026-05-23 16:32:44.659 | INFO     | app.routers.logs:receive_frontend_logs:10 - [INFO] Translate request success {'hasTranslation': True}
2026-05-23 16:32:44.659 | INFO     | app.main:log_requests:77 - Response status: 200
2026-05-23 16:32:44.660 | INFO     | app.main:log_requests:77 - Response status: 200
2026-05-23 16:47:59.209 | INFO     | app.main:log_requests:69 - Incoming request: OPTIONS http://127.0.0.1:8000/frontend-log
2026-05-23 16:47:59.210 | INFO     | app.main:log_requests:69 - Incoming request: OPTIONS http://127.0.0.1:8000/frontend-log
2026-05-23 16:47:59.210 | INFO     | app.main:log_requests:77 - Response status: 200
2026-05-23 16:47:59.211 | INFO     | app.main:log_requests:77 - Response status: 200
2026-05-23 16:47:59.211 | INFO     | app.main:log_requests:69 - Incoming request: OPTIONS http://127.0.0.1:8000/frontend-log
2026-05-23 16:47:59.211 | INFO     | app.main:log_requests:69 - Incoming request: OPTIONS http://127.0.0.1:8000/translate
2026-05-23 16:47:59.212 | INFO     | app.main:log_requests:77 - Response status: 200
2026-05-23 16:47:59.212 | INFO     | app.main:log_requests:77 - Response status: 200
2026-05-23 16:47:59.216 | INFO     | app.main:log_requests:69 - Incoming request: POST http://127.0.0.1:8000/frontend-log
2026-05-23 16:47:59.217 | INFO     | app.main:log_requests:69 - Incoming request: POST http://127.0.0.1:8000/frontend-log
2026-05-23 16:47:59.218 | INFO     | app.main:log_requests:69 - Incoming request: POST http://127.0.0.1:8000/frontend-log
2026-05-23 16:47:59.218 | INFO     | app.main:log_requests:69 - Incoming request: POST http://127.0.0.1:8000/translate
2026-05-23 16:47:59.219 | INFO     | app.routers.logs:receive_frontend_logs:10 - [INFO] Translate request start {'word': 'prove', 'sourceLang': 'en', 'targetLang': 'ru'}
2026-05-23 16:47:59.219 | INFO     | app.routers.logs:receive_frontend_logs:10 - [INFO] Translate button clicked {}
2026-05-23 16:47:59.220 | INFO     | app.routers.logs:receive_frontend_logs:10 - [INFO] Translate request shape {'endpoint': '/translate', 'method': 'POST', 'bodyShape': ['word', 'source_lang', 'target_lang'], 'bodyPreview': {'word': 'prove', 'source_lang': 'en', 'target_lang': 'ru'}}
2026-05-23 16:47:59.220 | INFO     | app.routers.translation:translate:10 - Translation attempt: prove
2026-05-23 16:47:59.220 | INFO     | app.main:log_requests:77 - Response status: 200
2026-05-23 16:47:59.221 | INFO     | app.main:log_requests:77 - Response status: 200
2026-05-23 16:47:59.222 | INFO     | app.main:log_requests:77 - Response status: 200
2026-05-23 16:48:02.287 | SUCCESS  | app.routers.translation:translate:19 - Translation success: prove
2026-05-23 16:48:02.288 | INFO     | app.main:log_requests:77 - Response status: 200
2026-05-23 16:48:02.331 | INFO     | app.main:log_requests:69 - Incoming request: POST http://127.0.0.1:8000/frontend-log
2026-05-23 16:48:02.332 | INFO     | app.main:log_requests:69 - Incoming request: POST http://127.0.0.1:8000/frontend-log
2026-05-23 16:48:02.332 | INFO     | app.routers.logs:receive_frontend_logs:10 - [INFO] Translate response shape {'status': None, 'keys': ['word', 'translation', 'transcription', 'part_of_speech'], 'hasTranslation': True, 'hasTranscription': True, 'hasPartOfSpeech': True}
2026-05-23 16:48:02.333 | INFO     | app.routers.logs:receive_frontend_logs:10 - [INFO] Translate request success {'hasTranslation': True}
2026-05-23 16:48:02.333 | INFO     | app.main:log_requests:77 - Response status: 200
2026-05-23 16:48:02.333 | INFO     | app.main:log_requests:77 - Response status: 200
2026-05-23 17:09:04.894 | INFO     | app.main:log_requests:69 - Incoming request: OPTIONS http://127.0.0.1:8000/frontend-log
2026-05-23 17:09:04.895 | INFO     | app.main:log_requests:69 - Incoming request: OPTIONS http://127.0.0.1:8000/get_sets
2026-05-23 17:09:04.895 | INFO     | app.main:log_requests:77 - Response status: 200
2026-05-23 17:09:04.896 | INFO     | app.main:log_requests:77 - Response status: 200
2026-05-23 17:09:04.899 | INFO     | app.main:log_requests:69 - Incoming request: POST http://127.0.0.1:8000/get_sets
2026-05-23 17:09:04.900 | INFO     | app.main:log_requests:69 - Incoming request: POST http://127.0.0.1:8000/frontend-log
2026-05-23 17:09:04.901 | INFO     | app.routers.get_sets:get_sets:11 - Getting Sets attempt: name='Sergey'
2026-05-23 17:09:04.910 | INFO     | app.routers.logs:receive_frontend_logs:10 - [INFO] Sets screen render start {}
2026-05-23 17:09:04.912 | INFO     | app.main:log_requests:77 - Response status: 200
2026-05-23 17:09:04.928 | INFO     | app.routers.get_sets:get_sets:16 - Getting Sets success: [{'id': 1, 'name': 'Set-1', 'word_ids': [6, 5, 4, 3, 2, 1]}, {'id': 2, 'name': 'Set-2', 'word_ids': [12, 11, 10, 9, 8, 7]}, {'id': 5, 'name': 'Set-3', 'word_ids': [30, 29, 28, 27, 26, 25]}, {'id': 6, 'name': 'Set-4', 'word_ids': [36, 35, 34, 33, 32, 31]}, {'id': 7, 'name': 'Set-5', 'word_ids': [42, 41, 40, 39, 38, 37]}, {'id': 8, 'name': 'Set-6', 'word_ids': [48, 47, 46, 45, 44, 43]}, {'id': 9, 'name': 'Set-7', 'word_ids': [54, 53, 52, 51, 50, 49]}]
2026-05-23 17:09:04.929 | INFO     | app.main:log_requests:77 - Response status: 200
2026-05-23 17:09:04.972 | INFO     | app.main:log_requests:69 - Incoming request: POST http://127.0.0.1:8000/frontend-log
2026-05-23 17:09:04.972 | INFO     | app.routers.logs:receive_frontend_logs:10 - [INFO] Get sets of Sergey request sent {}
2026-05-23 17:09:04.973 | INFO     | app.main:log_requests:77 - Response status: 200
2026-05-23 17:09:06.368 | INFO     | app.main:log_requests:69 - Incoming request: OPTIONS http://127.0.0.1:8000/get_words
2026-05-23 17:09:06.368 | INFO     | app.main:log_requests:77 - Response status: 200
2026-05-23 17:09:06.372 | INFO     | app.main:log_requests:69 - Incoming request: POST http://127.0.0.1:8000/get_words
2026-05-23 17:09:06.373 | INFO     | app.routers.get_words_from_set:get_words:11 - Getting Sets attempt: word_ids=[6, 5, 4, 3, 2, 1]
2026-05-23 17:09:06.373 | INFO     | app.services.set_service:get_words_from_set:128 - [GET WORDS] Start fetching words for IDs: [6, 5, 4, 3, 2, 1]
2026-05-23 17:09:06.373 | INFO     | app.services.set_service:get_words_from_set:131 - [GET WORDS] Fetching words for ID: 6
2026-05-23 17:09:06.378 | INFO     | app.services.set_service:get_words_from_set:139 - [GET WORDS] Found word: id=6, word='seize'
2026-05-23 17:09:06.378 | INFO     | app.services.set_service:get_words_from_set:131 - [GET WORDS] Fetching words for ID: 5
2026-05-23 17:09:06.381 | INFO     | app.services.set_service:get_words_from_set:139 - [GET WORDS] Found word: id=5, word='settle'
2026-05-23 17:09:06.381 | INFO     | app.services.set_service:get_words_from_set:131 - [GET WORDS] Fetching words for ID: 4
2026-05-23 17:09:06.382 | INFO     | app.services.set_service:get_words_from_set:139 - [GET WORDS] Found word: id=4, word='suit'
2026-05-23 17:09:06.382 | INFO     | app.services.set_service:get_words_from_set:131 - [GET WORDS] Fetching words for ID: 3
2026-05-23 17:09:06.384 | INFO     | app.services.set_service:get_words_from_set:139 - [GET WORDS] Found word: id=3, word='request'
2026-05-23 17:09:06.384 | INFO     | app.services.set_service:get_words_from_set:131 - [GET WORDS] Fetching words for ID: 2
2026-05-23 17:09:06.385 | INFO     | app.services.set_service:get_words_from_set:139 - [GET WORDS] Found word: id=2, word='rise'
2026-05-23 17:09:06.385 | INFO     | app.services.set_service:get_words_from_set:131 - [GET WORDS] Fetching words for ID: 1
2026-05-23 17:09:06.387 | INFO     | app.services.set_service:get_words_from_set:139 - [GET WORDS] Found word: id=1, word='enterprise'
2026-05-23 17:09:06.387 | INFO     | app.services.set_service:get_words_from_set:141 - [GET WORDS] Final result list: [{'id': 6, 'word': 'seize'}, {'id': 5, 'word': 'settle'}, {'id': 4, 'word': 'suit'}, {'id': 3, 'word': 'request'}, {'id': 2, 'word': 'rise'}, {'id': 1, 'word': 'enterprise'}]
2026-05-23 17:09:06.387 | INFO     | app.routers.get_words_from_set:get_words:16 - Getting Sets success: [{'id': 6, 'word': 'seize'}, {'id': 5, 'word': 'settle'}, {'id': 4, 'word': 'suit'}, {'id': 3, 'word': 'request'}, {'id': 2, 'word': 'rise'}, {'id': 1, 'word': 'enterprise'}]
2026-05-23 17:09:06.388 | INFO     | app.main:log_requests:77 - Response status: 200
2026-05-23 17:09:06.390 | INFO     | app.main:log_requests:69 - Incoming request: POST http://127.0.0.1:8000/frontend-log
2026-05-23 17:09:06.391 | INFO     | app.routers.logs:receive_frontend_logs:10 - [INFO] Get words from Set-1 request sent {}
2026-05-23 17:09:06.391 | INFO     | app.main:log_requests:77 - Response status: 200
2026-05-23 17:09:14.269 | INFO     | app.main:log_requests:69 - Incoming request: POST http://127.0.0.1:8000/frontend-log
2026-05-23 17:09:14.270 | INFO     | app.main:log_requests:69 - Incoming request: POST http://127.0.0.1:8000/frontend-log
2026-05-23 17:09:14.270 | INFO     | app.main:log_requests:69 - Incoming request: POST http://127.0.0.1:8000/frontend-log
2026-05-23 17:09:14.271 | INFO     | app.main:log_requests:69 - Incoming request: POST http://127.0.0.1:8000/frontend-log
2026-05-23 17:09:14.272 | INFO     | app.main:log_requests:69 - Incoming request: POST http://127.0.0.1:8000/frontend-log
2026-05-23 17:09:14.273 | INFO     | app.main:log_requests:69 - Incoming request: POST http://127.0.0.1:8000/frontend-log
2026-05-23 17:09:14.273 | INFO     | app.routers.logs:receive_frontend_logs:10 - [INFO] Word suit clicked {'word': 'suit'}
2026-05-23 17:09:14.274 | INFO     | app.routers.logs:receive_frontend_logs:10 - [INFO] Word screen render start {}
2026-05-23 17:09:14.274 | INFO     | app.routers.logs:receive_frontend_logs:10 - [INFO] Word screen node {'found': True}
2026-05-23 17:09:14.275 | INFO     | app.routers.logs:receive_frontend_logs:10 - [INFO] Word request from the base {}
2026-05-23 17:09:14.275 | INFO     | app.routers.logs:receive_frontend_logs:10 - [INFO] Word request start {'endpoint': '/get_word', 'word': 'suit', 'user_id': 2, 'languge': ''}
2026-05-23 17:09:14.275 | INFO     | app.routers.logs:receive_frontend_logs:10 - [INFO] get_word request shape {'endpoint': '/get_word', 'method': 'POST', 'hasEndpoint': True, 'hasWord': True, 'hasUser': True}
2026-05-23 17:09:14.275 | INFO     | app.main:log_requests:77 - Response status: 200
2026-05-23 17:09:14.276 | INFO     | app.main:log_requests:77 - Response status: 200
2026-05-23 17:09:14.277 | INFO     | app.main:log_requests:77 - Response status: 200
2026-05-23 17:09:14.278 | INFO     | app.main:log_requests:77 - Response status: 200
2026-05-23 17:09:14.279 | INFO     | app.main:log_requests:77 - Response status: 200
2026-05-23 17:09:14.279 | INFO     | app.main:log_requests:77 - Response status: 200
2026-05-23 17:09:14.283 | INFO     | app.main:log_requests:69 - Incoming request: OPTIONS http://127.0.0.1:8000/get_word
2026-05-23 17:09:14.284 | INFO     | app.main:log_requests:77 - Response status: 200
2026-05-23 17:09:14.285 | INFO     | app.main:log_requests:69 - Incoming request: POST http://127.0.0.1:8000/get_word
2026-05-23 17:09:14.286 | INFO     | app.routers.get_word:get_word:16 - Reading Word attempt: user_id=2 word='suit'
2026-05-23 17:09:14.290 | INFO     | app.routers.get_word:get_word:22 - Reading word success: suit
2026-05-23 17:09:14.290 | INFO     | app.main:log_requests:77 - Response status: 200
2026-05-23 17:09:14.333 | INFO     | app.main:log_requests:69 - Incoming request: POST http://127.0.0.1:8000/frontend-log
2026-05-23 17:09:14.333 | INFO     | app.main:log_requests:69 - Incoming request: POST http://127.0.0.1:8000/frontend-log
2026-05-23 17:09:14.334 | INFO     | app.routers.logs:receive_frontend_logs:10 - [INFO] get_word response shape {'keys': ['word', 'translation', 'part_of_speech', 'transcription', 'examples', 'synonyms', 'antonyms', 'created_at', 'updated_at']}
2026-05-23 17:09:14.335 | INFO     | app.main:log_requests:77 - Response status: 200
2026-05-23 17:09:14.335 | INFO     | app.routers.logs:receive_frontend_logs:10 - [INFO] Word details loaded {'word': 'suit', 'hasData': False}
2026-05-23 17:09:14.336 | INFO     | app.main:log_requests:77 - Response status: 200
2026-05-23 17:09:17.582 | INFO     | app.main:log_requests:69 - Incoming request: POST http://127.0.0.1:8000/frontend-log
2026-05-23 17:09:17.583 | INFO     | app.main:log_requests:69 - Incoming request: OPTIONS http://127.0.0.1:8000/translate
2026-05-23 17:09:17.583 | INFO     | app.main:log_requests:77 - Response status: 200
2026-05-23 17:09:17.584 | INFO     | app.routers.logs:receive_frontend_logs:10 - [INFO] Translate request shape {'endpoint': '/translate', 'method': 'POST', 'bodyShape': ['word', 'source_lang', 'target_lang'], 'bodyPreview': {'word': 'suit', 'source_lang': 'en', 'target_lang': 'ru'}}
2026-05-23 17:09:17.584 | INFO     | app.main:log_requests:77 - Response status: 200
2026-05-23 17:09:17.587 | INFO     | app.main:log_requests:69 - Incoming request: POST http://127.0.0.1:8000/translate
2026-05-23 17:09:17.588 | INFO     | app.routers.translation:translate:10 - Translation attempt: suit
2026-05-23 17:09:21.912 | SUCCESS  | app.routers.translation:translate:19 - Translation success: suit
2026-05-23 17:09:21.912 | INFO     | app.main:log_requests:77 - Response status: 200
2026-05-23 17:09:21.917 | INFO     | app.main:log_requests:69 - Incoming request: POST http://127.0.0.1:8000/frontend-log
2026-05-23 17:09:21.917 | INFO     | app.main:log_requests:69 - Incoming request: POST http://127.0.0.1:8000/frontend-log
2026-05-23 17:09:21.918 | INFO     | app.routers.logs:receive_frontend_logs:10 - [INFO] Translate response shape {'status': None, 'keys': ['word', 'translation', 'transcription', 'part_of_speech'], 'hasTranslation': True, 'hasTranscription': True, 'hasPartOfSpeech': True}
2026-05-23 17:09:21.919 | INFO     | app.routers.logs:receive_frontend_logs:10 - [INFO] Better translation result {'result': {'word': 'suit', 'translation': 'костюм, иск, подходить, соответствовать, идти, судебный иск', 'transcription': 'suːt', 'part_of_speech': 'noun'}}
2026-05-23 17:09:21.919 | INFO     | app.main:log_requests:77 - Response status: 200
2026-05-23 17:09:21.919 | INFO     | app.main:log_requests:77 - Response status: 200
2026-05-23 17:23:29.168 | INFO     | app.main:log_requests:69 - Incoming request: OPTIONS http://127.0.0.1:8000/frontend-log
2026-05-23 17:23:29.169 | INFO     | app.main:log_requests:69 - Incoming request: OPTIONS http://127.0.0.1:8000/frontend-log
2026-05-23 17:23:29.169 | INFO     | app.main:log_requests:77 - Response status: 200
2026-05-23 17:23:29.170 | INFO     | app.main:log_requests:77 - Response status: 200
2026-05-23 17:23:29.171 | INFO     | app.main:log_requests:69 - Incoming request: OPTIONS http://127.0.0.1:8000/frontend-log
2026-05-23 17:23:29.172 | INFO     | app.main:log_requests:69 - Incoming request: OPTIONS http://127.0.0.1:8000/me
2026-05-23 17:23:29.173 | INFO     | app.main:log_requests:77 - Response status: 200
2026-05-23 17:23:29.173 | INFO     | app.main:log_requests:77 - Response status: 200
2026-05-23 17:23:29.174 | INFO     | app.main:log_requests:69 - Incoming request: POST http://127.0.0.1:8000/frontend-log
2026-05-23 17:23:29.175 | INFO     | app.main:log_requests:69 - Incoming request: POST http://127.0.0.1:8000/frontend-log
2026-05-23 17:23:29.175 | INFO     | app.routers.logs:receive_frontend_logs:10 - [INFO] Translate screen render start {}
2026-05-23 17:23:29.176 | INFO     | app.main:log_requests:77 - Response status: 200
2026-05-23 17:23:29.177 | INFO     | app.routers.logs:receive_frontend_logs:10 - [INFO] Translate screen node {'found': True}
2026-05-23 17:23:29.178 | INFO     | app.main:log_requests:69 - Incoming request: POST http://127.0.0.1:8000/frontend-log
2026-05-23 17:23:29.178 | INFO     | app.main:log_requests:69 - Incoming request: GET http://127.0.0.1:8000/me
2026-05-23 17:23:29.183 | INFO     | app.main:log_requests:77 - Response status: 200
2026-05-23 17:23:29.184 | INFO     | app.routers.logs:receive_frontend_logs:10 - [INFO] Me request shape {'endpoint': '/me', 'method': 'GET', 'hasToken': True}
2026-05-23 17:23:29.185 | INFO     | app.main:log_requests:77 - Response status: 200
2026-05-23 17:23:29.187 | INFO     | app.routers.auth:get_me:53 - Get current user. 2 - Sergey
2026-05-23 17:23:29.188 | INFO     | app.main:log_requests:77 - Response status: 200
2026-05-23 17:23:29.232 | INFO     | app.main:log_requests:69 - Incoming request: POST http://127.0.0.1:8000/frontend-log
2026-05-23 17:23:29.232 | INFO     | app.main:log_requests:69 - Incoming request: POST http://127.0.0.1:8000/frontend-log
2026-05-23 17:23:29.233 | INFO     | app.routers.logs:receive_frontend_logs:10 - [INFO] Me response shape {'keys': ['nickname', 'email', 'avatar_url', 'is_guest', 'is_premium', 'id', 'created_at', 'last_login'], 'isGuest': False}
2026-05-23 17:23:29.233 | INFO     | app.routers.logs:receive_frontend_logs:10 - [INFO] Init user success {'hasUser': True}
2026-05-23 17:23:29.234 | INFO     | app.main:log_requests:77 - Response status: 200
2026-05-23 17:23:29.234 | INFO     | app.main:log_requests:77 - Response status: 200
2026-05-23 17:23:40.631 | INFO     | app.main:log_requests:69 - Incoming request: OPTIONS http://127.0.0.1:8000/frontend-log
2026-05-23 17:23:40.633 | INFO     | app.main:log_requests:69 - Incoming request: OPTIONS http://127.0.0.1:8000/get_sets
2026-05-23 17:23:40.633 | INFO     | app.main:log_requests:77 - Response status: 200
2026-05-23 17:23:40.633 | INFO     | app.main:log_requests:77 - Response status: 200
2026-05-23 17:23:40.636 | INFO     | app.main:log_requests:69 - Incoming request: POST http://127.0.0.1:8000/get_sets
2026-05-23 17:23:40.636 | INFO     | app.main:log_requests:69 - Incoming request: POST http://127.0.0.1:8000/frontend-log
2026-05-23 17:23:40.636 | INFO     | app.routers.get_sets:get_sets:11 - Getting Sets attempt: name='Sergey'
2026-05-23 17:23:40.638 | INFO     | app.routers.logs:receive_frontend_logs:10 - [INFO] Sets screen render start {}
2026-05-23 17:23:40.638 | INFO     | app.main:log_requests:77 - Response status: 200
2026-05-23 17:23:40.645 | INFO     | app.routers.get_sets:get_sets:16 - Getting Sets success: [{'id': 1, 'name': 'Set-1', 'word_ids': [6, 5, 4, 3, 2, 1]}, {'id': 2, 'name': 'Set-2', 'word_ids': [12, 11, 10, 9, 8, 7]}, {'id': 5, 'name': 'Set-3', 'word_ids': [30, 29, 28, 27, 26, 25]}, {'id': 6, 'name': 'Set-4', 'word_ids': [36, 35, 34, 33, 32, 31]}, {'id': 7, 'name': 'Set-5', 'word_ids': [42, 41, 40, 39, 38, 37]}, {'id': 8, 'name': 'Set-6', 'word_ids': [48, 47, 46, 45, 44, 43]}, {'id': 9, 'name': 'Set-7', 'word_ids': [54, 53, 52, 51, 50, 49]}]
2026-05-23 17:23:40.645 | INFO     | app.main:log_requests:77 - Response status: 200
2026-05-23 17:23:40.689 | INFO     | app.main:log_requests:69 - Incoming request: POST http://127.0.0.1:8000/frontend-log
2026-05-23 17:23:40.689 | INFO     | app.routers.logs:receive_frontend_logs:10 - [INFO] Get sets of Sergey request sent {}
2026-05-23 17:23:40.689 | INFO     | app.main:log_requests:77 - Response status: 200
2026-05-23 17:23:41.814 | INFO     | app.main:log_requests:69 - Incoming request: OPTIONS http://127.0.0.1:8000/get_words
2026-05-23 17:23:41.814 | INFO     | app.main:log_requests:77 - Response status: 200
2026-05-23 17:23:41.817 | INFO     | app.main:log_requests:69 - Incoming request: POST http://127.0.0.1:8000/get_words
2026-05-23 17:23:41.817 | INFO     | app.routers.get_words_from_set:get_words:11 - Getting Sets attempt: word_ids=[12, 11, 10, 9, 8, 7]
2026-05-23 17:23:41.817 | INFO     | app.services.set_service:get_words_from_set:128 - [GET WORDS] Start fetching words for IDs: [12, 11, 10, 9, 8, 7]
2026-05-23 17:23:41.818 | INFO     | app.services.set_service:get_words_from_set:131 - [GET WORDS] Fetching words for ID: 12
2026-05-23 17:23:41.820 | INFO     | app.services.set_service:get_words_from_set:139 - [GET WORDS] Found word: id=12, word='prodigy'
2026-05-23 17:23:41.820 | INFO     | app.services.set_service:get_words_from_set:131 - [GET WORDS] Fetching words for ID: 11
2026-05-23 17:23:41.821 | INFO     | app.services.set_service:get_words_from_set:139 - [GET WORDS] Found word: id=11, word='quiet'
2026-05-23 17:23:41.821 | INFO     | app.services.set_service:get_words_from_set:131 - [GET WORDS] Fetching words for ID: 10
2026-05-23 17:23:41.823 | INFO     | app.services.set_service:get_words_from_set:139 - [GET WORDS] Found word: id=10, word='wind'
2026-05-23 17:23:41.823 | INFO     | app.services.set_service:get_words_from_set:131 - [GET WORDS] Fetching words for ID: 9
2026-05-23 17:23:41.824 | INFO     | app.services.set_service:get_words_from_set:139 - [GET WORDS] Found word: id=9, word='cosy'
2026-05-23 17:23:41.825 | INFO     | app.services.set_service:get_words_from_set:131 - [GET WORDS] Fetching words for ID: 8
2026-05-23 17:23:41.826 | INFO     | app.services.set_service:get_words_from_set:139 - [GET WORDS] Found word: id=8, word='fate'
2026-05-23 17:23:41.826 | INFO     | app.services.set_service:get_words_from_set:131 - [GET WORDS] Fetching words for ID: 7
2026-05-23 17:23:41.827 | INFO     | app.services.set_service:get_words_from_set:139 - [GET WORDS] Found word: id=7, word='faforite'
2026-05-23 17:23:41.827 | INFO     | app.services.set_service:get_words_from_set:141 - [GET WORDS] Final result list: [{'id': 12, 'word': 'prodigy'}, {'id': 11, 'word': 'quiet'}, {'id': 10, 'word': 'wind'}, {'id': 9, 'word': 'cosy'}, {'id': 8, 'word': 'fate'}, {'id': 7, 'word': 'faforite'}]
2026-05-23 17:23:41.828 | INFO     | app.routers.get_words_from_set:get_words:16 - Getting Sets success: [{'id': 12, 'word': 'prodigy'}, {'id': 11, 'word': 'quiet'}, {'id': 10, 'word': 'wind'}, {'id': 9, 'word': 'cosy'}, {'id': 8, 'word': 'fate'}, {'id': 7, 'word': 'faforite'}]
2026-05-23 17:23:41.828 | INFO     | app.main:log_requests:77 - Response status: 200
2026-05-23 17:23:41.831 | INFO     | app.main:log_requests:69 - Incoming request: POST http://127.0.0.1:8000/frontend-log
2026-05-23 17:23:41.832 | INFO     | app.routers.logs:receive_frontend_logs:10 - [INFO] Get words from Set-2 request sent {}
2026-05-23 17:23:41.832 | INFO     | app.main:log_requests:77 - Response status: 200
2026-05-23 17:23:43.660 | INFO     | app.main:log_requests:69 - Incoming request: POST http://127.0.0.1:8000/get_words
2026-05-23 17:23:43.661 | INFO     | app.routers.get_words_from_set:get_words:11 - Getting Sets attempt: word_ids=[6, 5, 4, 3, 2, 1]
2026-05-23 17:23:43.661 | INFO     | app.services.set_service:get_words_from_set:128 - [GET WORDS] Start fetching words for IDs: [6, 5, 4, 3, 2, 1]
2026-05-23 17:23:43.662 | INFO     | app.services.set_service:get_words_from_set:131 - [GET WORDS] Fetching words for ID: 6
2026-05-23 17:23:43.666 | INFO     | app.services.set_service:get_words_from_set:139 - [GET WORDS] Found word: id=6, word='seize'
2026-05-23 17:23:43.666 | INFO     | app.services.set_service:get_words_from_set:131 - [GET WORDS] Fetching words for ID: 5
2026-05-23 17:23:43.667 | INFO     | app.services.set_service:get_words_from_set:139 - [GET WORDS] Found word: id=5, word='settle'
2026-05-23 17:23:43.667 | INFO     | app.services.set_service:get_words_from_set:131 - [GET WORDS] Fetching words for ID: 4
2026-05-23 17:23:43.669 | INFO     | app.services.set_service:get_words_from_set:139 - [GET WORDS] Found word: id=4, word='suit'
2026-05-23 17:23:43.669 | INFO     | app.services.set_service:get_words_from_set:131 - [GET WORDS] Fetching words for ID: 3
2026-05-23 17:23:43.671 | INFO     | app.services.set_service:get_words_from_set:139 - [GET WORDS] Found word: id=3, word='request'
2026-05-23 17:23:43.671 | INFO     | app.services.set_service:get_words_from_set:131 - [GET WORDS] Fetching words for ID: 2
2026-05-23 17:23:43.673 | INFO     | app.services.set_service:get_words_from_set:139 - [GET WORDS] Found word: id=2, word='rise'
2026-05-23 17:23:43.673 | INFO     | app.services.set_service:get_words_from_set:131 - [GET WORDS] Fetching words for ID: 1
2026-05-23 17:23:43.680 | INFO     | app.services.set_service:get_words_from_set:139 - [GET WORDS] Found word: id=1, word='enterprise'
2026-05-23 17:23:43.680 | INFO     | app.services.set_service:get_words_from_set:141 - [GET WORDS] Final result list: [{'id': 6, 'word': 'seize'}, {'id': 5, 'word': 'settle'}, {'id': 4, 'word': 'suit'}, {'id': 3, 'word': 'request'}, {'id': 2, 'word': 'rise'}, {'id': 1, 'word': 'enterprise'}]
2026-05-23 17:23:43.681 | INFO     | app.routers.get_words_from_set:get_words:16 - Getting Sets success: [{'id': 6, 'word': 'seize'}, {'id': 5, 'word': 'settle'}, {'id': 4, 'word': 'suit'}, {'id': 3, 'word': 'request'}, {'id': 2, 'word': 'rise'}, {'id': 1, 'word': 'enterprise'}]
2026-05-23 17:23:43.682 | INFO     | app.main:log_requests:77 - Response status: 200
2026-05-23 17:23:43.686 | INFO     | app.main:log_requests:69 - Incoming request: POST http://127.0.0.1:8000/frontend-log
2026-05-23 17:23:43.686 | INFO     | app.routers.logs:receive_frontend_logs:10 - [INFO] Get words from Set-1 request sent {}
2026-05-23 17:23:43.686 | INFO     | app.main:log_requests:77 - Response status: 200
2026-05-23 17:23:44.797 | INFO     | app.main:log_requests:69 - Incoming request: POST http://127.0.0.1:8000/frontend-log
2026-05-23 17:23:44.798 | INFO     | app.main:log_requests:69 - Incoming request: POST http://127.0.0.1:8000/frontend-log
2026-05-23 17:23:44.799 | INFO     | app.main:log_requests:69 - Incoming request: POST http://127.0.0.1:8000/frontend-log
2026-05-23 17:23:44.802 | INFO     | app.routers.logs:receive_frontend_logs:10 - [INFO] Word suit clicked {'word': 'suit'}
2026-05-23 17:23:44.803 | INFO     | app.main:log_requests:69 - Incoming request: POST http://127.0.0.1:8000/frontend-log
2026-05-23 17:23:44.803 | INFO     | app.main:log_requests:69 - Incoming request: POST http://127.0.0.1:8000/frontend-log
2026-05-23 17:23:44.803 | INFO     | app.main:log_requests:69 - Incoming request: POST http://127.0.0.1:8000/frontend-log
2026-05-23 17:23:44.804 | INFO     | app.main:log_requests:77 - Response status: 200
2026-05-23 17:23:44.804 | INFO     | app.routers.logs:receive_frontend_logs:10 - [INFO] Word screen render start {}
2026-05-23 17:23:44.805 | INFO     | app.routers.logs:receive_frontend_logs:10 - [INFO] Word screen node {'found': True}
2026-05-23 17:23:44.805 | INFO     | app.main:log_requests:77 - Response status: 200
2026-05-23 17:23:44.806 | INFO     | app.main:log_requests:77 - Response status: 200
2026-05-23 17:23:44.806 | INFO     | app.main:log_requests:69 - Incoming request: OPTIONS http://127.0.0.1:8000/get_word
2026-05-23 17:23:44.807 | INFO     | app.routers.logs:receive_frontend_logs:10 - [INFO] Word request from the base {}
2026-05-23 17:23:44.807 | INFO     | app.routers.logs:receive_frontend_logs:10 - [INFO] Word request start {'endpoint': '/get_word', 'word': 'suit', 'user_id': 2, 'languge': ''}
2026-05-23 17:23:44.807 | INFO     | app.routers.logs:receive_frontend_logs:10 - [INFO] get_word request shape {'endpoint': '/get_word', 'method': 'POST', 'hasEndpoint': True, 'hasWord': True, 'hasUser': True}
2026-05-23 17:23:44.807 | INFO     | app.main:log_requests:77 - Response status: 200
2026-05-23 17:23:44.809 | INFO     | app.main:log_requests:77 - Response status: 200
2026-05-23 17:23:44.809 | INFO     | app.main:log_requests:77 - Response status: 200
2026-05-23 17:23:44.810 | INFO     | app.main:log_requests:77 - Response status: 200
2026-05-23 17:23:44.814 | INFO     | app.main:log_requests:69 - Incoming request: POST http://127.0.0.1:8000/get_word
2026-05-23 17:23:44.814 | INFO     | app.routers.get_word:get_word:16 - Reading Word attempt: user_id=2 word='suit'
2026-05-23 17:23:44.817 | INFO     | app.routers.get_word:get_word:22 - Reading word success: suit
2026-05-23 17:23:44.817 | INFO     | app.main:log_requests:77 - Response status: 200
2026-05-23 17:23:44.860 | INFO     | app.main:log_requests:69 - Incoming request: POST http://127.0.0.1:8000/frontend-log
2026-05-23 17:23:44.860 | INFO     | app.main:log_requests:69 - Incoming request: POST http://127.0.0.1:8000/frontend-log
2026-05-23 17:23:44.860 | INFO     | app.routers.logs:receive_frontend_logs:10 - [INFO] get_word response shape {'keys': ['word', 'translation', 'part_of_speech', 'transcription', 'examples', 'synonyms', 'antonyms', 'created_at', 'updated_at']}
2026-05-23 17:23:44.861 | INFO     | app.main:log_requests:77 - Response status: 200
2026-05-23 17:23:44.861 | INFO     | app.routers.logs:receive_frontend_logs:10 - [INFO] Word details loaded {'word': 'suit', 'hasData': False}
2026-05-23 17:23:44.862 | INFO     | app.main:log_requests:77 - Response status: 200
2026-05-23 17:23:56.330 | INFO     | app.main:log_requests:69 - Incoming request: POST http://127.0.0.1:8000/frontend-log
2026-05-23 17:23:56.331 | INFO     | app.main:log_requests:69 - Incoming request: OPTIONS http://127.0.0.1:8000/get_better_translation
2026-05-23 17:23:56.331 | INFO     | app.main:log_requests:77 - Response status: 200
2026-05-23 17:23:56.331 | INFO     | app.routers.logs:receive_frontend_logs:10 - [INFO] get_better_translation request shape {'endpoint': '/get_better_translation', 'method': 'POST', 'hasEndpoint': True, 'hasWord': True, 'hasUser': False}
2026-05-23 17:23:56.332 | INFO     | app.main:log_requests:77 - Response status: 200
2026-05-23 17:23:56.334 | INFO     | app.main:log_requests:69 - Incoming request: POST http://127.0.0.1:8000/get_better_translation
2026-05-23 17:23:56.335 | INFO     | app.main:log_requests:77 - Response status: 422
2026-05-23 17:23:56.344 | INFO     | app.main:log_requests:69 - Incoming request: POST http://127.0.0.1:8000/frontend-log
2026-05-23 17:23:56.345 | INFO     | app.main:log_requests:69 - Incoming request: POST http://127.0.0.1:8000/frontend-log
2026-05-23 17:23:56.346 | INFO     | app.routers.logs:receive_frontend_logs:10 - [ERROR] get_better_translation request failed {'error': 'API error 422: {"detail":[{"type":"missing","loc":["body","source_lang"],"msg":"Field required","input":{"word":"suit"}},{"type":"missing","loc":["body","target_lang"],"msg":"Field required","input":{"word":"suit"}}]}'}
2026-05-23 17:23:56.346 | INFO     | app.routers.logs:receive_frontend_logs:10 - [ERROR] Better translation failed {'error': 'API error 422: {"detail":[{"type":"missing","loc":["body","source_lang"],"msg":"Field required","input":{"word":"suit"}},{"type":"missing","loc":["body","target_lang"],"msg":"Field required","input":{"word":"suit"}}]}'}
2026-05-23 17:23:56.347 | INFO     | app.main:log_requests:77 - Response status: 200
2026-05-23 17:23:56.348 | INFO     | app.main:log_requests:77 - Response status: 200
2026-05-23 17:32:28.710 | INFO     | app.main:log_requests:69 - Incoming request: POST http://127.0.0.1:8000/frontend-log
2026-05-23 17:32:28.711 | INFO     | app.main:log_requests:69 - Incoming request: POST http://127.0.0.1:8000/frontend-log
2026-05-23 17:32:28.713 | INFO     | app.routers.logs:receive_frontend_logs:10 - [INFO] Translate screen render start {}
2026-05-23 17:32:28.714 | INFO     | app.routers.logs:receive_frontend_logs:10 - [INFO] Translate screen node {'found': True}
2026-05-23 17:32:28.715 | INFO     | app.main:log_requests:69 - Incoming request: POST http://127.0.0.1:8000/frontend-log
2026-05-23 17:32:28.715 | INFO     | app.main:log_requests:69 - Incoming request: GET http://127.0.0.1:8000/me
2026-05-23 17:32:28.727 | INFO     | app.main:log_requests:77 - Response status: 200
2026-05-23 17:32:28.728 | INFO     | app.main:log_requests:77 - Response status: 200
2026-05-23 17:32:28.729 | INFO     | app.routers.logs:receive_frontend_logs:10 - [INFO] Me request shape {'endpoint': '/me', 'method': 'GET', 'hasToken': True}
2026-05-23 17:32:28.730 | INFO     | app.main:log_requests:77 - Response status: 200
2026-05-23 17:32:28.733 | INFO     | app.routers.auth:get_me:53 - Get current user. 2 - Sergey
2026-05-23 17:32:28.733 | INFO     | app.main:log_requests:77 - Response status: 200
2026-05-23 17:32:28.737 | INFO     | app.main:log_requests:69 - Incoming request: POST http://127.0.0.1:8000/frontend-log
2026-05-23 17:32:28.738 | INFO     | app.main:log_requests:69 - Incoming request: POST http://127.0.0.1:8000/frontend-log
2026-05-23 17:32:28.738 | INFO     | app.routers.logs:receive_frontend_logs:10 - [INFO] Me response shape {'keys': ['nickname', 'email', 'avatar_url', 'is_guest', 'is_premium', 'id', 'created_at', 'last_login'], 'isGuest': False}
2026-05-23 17:32:28.739 | INFO     | app.routers.logs:receive_frontend_logs:10 - [INFO] Init user success {'hasUser': True}
2026-05-23 17:32:28.739 | INFO     | app.main:log_requests:77 - Response status: 200
2026-05-23 17:32:28.740 | INFO     | app.main:log_requests:77 - Response status: 200
2026-05-23 17:33:19.699 | INFO     | app.main:log_requests:69 - Incoming request: POST http://127.0.0.1:8000/frontend-log
2026-05-23 17:33:19.700 | INFO     | app.main:log_requests:69 - Incoming request: POST http://127.0.0.1:8000/frontend-log
2026-05-23 17:33:19.701 | INFO     | app.routers.logs:receive_frontend_logs:10 - [INFO] Translate screen render start {}
2026-05-23 17:33:19.702 | INFO     | app.main:log_requests:69 - Incoming request: POST http://127.0.0.1:8000/frontend-log
2026-05-23 17:33:19.702 | INFO     | app.main:log_requests:69 - Incoming request: GET http://127.0.0.1:8000/me
2026-05-23 17:33:19.705 | INFO     | app.main:log_requests:77 - Response status: 200
2026-05-23 17:33:19.705 | INFO     | app.routers.logs:receive_frontend_logs:10 - [INFO] Translate screen node {'found': True}
2026-05-23 17:33:19.706 | INFO     | app.main:log_requests:77 - Response status: 200
2026-05-23 17:33:19.707 | INFO     | app.routers.logs:receive_frontend_logs:10 - [INFO] Me request shape {'endpoint': '/me', 'method': 'GET', 'hasToken': True}
2026-05-23 17:33:19.708 | INFO     | app.main:log_requests:77 - Response status: 200
2026-05-23 17:33:19.710 | INFO     | app.routers.auth:get_me:53 - Get current user. 2 - Sergey
2026-05-23 17:33:19.711 | INFO     | app.main:log_requests:77 - Response status: 200
2026-05-23 17:33:19.715 | INFO     | app.main:log_requests:69 - Incoming request: POST http://127.0.0.1:8000/frontend-log
2026-05-23 17:33:19.716 | INFO     | app.main:log_requests:69 - Incoming request: POST http://127.0.0.1:8000/frontend-log
2026-05-23 17:33:19.717 | INFO     | app.routers.logs:receive_frontend_logs:10 - [INFO] Me response shape {'keys': ['nickname', 'email', 'avatar_url', 'is_guest', 'is_premium', 'id', 'created_at', 'last_login'], 'isGuest': False}
2026-05-23 17:33:19.718 | INFO     | app.main:log_requests:77 - Response status: 200
2026-05-23 17:33:19.719 | INFO     | app.routers.logs:receive_frontend_logs:10 - [INFO] Init user success {'hasUser': True}
2026-05-23 17:33:19.719 | INFO     | app.main:log_requests:77 - Response status: 200
2026-05-23 17:33:30.708 | INFO     | app.main:log_requests:69 - Incoming request: POST http://127.0.0.1:8000/frontend-log
2026-05-23 17:33:30.709 | INFO     | app.main:log_requests:69 - Incoming request: POST http://127.0.0.1:8000/get_sets
2026-05-23 17:33:30.714 | INFO     | app.routers.logs:receive_frontend_logs:10 - [INFO] Sets screen render start {}
2026-05-23 17:33:30.714 | INFO     | app.routers.get_sets:get_sets:11 - Getting Sets attempt: name='Sergey'
2026-05-23 17:33:30.716 | INFO     | app.main:log_requests:77 - Response status: 200
2026-05-23 17:33:30.730 | INFO     | app.routers.get_sets:get_sets:16 - Getting Sets success: [{'id': 1, 'name': 'Set-1', 'word_ids': [6, 5, 4, 3, 2, 1]}, {'id': 2, 'name': 'Set-2', 'word_ids': [12, 11, 10, 9, 8, 7]}, {'id': 5, 'name': 'Set-3', 'word_ids': [30, 29, 28, 27, 26, 25]}, {'id': 6, 'name': 'Set-4', 'word_ids': [36, 35, 34, 33, 32, 31]}, {'id': 7, 'name': 'Set-5', 'word_ids': [42, 41, 40, 39, 38, 37]}, {'id': 8, 'name': 'Set-6', 'word_ids': [48, 47, 46, 45, 44, 43]}, {'id': 9, 'name': 'Set-7', 'word_ids': [54, 53, 52, 51, 50, 49]}]
2026-05-23 17:33:30.730 | INFO     | app.main:log_requests:77 - Response status: 200
2026-05-23 17:33:30.734 | INFO     | app.main:log_requests:69 - Incoming request: POST http://127.0.0.1:8000/frontend-log
2026-05-23 17:33:30.735 | INFO     | app.routers.logs:receive_frontend_logs:10 - [INFO] Get sets of Sergey request sent {}
2026-05-23 17:33:30.735 | INFO     | app.main:log_requests:77 - Response status: 200
2026-05-23 17:33:31.902 | INFO     | app.main:log_requests:69 - Incoming request: POST http://127.0.0.1:8000/get_words
2026-05-23 17:33:31.905 | INFO     | app.routers.get_words_from_set:get_words:11 - Getting Sets attempt: word_ids=[6, 5, 4, 3, 2, 1]
2026-05-23 17:33:31.906 | INFO     | app.services.set_service:get_words_from_set:128 - [GET WORDS] Start fetching words for IDs: [6, 5, 4, 3, 2, 1]
2026-05-23 17:33:31.906 | INFO     | app.services.set_service:get_words_from_set:131 - [GET WORDS] Fetching words for ID: 6
2026-05-23 17:33:31.912 | INFO     | app.services.set_service:get_words_from_set:139 - [GET WORDS] Found word: id=6, word='seize'
2026-05-23 17:33:31.912 | INFO     | app.services.set_service:get_words_from_set:131 - [GET WORDS] Fetching words for ID: 5
2026-05-23 17:33:31.915 | INFO     | app.services.set_service:get_words_from_set:139 - [GET WORDS] Found word: id=5, word='settle'
2026-05-23 17:33:31.915 | INFO     | app.services.set_service:get_words_from_set:131 - [GET WORDS] Fetching words for ID: 4
2026-05-23 17:33:31.916 | INFO     | app.services.set_service:get_words_from_set:139 - [GET WORDS] Found word: id=4, word='suit'
2026-05-23 17:33:31.917 | INFO     | app.services.set_service:get_words_from_set:131 - [GET WORDS] Fetching words for ID: 3
2026-05-23 17:33:31.918 | INFO     | app.services.set_service:get_words_from_set:139 - [GET WORDS] Found word: id=3, word='request'
2026-05-23 17:33:31.918 | INFO     | app.services.set_service:get_words_from_set:131 - [GET WORDS] Fetching words for ID: 2
2026-05-23 17:33:31.920 | INFO     | app.services.set_service:get_words_from_set:139 - [GET WORDS] Found word: id=2, word='rise'
2026-05-23 17:33:31.921 | INFO     | app.services.set_service:get_words_from_set:131 - [GET WORDS] Fetching words for ID: 1
2026-05-23 17:33:31.922 | INFO     | app.services.set_service:get_words_from_set:139 - [GET WORDS] Found word: id=1, word='enterprise'
2026-05-23 17:33:31.922 | INFO     | app.services.set_service:get_words_from_set:141 - [GET WORDS] Final result list: [{'id': 6, 'word': 'seize'}, {'id': 5, 'word': 'settle'}, {'id': 4, 'word': 'suit'}, {'id': 3, 'word': 'request'}, {'id': 2, 'word': 'rise'}, {'id': 1, 'word': 'enterprise'}]
2026-05-23 17:33:31.923 | INFO     | app.routers.get_words_from_set:get_words:16 - Getting Sets success: [{'id': 6, 'word': 'seize'}, {'id': 5, 'word': 'settle'}, {'id': 4, 'word': 'suit'}, {'id': 3, 'word': 'request'}, {'id': 2, 'word': 'rise'}, {'id': 1, 'word': 'enterprise'}]
2026-05-23 17:33:31.923 | INFO     | app.main:log_requests:77 - Response status: 200
2026-05-23 17:33:31.926 | INFO     | app.main:log_requests:69 - Incoming request: POST http://127.0.0.1:8000/frontend-log
2026-05-23 17:33:31.926 | INFO     | app.routers.logs:receive_frontend_logs:10 - [INFO] Get words from Set-1 request sent {}
2026-05-23 17:33:31.927 | INFO     | app.main:log_requests:77 - Response status: 200
2026-05-23 17:33:33.104 | INFO     | app.main:log_requests:69 - Incoming request: POST http://127.0.0.1:8000/frontend-log
2026-05-23 17:33:33.105 | INFO     | app.main:log_requests:69 - Incoming request: POST http://127.0.0.1:8000/frontend-log
2026-05-23 17:33:33.108 | INFO     | app.routers.logs:receive_frontend_logs:10 - [INFO] Word suit clicked {'word': 'suit'}
2026-05-23 17:33:33.109 | INFO     | app.main:log_requests:69 - Incoming request: POST http://127.0.0.1:8000/frontend-log
2026-05-23 17:33:33.109 | INFO     | app.main:log_requests:69 - Incoming request: POST http://127.0.0.1:8000/frontend-log
2026-05-23 17:33:33.109 | INFO     | app.main:log_requests:69 - Incoming request: POST http://127.0.0.1:8000/frontend-log
2026-05-23 17:33:33.109 | INFO     | app.main:log_requests:69 - Incoming request: POST http://127.0.0.1:8000/frontend-log
2026-05-23 17:33:33.110 | INFO     | app.routers.logs:receive_frontend_logs:10 - [INFO] Word screen render start {}
2026-05-23 17:33:33.111 | INFO     | app.main:log_requests:77 - Response status: 200
2026-05-23 17:33:33.111 | INFO     | app.main:log_requests:77 - Response status: 200
2026-05-23 17:33:33.112 | INFO     | app.routers.logs:receive_frontend_logs:10 - [INFO] Word screen node {'found': True}
2026-05-23 17:33:33.113 | INFO     | app.routers.logs:receive_frontend_logs:10 - [INFO] Word request from the base {}
2026-05-23 17:33:33.113 | INFO     | app.routers.logs:receive_frontend_logs:10 - [INFO] Word request start {'endpoint': '/get_word', 'word': 'suit', 'user_id': 2, 'languge': ''}
2026-05-23 17:33:33.113 | INFO     | app.routers.logs:receive_frontend_logs:10 - [INFO] get_word request shape {'endpoint': '/get_word', 'method': 'POST', 'hasEndpoint': True, 'hasWord': True, 'hasUser': True}
2026-05-23 17:33:33.113 | INFO     | app.main:log_requests:77 - Response status: 200
2026-05-23 17:33:33.114 | INFO     | app.main:log_requests:77 - Response status: 200
2026-05-23 17:33:33.114 | INFO     | app.main:log_requests:77 - Response status: 200
2026-05-23 17:33:33.115 | INFO     | app.main:log_requests:77 - Response status: 200
2026-05-23 17:33:33.116 | INFO     | app.main:log_requests:69 - Incoming request: POST http://127.0.0.1:8000/get_word
2026-05-23 17:33:33.117 | INFO     | app.routers.get_word:get_word:16 - Reading Word attempt: user_id=2 word='suit'
2026-05-23 17:33:33.121 | INFO     | app.routers.get_word:get_word:22 - Reading word success: suit
2026-05-23 17:33:33.122 | INFO     | app.main:log_requests:77 - Response status: 200
2026-05-23 17:33:33.165 | INFO     | app.main:log_requests:69 - Incoming request: POST http://127.0.0.1:8000/frontend-log
2026-05-23 17:33:33.166 | INFO     | app.main:log_requests:69 - Incoming request: POST http://127.0.0.1:8000/frontend-log
2026-05-23 17:33:33.166 | INFO     | app.routers.logs:receive_frontend_logs:10 - [INFO] get_word response shape {'keys': ['word', 'translation', 'part_of_speech', 'transcription', 'examples', 'synonyms', 'antonyms', 'created_at', 'updated_at']}
2026-05-23 17:33:33.167 | INFO     | app.main:log_requests:77 - Response status: 200
2026-05-23 17:33:33.167 | INFO     | app.routers.logs:receive_frontend_logs:10 - [INFO] Word details loaded {'word': 'suit', 'hasData': False}
2026-05-23 17:33:33.168 | INFO     | app.main:log_requests:77 - Response status: 200
2026-05-23 17:33:38.760 | INFO     | app.main:log_requests:69 - Incoming request: POST http://127.0.0.1:8000/frontend-log
2026-05-23 17:33:38.760 | INFO     | app.routers.logs:receive_frontend_logs:10 - [ERROR] Better translation failed {'error': 'user_id is not defined'}
2026-05-23 17:33:38.760 | INFO     | app.main:log_requests:77 - Response status: 200
2026-05-23 17:34:05.674 | INFO     | app.main:log_requests:69 - Incoming request: OPTIONS http://127.0.0.1:8000/frontend-log
2026-05-23 17:34:05.674 | INFO     | app.main:log_requests:69 - Incoming request: OPTIONS http://127.0.0.1:8000/get_synonyms
2026-05-23 17:34:05.675 | INFO     | app.main:log_requests:77 - Response status: 200
2026-05-23 17:34:05.675 | INFO     | app.main:log_requests:77 - Response status: 200
2026-05-23 17:34:05.678 | INFO     | app.main:log_requests:69 - Incoming request: POST http://127.0.0.1:8000/get_synonyms
2026-05-23 17:34:05.680 | INFO     | app.main:log_requests:69 - Incoming request: POST http://127.0.0.1:8000/frontend-log
2026-05-23 17:34:05.680 | INFO     | app.routers.get_word:get_synonyms:49 - Get synonyms attempt: user_id=2 word='suit'
2026-05-23 17:34:06.046 | INFO     | app.routers.logs:receive_frontend_logs:10 - [INFO] get_synonyms request shape {'endpoint': '/get_synonyms', 'method': 'POST', 'hasEndpoint': True, 'hasWord': True, 'hasUser': True}
2026-05-23 17:34:06.046 | INFO     | app.main:log_requests:77 - Response status: 200
2026-05-23 17:34:07.756 | INFO     | app.routers.get_word:get_synonyms:55 - Get synonyms success: suit
2026-05-23 17:34:07.756 | INFO     | app.main:log_requests:77 - Response status: 200
2026-05-23 17:34:07.800 | INFO     | app.main:log_requests:69 - Incoming request: POST http://127.0.0.1:8000/frontend-log
2026-05-23 17:34:07.800 | INFO     | app.routers.logs:receive_frontend_logs:10 - [INFO] get_synonyms response shape {'keys': ['word', 'translation', 'part_of_speech', 'transcription', 'examples', 'synonyms', 'antonyms', 'created_at', 'updated_at']}
2026-05-23 17:34:07.801 | INFO     | app.main:log_requests:77 - Response status: 200
2026-05-23 17:34:13.377 | INFO     | app.main:log_requests:69 - Incoming request: POST http://127.0.0.1:8000/frontend-log
2026-05-23 17:34:13.378 | INFO     | app.routers.logs:receive_frontend_logs:10 - [ERROR] Better translation failed {'error': 'user_id is not defined'}
2026-05-23 17:34:13.378 | INFO     | app.main:log_requests:77 - Response status: 200
2026-05-23 17:37:01.025 | INFO     | app.main:log_requests:69 - Incoming request: POST http://127.0.0.1:8000/frontend-log
2026-05-23 17:37:01.026 | INFO     | app.routers.logs:receive_frontend_logs:10 - [INFO] Translate screen render start {}
2026-05-23 17:37:01.026 | INFO     | app.main:log_requests:77 - Response status: 200
2026-05-23 17:37:01.027 | INFO     | app.main:log_requests:69 - Incoming request: POST http://127.0.0.1:8000/frontend-log
2026-05-23 17:37:01.029 | INFO     | app.main:log_requests:69 - Incoming request: POST http://127.0.0.1:8000/frontend-log
2026-05-23 17:37:01.029 | INFO     | app.main:log_requests:69 - Incoming request: OPTIONS http://127.0.0.1:8000/me
2026-05-23 17:37:01.030 | INFO     | app.routers.logs:receive_frontend_logs:10 - [INFO] Translate screen node {'found': True}
2026-05-23 17:37:01.031 | INFO     | app.main:log_requests:77 - Response status: 200
2026-05-23 17:37:01.032 | INFO     | app.main:log_requests:77 - Response status: 200
2026-05-23 17:37:01.033 | INFO     | app.routers.logs:receive_frontend_logs:10 - [INFO] Me request shape {'endpoint': '/me', 'method': 'GET', 'hasToken': True}
2026-05-23 17:37:01.033 | INFO     | app.main:log_requests:77 - Response status: 200
2026-05-23 17:37:01.036 | INFO     | app.main:log_requests:69 - Incoming request: GET http://127.0.0.1:8000/me
2026-05-23 17:37:01.038 | INFO     | app.routers.auth:get_me:53 - Get current user. 2 - Sergey
2026-05-23 17:37:01.039 | INFO     | app.main:log_requests:77 - Response status: 200
2026-05-23 17:37:01.081 | INFO     | app.main:log_requests:69 - Incoming request: POST http://127.0.0.1:8000/frontend-log
2026-05-23 17:37:01.082 | INFO     | app.main:log_requests:69 - Incoming request: POST http://127.0.0.1:8000/frontend-log
2026-05-23 17:37:01.082 | INFO     | app.routers.logs:receive_frontend_logs:10 - [INFO] Me response shape {'keys': ['nickname', 'email', 'avatar_url', 'is_guest', 'is_premium', 'id', 'created_at', 'last_login'], 'isGuest': False}
2026-05-23 17:37:01.083 | INFO     | app.main:log_requests:77 - Response status: 200
2026-05-23 17:37:01.084 | INFO     | app.routers.logs:receive_frontend_logs:10 - [INFO] Init user success {'hasUser': True}
2026-05-23 17:37:01.085 | INFO     | app.main:log_requests:77 - Response status: 200
2026-05-23 17:37:07.673 | INFO     | app.main:log_requests:69 - Incoming request: POST http://127.0.0.1:8000/frontend-log
2026-05-23 17:37:07.674 | INFO     | app.main:log_requests:69 - Incoming request: OPTIONS http://127.0.0.1:8000/get_sets
2026-05-23 17:37:07.676 | INFO     | app.routers.logs:receive_frontend_logs:10 - [INFO] Sets screen render start {}
2026-05-23 17:37:07.676 | INFO     | app.main:log_requests:77 - Response status: 200
2026-05-23 17:37:07.676 | INFO     | app.main:log_requests:77 - Response status: 200
2026-05-23 17:37:07.679 | INFO     | app.main:log_requests:69 - Incoming request: POST http://127.0.0.1:8000/get_sets
2026-05-23 17:37:07.680 | INFO     | app.routers.get_sets:get_sets:11 - Getting Sets attempt: name='Sergey'
2026-05-23 17:37:07.688 | INFO     | app.routers.get_sets:get_sets:16 - Getting Sets success: [{'id': 1, 'name': 'Set-1', 'word_ids': [6, 5, 4, 3, 2, 1]}, {'id': 2, 'name': 'Set-2', 'word_ids': [12, 11, 10, 9, 8, 7]}, {'id': 5, 'name': 'Set-3', 'word_ids': [30, 29, 28, 27, 26, 25]}, {'id': 6, 'name': 'Set-4', 'word_ids': [36, 35, 34, 33, 32, 31]}, {'id': 7, 'name': 'Set-5', 'word_ids': [42, 41, 40, 39, 38, 37]}, {'id': 8, 'name': 'Set-6', 'word_ids': [48, 47, 46, 45, 44, 43]}, {'id': 9, 'name': 'Set-7', 'word_ids': [54, 53, 52, 51, 50, 49]}]
2026-05-23 17:37:07.689 | INFO     | app.main:log_requests:77 - Response status: 200
2026-05-23 17:37:07.692 | INFO     | app.main:log_requests:69 - Incoming request: POST http://127.0.0.1:8000/frontend-log
2026-05-23 17:37:07.693 | INFO     | app.routers.logs:receive_frontend_logs:10 - [INFO] Get sets of Sergey request sent {}
2026-05-23 17:37:07.693 | INFO     | app.main:log_requests:77 - Response status: 200
2026-05-23 17:37:08.811 | INFO     | app.main:log_requests:69 - Incoming request: OPTIONS http://127.0.0.1:8000/get_words
2026-05-23 17:37:08.811 | INFO     | app.main:log_requests:77 - Response status: 200
2026-05-23 17:37:08.815 | INFO     | app.main:log_requests:69 - Incoming request: POST http://127.0.0.1:8000/get_words
2026-05-23 17:37:08.816 | INFO     | app.routers.get_words_from_set:get_words:11 - Getting Sets attempt: word_ids=[6, 5, 4, 3, 2, 1]
2026-05-23 17:37:08.816 | INFO     | app.services.set_service:get_words_from_set:128 - [GET WORDS] Start fetching words for IDs: [6, 5, 4, 3, 2, 1]
2026-05-23 17:37:08.816 | INFO     | app.services.set_service:get_words_from_set:131 - [GET WORDS] Fetching words for ID: 6
2026-05-23 17:37:08.819 | INFO     | app.services.set_service:get_words_from_set:139 - [GET WORDS] Found word: id=6, word='seize'
2026-05-23 17:37:08.819 | INFO     | app.services.set_service:get_words_from_set:131 - [GET WORDS] Fetching words for ID: 5
2026-05-23 17:37:08.821 | INFO     | app.services.set_service:get_words_from_set:139 - [GET WORDS] Found word: id=5, word='settle'
2026-05-23 17:37:08.821 | INFO     | app.services.set_service:get_words_from_set:131 - [GET WORDS] Fetching words for ID: 4
2026-05-23 17:37:08.822 | INFO     | app.services.set_service:get_words_from_set:139 - [GET WORDS] Found word: id=4, word='suit'
2026-05-23 17:37:08.823 | INFO     | app.services.set_service:get_words_from_set:131 - [GET WORDS] Fetching words for ID: 3
2026-05-23 17:37:08.824 | INFO     | app.services.set_service:get_words_from_set:139 - [GET WORDS] Found word: id=3, word='request'
2026-05-23 17:37:08.824 | INFO     | app.services.set_service:get_words_from_set:131 - [GET WORDS] Fetching words for ID: 2
2026-05-23 17:37:08.825 | INFO     | app.services.set_service:get_words_from_set:139 - [GET WORDS] Found word: id=2, word='rise'
2026-05-23 17:37:08.825 | INFO     | app.services.set_service:get_words_from_set:131 - [GET WORDS] Fetching words for ID: 1
2026-05-23 17:37:08.826 | INFO     | app.services.set_service:get_words_from_set:139 - [GET WORDS] Found word: id=1, word='enterprise'
2026-05-23 17:37:08.826 | INFO     | app.services.set_service:get_words_from_set:141 - [GET WORDS] Final result list: [{'id': 6, 'word': 'seize'}, {'id': 5, 'word': 'settle'}, {'id': 4, 'word': 'suit'}, {'id': 3, 'word': 'request'}, {'id': 2, 'word': 'rise'}, {'id': 1, 'word': 'enterprise'}]
2026-05-23 17:37:08.827 | INFO     | app.routers.get_words_from_set:get_words:16 - Getting Sets success: [{'id': 6, 'word': 'seize'}, {'id': 5, 'word': 'settle'}, {'id': 4, 'word': 'suit'}, {'id': 3, 'word': 'request'}, {'id': 2, 'word': 'rise'}, {'id': 1, 'word': 'enterprise'}]
2026-05-23 17:37:08.827 | INFO     | app.main:log_requests:77 - Response status: 200
2026-05-23 17:37:08.830 | INFO     | app.main:log_requests:69 - Incoming request: POST http://127.0.0.1:8000/frontend-log
2026-05-23 17:37:08.831 | INFO     | app.routers.logs:receive_frontend_logs:10 - [INFO] Get words from Set-1 request sent {}
2026-05-23 17:37:08.831 | INFO     | app.main:log_requests:77 - Response status: 200
2026-05-23 17:37:10.193 | INFO     | app.main:log_requests:69 - Incoming request: POST http://127.0.0.1:8000/frontend-log
2026-05-23 17:37:10.194 | INFO     | app.main:log_requests:69 - Incoming request: POST http://127.0.0.1:8000/frontend-log
2026-05-23 17:37:10.195 | INFO     | app.main:log_requests:69 - Incoming request: POST http://127.0.0.1:8000/frontend-log
2026-05-23 17:37:10.198 | INFO     | app.routers.logs:receive_frontend_logs:10 - [INFO] Word suit clicked {'word': 'suit'}
2026-05-23 17:37:10.198 | INFO     | app.main:log_requests:69 - Incoming request: POST http://127.0.0.1:8000/frontend-log
2026-05-23 17:37:10.199 | INFO     | app.main:log_requests:69 - Incoming request: POST http://127.0.0.1:8000/frontend-log
2026-05-23 17:37:10.199 | INFO     | app.main:log_requests:69 - Incoming request: POST http://127.0.0.1:8000/frontend-log
2026-05-23 17:37:10.199 | INFO     | app.routers.logs:receive_frontend_logs:10 - [INFO] Word screen render start {}
2026-05-23 17:37:10.199 | INFO     | app.routers.logs:receive_frontend_logs:10 - [INFO] Word screen node {'found': True}
2026-05-23 17:37:10.200 | INFO     | app.main:log_requests:77 - Response status: 200
2026-05-23 17:37:10.200 | INFO     | app.main:log_requests:77 - Response status: 200
2026-05-23 17:37:10.201 | INFO     | app.main:log_requests:77 - Response status: 200
2026-05-23 17:37:10.201 | INFO     | app.routers.logs:receive_frontend_logs:10 - [INFO] Word request from the base {}
2026-05-23 17:37:10.202 | INFO     | app.routers.logs:receive_frontend_logs:10 - [INFO] Word request start {'endpoint': '/get_word', 'word': 'suit', 'user_id': 2, 'languge': ''}
2026-05-23 17:37:10.202 | INFO     | app.routers.logs:receive_frontend_logs:10 - [INFO] get_word request shape {'endpoint': '/get_word', 'method': 'POST', 'hasEndpoint': True, 'hasWord': True, 'hasUser': True}
2026-05-23 17:37:10.203 | INFO     | app.main:log_requests:77 - Response status: 200
2026-05-23 17:37:10.204 | INFO     | app.main:log_requests:77 - Response status: 200
2026-05-23 17:37:10.204 | INFO     | app.main:log_requests:77 - Response status: 200
2026-05-23 17:37:10.207 | INFO     | app.main:log_requests:69 - Incoming request: OPTIONS http://127.0.0.1:8000/get_word
2026-05-23 17:37:10.207 | INFO     | app.main:log_requests:77 - Response status: 200
2026-05-23 17:37:10.209 | INFO     | app.main:log_requests:69 - Incoming request: POST http://127.0.0.1:8000/get_word
2026-05-23 17:37:10.210 | INFO     | app.routers.get_word:get_word:16 - Reading Word attempt: user_id=2 word='suit'
2026-05-23 17:37:10.212 | INFO     | app.routers.get_word:get_word:22 - Reading word success: suit
2026-05-23 17:37:10.213 | INFO     | app.main:log_requests:77 - Response status: 200
2026-05-23 17:37:10.257 | INFO     | app.main:log_requests:69 - Incoming request: POST http://127.0.0.1:8000/frontend-log
2026-05-23 17:37:10.257 | INFO     | app.main:log_requests:69 - Incoming request: POST http://127.0.0.1:8000/frontend-log
2026-05-23 17:37:10.258 | INFO     | app.routers.logs:receive_frontend_logs:10 - [INFO] get_word response shape {'keys': ['word', 'translation', 'part_of_speech', 'transcription', 'examples', 'synonyms', 'antonyms', 'created_at', 'updated_at']}
2026-05-23 17:37:10.258 | INFO     | app.main:log_requests:77 - Response status: 200
2026-05-23 17:37:10.259 | INFO     | app.routers.logs:receive_frontend_logs:10 - [INFO] Word details loaded {'word': 'suit', 'hasData': False}
2026-05-23 17:37:10.259 | INFO     | app.main:log_requests:77 - Response status: 200
2026-05-23 17:37:27.636 | INFO     | app.main:log_requests:69 - Incoming request: POST http://127.0.0.1:8000/frontend-log
2026-05-23 17:37:27.637 | INFO     | app.main:log_requests:69 - Incoming request: OPTIONS http://127.0.0.1:8000/get_better_translation
2026-05-23 17:37:27.637 | INFO     | app.main:log_requests:77 - Response status: 200
2026-05-23 17:37:27.638 | INFO     | app.routers.logs:receive_frontend_logs:10 - [INFO] get_better_translation request shape {'endpoint': '/get_better_translation', 'method': 'POST', 'hasEndpoint': True, 'hasWord': True}
2026-05-23 17:37:27.638 | INFO     | app.main:log_requests:77 - Response status: 200
2026-05-23 17:37:27.641 | INFO     | app.main:log_requests:69 - Incoming request: POST http://127.0.0.1:8000/get_better_translation
2026-05-23 17:37:27.642 | INFO     | app.main:log_requests:77 - Response status: 422
2026-05-23 17:37:27.646 | INFO     | app.main:log_requests:69 - Incoming request: POST http://127.0.0.1:8000/frontend-log
2026-05-23 17:37:27.646 | INFO     | app.main:log_requests:69 - Incoming request: POST http://127.0.0.1:8000/frontend-log
2026-05-23 17:37:27.647 | INFO     | app.routers.logs:receive_frontend_logs:10 - [ERROR] get_better_translation request failed {'error': 'API error 422: {"detail":[{"type":"missing","loc":["body","source_lang"],"msg":"Field required","input":{"word":"suit","sourceLang":"en"}},{"type":"missing","loc":["body","target_lang"],"msg":"Field required","input":{"word":"suit","sourceLang":"en"}}]}'}
2026-05-23 17:37:27.648 | INFO     | app.routers.logs:receive_frontend_logs:10 - [ERROR] Better translation failed {'error': 'API error 422: {"detail":[{"type":"missing","loc":["body","source_lang"],"msg":"Field required","input":{"word":"suit","sourceLang":"en"}},{"type":"missing","loc":["body","target_lang"],"msg":"Field required","input":{"word":"suit","sourceLang":"en"}}]}'}
2026-05-23 17:37:27.648 | INFO     | app.main:log_requests:77 - Response status: 200
2026-05-23 17:37:27.648 | INFO     | app.main:log_requests:77 - Response status: 200
2026-05-23 17:41:14.103 | INFO     | app.main:log_requests:69 - Incoming request: POST http://127.0.0.1:8000/frontend-log
2026-05-23 17:41:14.105 | INFO     | app.main:log_requests:69 - Incoming request: POST http://127.0.0.1:8000/frontend-log
2026-05-23 17:41:14.107 | INFO     | app.routers.logs:receive_frontend_logs:10 - [INFO] Translate screen render start {}
2026-05-23 17:41:14.107 | INFO     | app.main:log_requests:69 - Incoming request: POST http://127.0.0.1:8000/frontend-log
2026-05-23 17:41:14.108 | INFO     | app.main:log_requests:69 - Incoming request: GET http://127.0.0.1:8000/me
2026-05-23 17:41:14.109 | INFO     | app.main:log_requests:77 - Response status: 200
2026-05-23 17:41:14.110 | INFO     | app.routers.logs:receive_frontend_logs:10 - [INFO] Translate screen node {'found': True}
2026-05-23 17:41:14.111 | INFO     | app.main:log_requests:77 - Response status: 200
2026-05-23 17:41:14.112 | INFO     | app.routers.logs:receive_frontend_logs:10 - [INFO] Me request shape {'endpoint': '/me', 'method': 'GET', 'hasToken': True}
2026-05-23 17:41:14.112 | INFO     | app.main:log_requests:77 - Response status: 200
2026-05-23 17:41:14.113 | INFO     | app.routers.auth:get_me:53 - Get current user. 2 - Sergey
2026-05-23 17:41:14.114 | INFO     | app.main:log_requests:77 - Response status: 200
2026-05-23 17:41:14.117 | INFO     | app.main:log_requests:69 - Incoming request: POST http://127.0.0.1:8000/frontend-log
2026-05-23 17:41:14.118 | INFO     | app.main:log_requests:69 - Incoming request: POST http://127.0.0.1:8000/frontend-log
2026-05-23 17:41:14.119 | INFO     | app.routers.logs:receive_frontend_logs:10 - [INFO] Me response shape {'keys': ['nickname', 'email', 'avatar_url', 'is_guest', 'is_premium', 'id', 'created_at', 'last_login'], 'isGuest': False}
2026-05-23 17:41:14.119 | INFO     | app.main:log_requests:77 - Response status: 200
2026-05-23 17:41:14.120 | INFO     | app.routers.logs:receive_frontend_logs:10 - [INFO] Init user success {'hasUser': True}
2026-05-23 17:41:14.120 | INFO     | app.main:log_requests:77 - Response status: 200
2026-05-23 17:41:21.839 | INFO     | app.main:log_requests:69 - Incoming request: POST http://127.0.0.1:8000/frontend-log
2026-05-23 17:41:21.840 | INFO     | app.main:log_requests:69 - Incoming request: POST http://127.0.0.1:8000/get_sets
2026-05-23 17:41:21.842 | INFO     | app.routers.logs:receive_frontend_logs:10 - [INFO] Sets screen render start {}
2026-05-23 17:41:21.842 | INFO     | app.main:log_requests:77 - Response status: 200
2026-05-23 17:41:21.843 | INFO     | app.routers.get_sets:get_sets:11 - Getting Sets attempt: name='Sergey'
2026-05-23 17:41:21.851 | INFO     | app.routers.get_sets:get_sets:16 - Getting Sets success: [{'id': 1, 'name': 'Set-1', 'word_ids': [6, 5, 4, 3, 2, 1]}, {'id': 2, 'name': 'Set-2', 'word_ids': [12, 11, 10, 9, 8, 7]}, {'id': 5, 'name': 'Set-3', 'word_ids': [30, 29, 28, 27, 26, 25]}, {'id': 6, 'name': 'Set-4', 'word_ids': [36, 35, 34, 33, 32, 31]}, {'id': 7, 'name': 'Set-5', 'word_ids': [42, 41, 40, 39, 38, 37]}, {'id': 8, 'name': 'Set-6', 'word_ids': [48, 47, 46, 45, 44, 43]}, {'id': 9, 'name': 'Set-7', 'word_ids': [54, 53, 52, 51, 50, 49]}]
2026-05-23 17:41:21.851 | INFO     | app.main:log_requests:77 - Response status: 200
2026-05-23 17:41:21.854 | INFO     | app.main:log_requests:69 - Incoming request: POST http://127.0.0.1:8000/frontend-log
2026-05-23 17:41:21.855 | INFO     | app.routers.logs:receive_frontend_logs:10 - [INFO] Get sets of Sergey request sent {}
2026-05-23 17:41:21.855 | INFO     | app.main:log_requests:77 - Response status: 200
2026-05-23 17:41:22.969 | INFO     | app.main:log_requests:69 - Incoming request: POST http://127.0.0.1:8000/get_words
2026-05-23 17:41:22.970 | INFO     | app.routers.get_words_from_set:get_words:11 - Getting Sets attempt: word_ids=[6, 5, 4, 3, 2, 1]
2026-05-23 17:41:22.971 | INFO     | app.services.set_service:get_words_from_set:128 - [GET WORDS] Start fetching words for IDs: [6, 5, 4, 3, 2, 1]
2026-05-23 17:41:22.972 | INFO     | app.services.set_service:get_words_from_set:131 - [GET WORDS] Fetching words for ID: 6
2026-05-23 17:41:22.975 | INFO     | app.services.set_service:get_words_from_set:139 - [GET WORDS] Found word: id=6, word='seize'
2026-05-23 17:41:22.975 | INFO     | app.services.set_service:get_words_from_set:131 - [GET WORDS] Fetching words for ID: 5
2026-05-23 17:41:22.977 | INFO     | app.services.set_service:get_words_from_set:139 - [GET WORDS] Found word: id=5, word='settle'
2026-05-23 17:41:22.977 | INFO     | app.services.set_service:get_words_from_set:131 - [GET WORDS] Fetching words for ID: 4
2026-05-23 17:41:22.979 | INFO     | app.services.set_service:get_words_from_set:139 - [GET WORDS] Found word: id=4, word='suit'
2026-05-23 17:41:22.979 | INFO     | app.services.set_service:get_words_from_set:131 - [GET WORDS] Fetching words for ID: 3
2026-05-23 17:41:22.980 | INFO     | app.services.set_service:get_words_from_set:139 - [GET WORDS] Found word: id=3, word='request'
2026-05-23 17:41:22.981 | INFO     | app.services.set_service:get_words_from_set:131 - [GET WORDS] Fetching words for ID: 2
2026-05-23 17:41:22.982 | INFO     | app.services.set_service:get_words_from_set:139 - [GET WORDS] Found word: id=2, word='rise'
2026-05-23 17:41:22.982 | INFO     | app.services.set_service:get_words_from_set:131 - [GET WORDS] Fetching words for ID: 1
2026-05-23 17:41:22.983 | INFO     | app.services.set_service:get_words_from_set:139 - [GET WORDS] Found word: id=1, word='enterprise'
2026-05-23 17:41:22.983 | INFO     | app.services.set_service:get_words_from_set:141 - [GET WORDS] Final result list: [{'id': 6, 'word': 'seize'}, {'id': 5, 'word': 'settle'}, {'id': 4, 'word': 'suit'}, {'id': 3, 'word': 'request'}, {'id': 2, 'word': 'rise'}, {'id': 1, 'word': 'enterprise'}]
2026-05-23 17:41:22.984 | INFO     | app.routers.get_words_from_set:get_words:16 - Getting Sets success: [{'id': 6, 'word': 'seize'}, {'id': 5, 'word': 'settle'}, {'id': 4, 'word': 'suit'}, {'id': 3, 'word': 'request'}, {'id': 2, 'word': 'rise'}, {'id': 1, 'word': 'enterprise'}]
2026-05-23 17:41:22.984 | INFO     | app.main:log_requests:77 - Response status: 200
2026-05-23 17:41:22.987 | INFO     | app.main:log_requests:69 - Incoming request: POST http://127.0.0.1:8000/frontend-log
2026-05-23 17:41:22.988 | INFO     | app.routers.logs:receive_frontend_logs:10 - [INFO] Get words from Set-1 request sent {}
2026-05-23 17:41:22.988 | INFO     | app.main:log_requests:77 - Response status: 200
2026-05-23 17:41:23.893 | INFO     | app.main:log_requests:69 - Incoming request: POST http://127.0.0.1:8000/frontend-log
2026-05-23 17:41:23.894 | INFO     | app.main:log_requests:69 - Incoming request: POST http://127.0.0.1:8000/frontend-log
2026-05-23 17:41:23.897 | INFO     | app.routers.logs:receive_frontend_logs:10 - [INFO] Word suit clicked {'word': 'suit'}
2026-05-23 17:41:23.897 | INFO     | app.main:log_requests:69 - Incoming request: POST http://127.0.0.1:8000/frontend-log
2026-05-23 17:41:23.897 | INFO     | app.main:log_requests:69 - Incoming request: POST http://127.0.0.1:8000/frontend-log
2026-05-23 17:41:23.897 | INFO     | app.main:log_requests:69 - Incoming request: POST http://127.0.0.1:8000/frontend-log
2026-05-23 17:41:23.898 | INFO     | app.main:log_requests:69 - Incoming request: POST http://127.0.0.1:8000/frontend-log
2026-05-23 17:41:23.898 | INFO     | app.routers.logs:receive_frontend_logs:10 - [INFO] Word screen render start {}
2026-05-23 17:41:23.898 | INFO     | app.main:log_requests:77 - Response status: 200
2026-05-23 17:41:23.899 | INFO     | app.main:log_requests:77 - Response status: 200
2026-05-23 17:41:23.900 | INFO     | app.routers.logs:receive_frontend_logs:10 - [INFO] Word screen node {'found': True}
2026-05-23 17:41:23.900 | INFO     | app.routers.logs:receive_frontend_logs:10 - [INFO] Word request from the base {}
2026-05-23 17:41:23.900 | INFO     | app.routers.logs:receive_frontend_logs:10 - [INFO] Word request start {'endpoint': '/get_word', 'word': 'suit', 'user_id': 2, 'languge': ''}
2026-05-23 17:41:23.901 | INFO     | app.routers.logs:receive_frontend_logs:10 - [INFO] get_word request shape {'endpoint': '/get_word', 'method': 'POST', 'hasEndpoint': True, 'hasWord': True, 'hasUser': True}
2026-05-23 17:41:23.901 | INFO     | app.main:log_requests:77 - Response status: 200
2026-05-23 17:41:23.901 | INFO     | app.main:log_requests:77 - Response status: 200
2026-05-23 17:41:23.902 | INFO     | app.main:log_requests:77 - Response status: 200
2026-05-23 17:41:23.902 | INFO     | app.main:log_requests:77 - Response status: 200
2026-05-23 17:41:23.906 | INFO     | app.main:log_requests:69 - Incoming request: POST http://127.0.0.1:8000/get_word
2026-05-23 17:41:23.907 | INFO     | app.routers.get_word:get_word:16 - Reading Word attempt: user_id=2 word='suit'
2026-05-23 17:41:23.910 | INFO     | app.routers.get_word:get_word:22 - Reading word success: suit
2026-05-23 17:41:23.910 | INFO     | app.main:log_requests:77 - Response status: 200
2026-05-23 17:41:23.954 | INFO     | app.main:log_requests:69 - Incoming request: POST http://127.0.0.1:8000/frontend-log
2026-05-23 17:41:23.954 | INFO     | app.main:log_requests:69 - Incoming request: POST http://127.0.0.1:8000/frontend-log
2026-05-23 17:41:23.955 | INFO     | app.routers.logs:receive_frontend_logs:10 - [INFO] get_word response shape {'keys': ['word', 'translation', 'part_of_speech', 'transcription', 'examples', 'synonyms', 'antonyms', 'created_at', 'updated_at']}
2026-05-23 17:41:23.955 | INFO     | app.main:log_requests:77 - Response status: 200
2026-05-23 17:41:23.956 | INFO     | app.routers.logs:receive_frontend_logs:10 - [INFO] Word details loaded {'word': 'suit', 'hasData': False}
2026-05-23 17:41:23.956 | INFO     | app.main:log_requests:77 - Response status: 200
2026-05-23 17:41:26.418 | INFO     | app.main:log_requests:69 - Incoming request: POST http://127.0.0.1:8000/frontend-log
2026-05-23 17:41:26.418 | INFO     | app.main:log_requests:69 - Incoming request: POST http://127.0.0.1:8000/get_better_translation
2026-05-23 17:41:26.419 | INFO     | app.routers.logs:receive_frontend_logs:10 - [INFO] get_better_translation request shape {'endpoint': '/get_better_translation', 'method': 'POST', 'hasEndpoint': True, 'hasWord': True}
2026-05-23 17:41:26.419 | INFO     | app.main:log_requests:77 - Response status: 200
2026-05-23 17:41:26.420 | INFO     | app.main:log_requests:77 - Response status: 422
2026-05-23 17:41:26.427 | INFO     | app.main:log_requests:69 - Incoming request: POST http://127.0.0.1:8000/frontend-log
2026-05-23 17:41:26.427 | INFO     | app.main:log_requests:69 - Incoming request: POST http://127.0.0.1:8000/frontend-log
2026-05-23 17:41:26.429 | INFO     | app.routers.logs:receive_frontend_logs:10 - [ERROR] get_better_translation request failed {'error': 'API error 422: {"detail":[{"type":"missing","loc":["body","source_lang"],"msg":"Field required","input":{"word":"suit","sourceLang":"en","targetLang":"ru"}},{"type":"missing","loc":["body","target_lang"],"msg":"Field required","input":{"word":"suit","sourceLang":"en","targetLang":"ru"}}]}'}
2026-05-23 17:41:26.429 | INFO     | app.main:log_requests:77 - Response status: 200
2026-05-23 17:41:26.429 | INFO     | app.routers.logs:receive_frontend_logs:10 - [ERROR] Better translation failed {'error': 'API error 422: {"detail":[{"type":"missing","loc":["body","source_lang"],"msg":"Field required","input":{"word":"suit","sourceLang":"en","targetLang":"ru"}},{"type":"missing","loc":["body","target_lang"],"msg":"Field required","input":{"word":"suit","sourceLang":"en","targetLang":"ru"}}]}'}
2026-05-23 17:41:26.430 | INFO     | app.main:log_requests:77 - Response status: 200
2026-05-23 17:45:07.575 | INFO     | app.main:log_requests:69 - Incoming request: OPTIONS http://127.0.0.1:8000/frontend-log
2026-05-23 17:45:07.577 | INFO     | app.main:log_requests:69 - Incoming request: OPTIONS http://127.0.0.1:8000/frontend-log
2026-05-23 17:45:07.577 | INFO     | app.main:log_requests:77 - Response status: 200
2026-05-23 17:45:07.578 | INFO     | app.main:log_requests:77 - Response status: 200
2026-05-23 17:45:07.579 | INFO     | app.main:log_requests:69 - Incoming request: OPTIONS http://127.0.0.1:8000/frontend-log
2026-05-23 17:45:07.579 | INFO     | app.main:log_requests:69 - Incoming request: GET http://127.0.0.1:8000/me
2026-05-23 17:45:07.582 | INFO     | app.main:log_requests:77 - Response status: 200
2026-05-23 17:45:07.583 | INFO     | app.main:log_requests:69 - Incoming request: POST http://127.0.0.1:8000/frontend-log
2026-05-23 17:45:07.586 | INFO     | app.main:log_requests:69 - Incoming request: POST http://127.0.0.1:8000/frontend-log
2026-05-23 17:45:07.586 | INFO     | app.main:log_requests:69 - Incoming request: POST http://127.0.0.1:8000/frontend-log
2026-05-23 17:45:07.587 | INFO     | app.routers.logs:receive_frontend_logs:10 - [INFO] Translate screen node {'found': True}
2026-05-23 17:45:07.588 | INFO     | app.main:log_requests:77 - Response status: 200
2026-05-23 17:45:07.589 | INFO     | app.routers.logs:receive_frontend_logs:10 - [INFO] Translate screen render start {}
2026-05-23 17:45:07.589 | INFO     | app.routers.logs:receive_frontend_logs:10 - [INFO] Me request shape {'endpoint': '/me', 'method': 'GET', 'hasToken': True}
2026-05-23 17:45:07.590 | INFO     | app.main:log_requests:77 - Response status: 200
2026-05-23 17:45:07.591 | INFO     | app.main:log_requests:77 - Response status: 200
2026-05-23 17:45:07.591 | INFO     | app.routers.auth:get_me:53 - Get current user. 2 - Sergey
2026-05-23 17:45:07.591 | INFO     | app.main:log_requests:77 - Response status: 200
2026-05-23 17:45:07.598 | INFO     | app.main:log_requests:69 - Incoming request: POST http://127.0.0.1:8000/frontend-log
2026-05-23 17:45:07.599 | INFO     | app.main:log_requests:69 - Incoming request: POST http://127.0.0.1:8000/frontend-log
2026-05-23 17:45:07.599 | INFO     | app.routers.logs:receive_frontend_logs:10 - [INFO] Me response shape {'keys': ['nickname', 'email', 'avatar_url', 'is_guest', 'is_premium', 'id', 'created_at', 'last_login'], 'isGuest': False}
2026-05-23 17:45:07.600 | INFO     | app.main:log_requests:77 - Response status: 200
2026-05-23 17:45:07.600 | INFO     | app.routers.logs:receive_frontend_logs:10 - [INFO] Init user success {'hasUser': True}
2026-05-23 17:45:07.601 | INFO     | app.main:log_requests:77 - Response status: 200
2026-05-23 17:45:12.967 | INFO     | app.main:log_requests:69 - Incoming request: OPTIONS http://127.0.0.1:8000/frontend-log
2026-05-23 17:45:12.967 | INFO     | app.main:log_requests:69 - Incoming request: POST http://127.0.0.1:8000/get_sets
2026-05-23 17:45:12.968 | INFO     | app.main:log_requests:77 - Response status: 200
2026-05-23 17:45:12.970 | INFO     | app.routers.get_sets:get_sets:11 - Getting Sets attempt: name='Sergey'
2026-05-23 17:45:12.971 | INFO     | app.main:log_requests:69 - Incoming request: POST http://127.0.0.1:8000/frontend-log
2026-05-23 17:45:12.972 | INFO     | app.routers.logs:receive_frontend_logs:10 - [INFO] Sets screen render start {}
2026-05-23 17:45:12.974 | INFO     | app.main:log_requests:77 - Response status: 200
2026-05-23 17:45:12.980 | INFO     | app.routers.get_sets:get_sets:16 - Getting Sets success: [{'id': 1, 'name': 'Set-1', 'word_ids': [6, 5, 4, 3, 2, 1]}, {'id': 2, 'name': 'Set-2', 'word_ids': [12, 11, 10, 9, 8, 7]}, {'id': 5, 'name': 'Set-3', 'word_ids': [30, 29, 28, 27, 26, 25]}, {'id': 6, 'name': 'Set-4', 'word_ids': [36, 35, 34, 33, 32, 31]}, {'id': 7, 'name': 'Set-5', 'word_ids': [42, 41, 40, 39, 38, 37]}, {'id': 8, 'name': 'Set-6', 'word_ids': [48, 47, 46, 45, 44, 43]}, {'id': 9, 'name': 'Set-7', 'word_ids': [54, 53, 52, 51, 50, 49]}]
2026-05-23 17:45:12.980 | INFO     | app.main:log_requests:77 - Response status: 200
2026-05-23 17:45:12.992 | INFO     | app.main:log_requests:69 - Incoming request: POST http://127.0.0.1:8000/frontend-log
2026-05-23 17:45:12.993 | INFO     | app.routers.logs:receive_frontend_logs:10 - [INFO] Get sets of Sergey request sent {}
2026-05-23 17:45:12.993 | INFO     | app.main:log_requests:77 - Response status: 200
2026-05-23 17:45:14.237 | INFO     | app.main:log_requests:69 - Incoming request: POST http://127.0.0.1:8000/get_words
2026-05-23 17:45:14.238 | INFO     | app.routers.get_words_from_set:get_words:11 - Getting Sets attempt: word_ids=[6, 5, 4, 3, 2, 1]
2026-05-23 17:45:14.238 | INFO     | app.services.set_service:get_words_from_set:128 - [GET WORDS] Start fetching words for IDs: [6, 5, 4, 3, 2, 1]
2026-05-23 17:45:14.238 | INFO     | app.services.set_service:get_words_from_set:131 - [GET WORDS] Fetching words for ID: 6
2026-05-23 17:45:14.243 | INFO     | app.services.set_service:get_words_from_set:139 - [GET WORDS] Found word: id=6, word='seize'
2026-05-23 17:45:14.243 | INFO     | app.services.set_service:get_words_from_set:131 - [GET WORDS] Fetching words for ID: 5
2026-05-23 17:45:14.245 | INFO     | app.services.set_service:get_words_from_set:139 - [GET WORDS] Found word: id=5, word='settle'
2026-05-23 17:45:14.245 | INFO     | app.services.set_service:get_words_from_set:131 - [GET WORDS] Fetching words for ID: 4
2026-05-23 17:45:14.247 | INFO     | app.services.set_service:get_words_from_set:139 - [GET WORDS] Found word: id=4, word='suit'
2026-05-23 17:45:14.247 | INFO     | app.services.set_service:get_words_from_set:131 - [GET WORDS] Fetching words for ID: 3
2026-05-23 17:45:14.249 | INFO     | app.services.set_service:get_words_from_set:139 - [GET WORDS] Found word: id=3, word='request'
2026-05-23 17:45:14.249 | INFO     | app.services.set_service:get_words_from_set:131 - [GET WORDS] Fetching words for ID: 2
2026-05-23 17:45:14.251 | INFO     | app.services.set_service:get_words_from_set:139 - [GET WORDS] Found word: id=2, word='rise'
2026-05-23 17:45:14.251 | INFO     | app.services.set_service:get_words_from_set:131 - [GET WORDS] Fetching words for ID: 1
2026-05-23 17:45:14.252 | INFO     | app.services.set_service:get_words_from_set:139 - [GET WORDS] Found word: id=1, word='enterprise'
2026-05-23 17:45:14.253 | INFO     | app.services.set_service:get_words_from_set:141 - [GET WORDS] Final result list: [{'id': 6, 'word': 'seize'}, {'id': 5, 'word': 'settle'}, {'id': 4, 'word': 'suit'}, {'id': 3, 'word': 'request'}, {'id': 2, 'word': 'rise'}, {'id': 1, 'word': 'enterprise'}]
2026-05-23 17:45:14.253 | INFO     | app.routers.get_words_from_set:get_words:16 - Getting Sets success: [{'id': 6, 'word': 'seize'}, {'id': 5, 'word': 'settle'}, {'id': 4, 'word': 'suit'}, {'id': 3, 'word': 'request'}, {'id': 2, 'word': 'rise'}, {'id': 1, 'word': 'enterprise'}]
2026-05-23 17:45:14.253 | INFO     | app.main:log_requests:77 - Response status: 200
2026-05-23 17:45:14.257 | INFO     | app.main:log_requests:69 - Incoming request: POST http://127.0.0.1:8000/frontend-log
2026-05-23 17:45:14.257 | INFO     | app.routers.logs:receive_frontend_logs:10 - [INFO] Get words from Set-1 request sent {}
2026-05-23 17:45:14.257 | INFO     | app.main:log_requests:77 - Response status: 200
2026-05-23 17:45:16.575 | INFO     | app.main:log_requests:69 - Incoming request: POST http://127.0.0.1:8000/frontend-log
2026-05-23 17:45:16.576 | INFO     | app.main:log_requests:69 - Incoming request: POST http://127.0.0.1:8000/frontend-log
2026-05-23 17:45:16.577 | INFO     | app.main:log_requests:69 - Incoming request: POST http://127.0.0.1:8000/frontend-log
2026-05-23 17:45:16.580 | INFO     | app.routers.logs:receive_frontend_logs:10 - [INFO] Word suit clicked {'word': 'suit'}
2026-05-23 17:45:16.580 | INFO     | app.main:log_requests:69 - Incoming request: POST http://127.0.0.1:8000/frontend-log
2026-05-23 17:45:16.580 | INFO     | app.main:log_requests:69 - Incoming request: POST http://127.0.0.1:8000/frontend-log
2026-05-23 17:45:16.580 | INFO     | app.main:log_requests:69 - Incoming request: POST http://127.0.0.1:8000/frontend-log
2026-05-23 17:45:16.580 | INFO     | app.routers.logs:receive_frontend_logs:10 - [INFO] Word screen render start {}
2026-05-23 17:45:16.581 | INFO     | app.main:log_requests:77 - Response status: 200
2026-05-23 17:45:16.581 | INFO     | app.routers.logs:receive_frontend_logs:10 - [INFO] Word screen node {'found': True}
2026-05-23 17:45:16.582 | INFO     | app.main:log_requests:77 - Response status: 200
2026-05-23 17:45:16.582 | INFO     | app.main:log_requests:77 - Response status: 200
2026-05-23 17:45:16.583 | INFO     | app.routers.logs:receive_frontend_logs:10 - [INFO] Word request from the base {}
2026-05-23 17:45:16.583 | INFO     | app.routers.logs:receive_frontend_logs:10 - [INFO] Word request start {'endpoint': '/get_word', 'word': 'suit', 'user_id': 2, 'languge': ''}
2026-05-23 17:45:16.583 | INFO     | app.routers.logs:receive_frontend_logs:10 - [INFO] get_word request shape {'endpoint': '/get_word', 'method': 'POST', 'hasEndpoint': True, 'hasWord': True, 'hasUser': True}
2026-05-23 17:45:16.584 | INFO     | app.main:log_requests:77 - Response status: 200
2026-05-23 17:45:16.584 | INFO     | app.main:log_requests:77 - Response status: 200
2026-05-23 17:45:16.585 | INFO     | app.main:log_requests:77 - Response status: 200
2026-05-23 17:45:16.589 | INFO     | app.main:log_requests:69 - Incoming request: POST http://127.0.0.1:8000/get_word
2026-05-23 17:45:16.589 | INFO     | app.routers.get_word:get_word:16 - Reading Word attempt: user_id=2 word='suit'
2026-05-23 17:45:16.592 | INFO     | app.routers.get_word:get_word:22 - Reading word success: suit
2026-05-23 17:45:16.592 | INFO     | app.main:log_requests:77 - Response status: 200
2026-05-23 17:45:16.636 | INFO     | app.main:log_requests:69 - Incoming request: POST http://127.0.0.1:8000/frontend-log
2026-05-23 17:45:16.637 | INFO     | app.main:log_requests:69 - Incoming request: POST http://127.0.0.1:8000/frontend-log
2026-05-23 17:45:16.638 | INFO     | app.routers.logs:receive_frontend_logs:10 - [INFO] get_word response shape {'keys': ['word', 'translation', 'part_of_speech', 'transcription', 'examples', 'synonyms', 'antonyms', 'created_at', 'updated_at']}
2026-05-23 17:45:16.638 | INFO     | app.main:log_requests:77 - Response status: 200
2026-05-23 17:45:16.639 | INFO     | app.routers.logs:receive_frontend_logs:10 - [INFO] Word details loaded {'word': 'suit', 'hasData': False}
2026-05-23 17:45:16.639 | INFO     | app.main:log_requests:77 - Response status: 200
2026-05-23 17:45:19.629 | INFO     | app.main:log_requests:69 - Incoming request: POST http://127.0.0.1:8000/frontend-log
2026-05-23 17:45:19.630 | INFO     | app.main:log_requests:69 - Incoming request: POST http://127.0.0.1:8000/get_better_translation
2026-05-23 17:45:19.631 | INFO     | app.routers.logs:receive_frontend_logs:10 - [INFO] get_better_translation request shape {'endpoint': '/get_better_translation', 'method': 'POST', 'hasEndpoint': True, 'hasWord': True}
2026-05-23 17:45:19.631 | INFO     | app.routers.get_word:get_better_translation:29 - Get better word translation attempt: word='suit' source_lang='en' target_lang='ru'
2026-05-23 17:45:19.633 | INFO     | app.main:log_requests:77 - Response status: 200
2026-05-23 17:45:22.775 | SUCCESS  | app.routers.get_word:get_better_translation:38 - Translation success: suit
2026-05-23 17:45:22.775 | INFO     | app.main:log_requests:77 - Response status: 200
2026-05-23 17:45:22.778 | INFO     | app.main:log_requests:69 - Incoming request: POST http://127.0.0.1:8000/frontend-log
2026-05-23 17:45:22.779 | INFO     | app.main:log_requests:69 - Incoming request: POST http://127.0.0.1:8000/frontend-log
2026-05-23 17:45:22.779 | INFO     | app.routers.logs:receive_frontend_logs:10 - [INFO] get_better_translation response shape {'keys': ['word', 'translation', 'transcription', 'part_of_speech']}
2026-05-23 17:45:22.780 | INFO     | app.routers.logs:receive_frontend_logs:10 - [INFO] Better translation result {'result': {'word': 'suit', 'translation': 'noun, сущ. костюм, иск; подходить | костюм, иск, комплект, набор, платье, пиджак и брюки, одежда, ансамбль | suits | suit, suited, suited, suiting | be suited to, be fit for | suit someone - подходить кому-либо, suit up - надевать костюм, suit for - предъявлять иск, suit against - иск против, suit yourself - как хочешь, business suit - деловой костюм | нейтр., часто о одежде, суде и соответствия; не путать с suite | The suit fits well; He filed a suit against the company; That color suits you | costume, set, ensemble, fit, match', 'transcription': None, 'part_of_speech': None}}
2026-05-23 17:45:22.780 | INFO     | app.main:log_requests:77 - Response status: 200
2026-05-23 17:45:22.781 | INFO     | app.main:log_requests:77 - Response status: 200
2026-05-23 18:16:19.252 | INFO     | app.main:log_requests:69 - Incoming request: OPTIONS http://127.0.0.1:8000/frontend-log
2026-05-23 18:16:19.253 | INFO     | app.main:log_requests:69 - Incoming request: OPTIONS http://127.0.0.1:8000/get_better_translation
2026-05-23 18:16:19.253 | INFO     | app.main:log_requests:77 - Response status: 200
2026-05-23 18:16:19.255 | INFO     | app.main:log_requests:77 - Response status: 200
2026-05-23 18:16:19.258 | INFO     | app.main:log_requests:69 - Incoming request: POST http://127.0.0.1:8000/get_better_translation
2026-05-23 18:16:19.259 | INFO     | app.main:log_requests:69 - Incoming request: POST http://127.0.0.1:8000/frontend-log
2026-05-23 18:16:19.261 | INFO     | app.routers.get_word:get_better_translation:29 - Get better word translation attempt: word='suit' source_lang='en' target_lang='ru'
2026-05-23 18:16:19.552 | INFO     | app.routers.logs:receive_frontend_logs:10 - [INFO] get_better_translation request shape {'endpoint': '/get_better_translation', 'method': 'POST', 'hasEndpoint': True, 'hasWord': True}
2026-05-23 18:16:19.553 | INFO     | app.main:log_requests:77 - Response status: 200
2026-05-23 18:16:23.101 | SUCCESS  | app.routers.get_word:get_better_translation:38 - Translation success: suit
2026-05-23 18:16:23.101 | INFO     | app.main:log_requests:77 - Response status: 200
2026-05-23 18:16:23.145 | INFO     | app.main:log_requests:69 - Incoming request: POST http://127.0.0.1:8000/frontend-log
2026-05-23 18:16:23.146 | INFO     | app.main:log_requests:69 - Incoming request: POST http://127.0.0.1:8000/frontend-log
2026-05-23 18:16:23.147 | INFO     | app.routers.logs:receive_frontend_logs:10 - [INFO] get_better_translation response shape {'keys': ['word', 'translation', 'transcription', 'part_of_speech']}
2026-05-23 18:16:23.147 | INFO     | app.routers.logs:receive_frontend_logs:10 - [INFO] Better translation result {'result': {'word': 'suit', 'translation': 'Part of speech - noun, verb, костюм, подходить | Primary translations (max 16, comma-separated) - костюм, комплект, иск, скафандр, карта масти, удовлетворять, подходить, пришиваться, соответствовать | Plural / comparative / superlative / other inflected forms - suits | Verb forms - suit, suited, suited, suiting | Passive form - be suited | Phrasal verbs / common collocations - suit up - надеть костюм, comply with a suit - соответствовать иску, suit oneself - поступать по-своему, suit someone’s needs - подходить чьим-то нуждам, business suit - деловой костюм, lawsuit - судебный иск | Usage notes - common in clothing, law, cards, and general “be appropriate” contexts; suit is often confused with fit | Example sentences (up to 3) - This suit fits him well; The proposal suits our needs; She wore a dark suit | Related words / short synonyms (up to 6) - fit, match, outfit, costume, adapt, please', 'transcription': None, 'part_of_speech': None}}
2026-05-23 18:16:23.148 | INFO     | app.main:log_requests:77 - Response status: 200
2026-05-23 18:16:23.149 | INFO     | app.main:log_requests:77 - Response status: 200
2026-05-23 18:21:12.389 | INFO     | app.main:log_requests:69 - Incoming request: POST http://127.0.0.1:8000/frontend-log
2026-05-23 18:21:12.390 | INFO     | app.main:log_requests:69 - Incoming request: POST http://127.0.0.1:8000/frontend-log
2026-05-23 18:21:12.391 | INFO     | app.routers.logs:receive_frontend_logs:10 - [INFO] Translate screen render start {}
2026-05-23 18:21:12.392 | INFO     | app.main:log_requests:69 - Incoming request: POST http://127.0.0.1:8000/frontend-log
2026-05-23 18:21:12.392 | INFO     | app.main:log_requests:69 - Incoming request: OPTIONS http://127.0.0.1:8000/me
2026-05-23 18:21:12.393 | INFO     | app.main:log_requests:77 - Response status: 200
2026-05-23 18:21:12.393 | INFO     | app.routers.logs:receive_frontend_logs:10 - [INFO] Translate screen node {'found': True}
2026-05-23 18:21:12.394 | INFO     | app.main:log_requests:77 - Response status: 200
2026-05-23 18:21:12.395 | INFO     | app.main:log_requests:77 - Response status: 200
2026-05-23 18:21:12.395 | INFO     | app.routers.logs:receive_frontend_logs:10 - [INFO] Me request shape {'endpoint': '/me', 'method': 'GET', 'hasToken': True}
2026-05-23 18:21:12.396 | INFO     | app.main:log_requests:77 - Response status: 200
2026-05-23 18:21:12.398 | INFO     | app.main:log_requests:69 - Incoming request: GET http://127.0.0.1:8000/me
2026-05-23 18:21:12.415 | INFO     | app.routers.auth:get_me:53 - Get current user. 2 - Sergey
2026-05-23 18:21:12.416 | INFO     | app.main:log_requests:77 - Response status: 200
2026-05-23 18:21:12.460 | INFO     | app.main:log_requests:69 - Incoming request: POST http://127.0.0.1:8000/frontend-log
2026-05-23 18:21:12.461 | INFO     | app.main:log_requests:69 - Incoming request: POST http://127.0.0.1:8000/frontend-log
2026-05-23 18:21:12.462 | INFO     | app.routers.logs:receive_frontend_logs:10 - [INFO] Me response shape {'keys': ['nickname', 'email', 'avatar_url', 'is_guest', 'is_premium', 'id', 'created_at', 'last_login'], 'isGuest': False}
2026-05-23 18:21:12.463 | INFO     | app.routers.logs:receive_frontend_logs:10 - [INFO] Init user success {'hasUser': True}
2026-05-23 18:21:12.463 | INFO     | app.main:log_requests:77 - Response status: 200
2026-05-23 18:21:12.464 | INFO     | app.main:log_requests:77 - Response status: 200
2026-05-23 18:21:17.687 | INFO     | app.main:log_requests:69 - Incoming request: POST http://127.0.0.1:8000/frontend-log
2026-05-23 18:21:17.688 | INFO     | app.main:log_requests:69 - Incoming request: OPTIONS http://127.0.0.1:8000/get_sets
2026-05-23 18:21:17.688 | INFO     | app.routers.logs:receive_frontend_logs:10 - [INFO] Sets screen render start {}
2026-05-23 18:21:17.690 | INFO     | app.main:log_requests:77 - Response status: 200
2026-05-23 18:21:17.691 | INFO     | app.main:log_requests:77 - Response status: 200
2026-05-23 18:21:17.694 | INFO     | app.main:log_requests:69 - Incoming request: POST http://127.0.0.1:8000/get_sets
2026-05-23 18:21:17.695 | INFO     | app.routers.get_sets:get_sets:11 - Getting Sets attempt: name='Sergey'
2026-05-23 18:21:17.708 | INFO     | app.routers.get_sets:get_sets:16 - Getting Sets success: [{'id': 1, 'name': 'Set-1', 'word_ids': [6, 5, 4, 3, 2, 1]}, {'id': 2, 'name': 'Set-2', 'word_ids': [12, 11, 10, 9, 8, 7]}, {'id': 5, 'name': 'Set-3', 'word_ids': [30, 29, 28, 27, 26, 25]}, {'id': 6, 'name': 'Set-4', 'word_ids': [36, 35, 34, 33, 32, 31]}, {'id': 7, 'name': 'Set-5', 'word_ids': [42, 41, 40, 39, 38, 37]}, {'id': 8, 'name': 'Set-6', 'word_ids': [48, 47, 46, 45, 44, 43]}, {'id': 9, 'name': 'Set-7', 'word_ids': [54, 53, 52, 51, 50, 49]}]
2026-05-23 18:21:17.709 | INFO     | app.main:log_requests:77 - Response status: 200
2026-05-23 18:21:17.753 | INFO     | app.main:log_requests:69 - Incoming request: POST http://127.0.0.1:8000/frontend-log
2026-05-23 18:21:17.753 | INFO     | app.routers.logs:receive_frontend_logs:10 - [INFO] Get sets of Sergey request sent {}
2026-05-23 18:21:17.754 | INFO     | app.main:log_requests:77 - Response status: 200
2026-05-23 18:21:18.547 | INFO     | app.main:log_requests:69 - Incoming request: OPTIONS http://127.0.0.1:8000/get_words
2026-05-23 18:21:18.547 | INFO     | app.main:log_requests:77 - Response status: 200
2026-05-23 18:21:18.549 | INFO     | app.main:log_requests:69 - Incoming request: POST http://127.0.0.1:8000/get_words
2026-05-23 18:21:18.550 | INFO     | app.routers.get_words_from_set:get_words:11 - Getting Sets attempt: word_ids=[6, 5, 4, 3, 2, 1]
2026-05-23 18:21:18.550 | INFO     | app.services.set_service:get_words_from_set:128 - [GET WORDS] Start fetching words for IDs: [6, 5, 4, 3, 2, 1]
2026-05-23 18:21:18.550 | INFO     | app.services.set_service:get_words_from_set:131 - [GET WORDS] Fetching words for ID: 6
2026-05-23 18:21:18.557 | INFO     | app.services.set_service:get_words_from_set:139 - [GET WORDS] Found word: id=6, word='seize'
2026-05-23 18:21:18.558 | INFO     | app.services.set_service:get_words_from_set:131 - [GET WORDS] Fetching words for ID: 5
2026-05-23 18:21:18.560 | INFO     | app.services.set_service:get_words_from_set:139 - [GET WORDS] Found word: id=5, word='settle'
2026-05-23 18:21:18.560 | INFO     | app.services.set_service:get_words_from_set:131 - [GET WORDS] Fetching words for ID: 4
2026-05-23 18:21:18.562 | INFO     | app.services.set_service:get_words_from_set:139 - [GET WORDS] Found word: id=4, word='suit'
2026-05-23 18:21:18.562 | INFO     | app.services.set_service:get_words_from_set:131 - [GET WORDS] Fetching words for ID: 3
2026-05-23 18:21:18.564 | INFO     | app.services.set_service:get_words_from_set:139 - [GET WORDS] Found word: id=3, word='request'
2026-05-23 18:21:18.564 | INFO     | app.services.set_service:get_words_from_set:131 - [GET WORDS] Fetching words for ID: 2
2026-05-23 18:21:18.566 | INFO     | app.services.set_service:get_words_from_set:139 - [GET WORDS] Found word: id=2, word='rise'
2026-05-23 18:21:18.566 | INFO     | app.services.set_service:get_words_from_set:131 - [GET WORDS] Fetching words for ID: 1
2026-05-23 18:21:18.568 | INFO     | app.services.set_service:get_words_from_set:139 - [GET WORDS] Found word: id=1, word='enterprise'
2026-05-23 18:21:18.568 | INFO     | app.services.set_service:get_words_from_set:141 - [GET WORDS] Final result list: [{'id': 6, 'word': 'seize'}, {'id': 5, 'word': 'settle'}, {'id': 4, 'word': 'suit'}, {'id': 3, 'word': 'request'}, {'id': 2, 'word': 'rise'}, {'id': 1, 'word': 'enterprise'}]
2026-05-23 18:21:18.568 | INFO     | app.routers.get_words_from_set:get_words:16 - Getting Sets success: [{'id': 6, 'word': 'seize'}, {'id': 5, 'word': 'settle'}, {'id': 4, 'word': 'suit'}, {'id': 3, 'word': 'request'}, {'id': 2, 'word': 'rise'}, {'id': 1, 'word': 'enterprise'}]
2026-05-23 18:21:18.569 | INFO     | app.main:log_requests:77 - Response status: 200
2026-05-23 18:21:18.572 | INFO     | app.main:log_requests:69 - Incoming request: POST http://127.0.0.1:8000/frontend-log
2026-05-23 18:21:18.573 | INFO     | app.routers.logs:receive_frontend_logs:10 - [INFO] Get words from Set-1 request sent {}
2026-05-23 18:21:18.573 | INFO     | app.main:log_requests:77 - Response status: 200
2026-05-23 18:21:20.200 | INFO     | app.main:log_requests:69 - Incoming request: POST http://127.0.0.1:8000/frontend-log
2026-05-23 18:21:20.201 | INFO     | app.main:log_requests:69 - Incoming request: POST http://127.0.0.1:8000/frontend-log
2026-05-23 18:21:20.203 | INFO     | app.routers.logs:receive_frontend_logs:10 - [INFO] Word suit clicked {'word': 'suit'}
2026-05-23 18:21:20.205 | INFO     | app.main:log_requests:69 - Incoming request: POST http://127.0.0.1:8000/frontend-log
2026-05-23 18:21:20.206 | INFO     | app.main:log_requests:69 - Incoming request: POST http://127.0.0.1:8000/frontend-log
2026-05-23 18:21:20.206 | INFO     | app.main:log_requests:69 - Incoming request: POST http://127.0.0.1:8000/frontend-log
2026-05-23 18:21:20.206 | INFO     | app.main:log_requests:69 - Incoming request: POST http://127.0.0.1:8000/frontend-log
2026-05-23 18:21:20.206 | INFO     | app.main:log_requests:77 - Response status: 200
2026-05-23 18:21:20.207 | INFO     | app.routers.logs:receive_frontend_logs:10 - [INFO] Word screen render start {}
2026-05-23 18:21:20.208 | INFO     | app.main:log_requests:77 - Response status: 200
2026-05-23 18:21:20.209 | INFO     | app.routers.logs:receive_frontend_logs:10 - [INFO] Word screen node {'found': True}
2026-05-23 18:21:20.209 | INFO     | app.routers.logs:receive_frontend_logs:10 - [INFO] Word request from the base {}
2026-05-23 18:21:20.210 | INFO     | app.routers.logs:receive_frontend_logs:10 - [INFO] Word request start {'endpoint': '/get_word', 'word': 'suit', 'user_id': 2, 'languge': ''}
2026-05-23 18:21:20.210 | INFO     | app.routers.logs:receive_frontend_logs:10 - [INFO] get_word request shape {'endpoint': '/get_word', 'method': 'POST', 'hasEndpoint': True, 'hasWord': True, 'hasUser': True}
2026-05-23 18:21:20.210 | INFO     | app.main:log_requests:69 - Incoming request: OPTIONS http://127.0.0.1:8000/get_word
2026-05-23 18:21:20.210 | INFO     | app.main:log_requests:77 - Response status: 200
2026-05-23 18:21:20.211 | INFO     | app.main:log_requests:77 - Response status: 200
2026-05-23 18:21:20.211 | INFO     | app.main:log_requests:77 - Response status: 200
2026-05-23 18:21:20.212 | INFO     | app.main:log_requests:77 - Response status: 200
2026-05-23 18:21:20.213 | INFO     | app.main:log_requests:77 - Response status: 200
2026-05-23 18:21:20.216 | INFO     | app.main:log_requests:69 - Incoming request: POST http://127.0.0.1:8000/get_word
2026-05-23 18:21:20.217 | INFO     | app.routers.get_word:get_word:16 - Reading Word attempt: user_id=2 word='suit'
2026-05-23 18:21:20.220 | INFO     | app.routers.get_word:get_word:22 - Reading word success: suit
2026-05-23 18:21:20.221 | INFO     | app.main:log_requests:77 - Response status: 200
2026-05-23 18:21:20.265 | INFO     | app.main:log_requests:69 - Incoming request: POST http://127.0.0.1:8000/frontend-log
2026-05-23 18:21:20.265 | INFO     | app.main:log_requests:69 - Incoming request: POST http://127.0.0.1:8000/frontend-log
2026-05-23 18:21:20.267 | INFO     | app.routers.logs:receive_frontend_logs:10 - [INFO] get_word response shape {'keys': ['word', 'translation', 'part_of_speech', 'transcription', 'examples', 'synonyms', 'antonyms', 'created_at', 'updated_at']}
2026-05-23 18:21:20.268 | INFO     | app.routers.logs:receive_frontend_logs:10 - [INFO] Word details loaded {'word': 'suit', 'hasData': False}
2026-05-23 18:21:20.268 | INFO     | app.main:log_requests:77 - Response status: 200
2026-05-23 18:21:20.268 | INFO     | app.main:log_requests:77 - Response status: 200
2026-05-23 18:21:22.872 | INFO     | app.main:log_requests:69 - Incoming request: POST http://127.0.0.1:8000/frontend-log
2026-05-23 18:21:22.873 | INFO     | app.main:log_requests:69 - Incoming request: POST http://127.0.0.1:8000/get_better_translation
2026-05-23 18:21:22.874 | INFO     | app.routers.logs:receive_frontend_logs:10 - [INFO] get_better_translation request shape {'endpoint': '/get_better_translation', 'method': 'POST', 'hasEndpoint': True, 'hasWord': True}
2026-05-23 18:21:22.874 | INFO     | app.main:log_requests:77 - Response status: 200
2026-05-23 18:21:22.875 | INFO     | app.routers.get_word:get_better_translation:29 - Get better word translation attempt: word='suit' source_lang='en' target_lang='ru'
2026-05-23 18:21:30.856 | SUCCESS  | app.routers.get_word:get_better_translation:38 - Translation success: suit
2026-05-23 18:21:30.856 | INFO     | app.main:log_requests:77 - Response status: 200
2026-05-23 18:21:30.871 | INFO     | app.main:log_requests:69 - Incoming request: POST http://127.0.0.1:8000/frontend-log
2026-05-23 18:21:30.880 | INFO     | app.main:log_requests:69 - Incoming request: POST http://127.0.0.1:8000/frontend-log
2026-05-23 18:21:30.885 | INFO     | app.routers.logs:receive_frontend_logs:10 - [INFO] get_better_translation response shape {'keys': ['word', 'translation', 'transcription', 'part_of_speech']}
2026-05-23 18:21:30.887 | INFO     | app.main:log_requests:77 - Response status: 200
2026-05-23 18:21:30.888 | INFO     | app.routers.logs:receive_frontend_logs:10 - [INFO] Better translation result {'result': {'word': 'suit', 'translation': 'noun, verb, прил. | костюм, иск, подходить, годиться, соответствовать, удовлетворять, просить, подавать иск | suits, suit | suit, suited, suited, suiting | be suited | suit up - одеваться, suit out - экипировать, suit oneself - поступать как хочется, suit to - подходить к | neutral; as noun often clothing or legal action, as verb means match or be appropriate, not “follow” | This suit fits well; Blue suits you; The proposal suits our needs | costume, set, ensemble, fit, match, conform', 'transcription': None, 'part_of_speech': None}}
2026-05-23 18:21:30.888 | INFO     | app.main:log_requests:77 - Response status: 200
2026-05-23 18:22:40.609 | INFO     | app.main:log_requests:69 - Incoming request: POST http://127.0.0.1:8000/frontend-log
2026-05-23 18:22:40.610 | INFO     | app.main:log_requests:69 - Incoming request: POST http://127.0.0.1:8000/frontend-log
2026-05-23 18:22:40.611 | INFO     | app.main:log_requests:69 - Incoming request: POST http://127.0.0.1:8000/frontend-log
2026-05-23 18:22:40.611 | INFO     | app.main:log_requests:69 - Incoming request: GET http://127.0.0.1:8000/me
2026-05-23 18:22:40.613 | INFO     | app.routers.logs:receive_frontend_logs:10 - [INFO] Translate screen render start {}
2026-05-23 18:22:40.613 | INFO     | app.routers.logs:receive_frontend_logs:10 - [INFO] Translate screen node {'found': True}
2026-05-23 18:22:40.614 | INFO     | app.routers.logs:receive_frontend_logs:10 - [INFO] Me request shape {'endpoint': '/me', 'method': 'GET', 'hasToken': True}
2026-05-23 18:22:40.614 | INFO     | app.main:log_requests:77 - Response status: 200
2026-05-23 18:22:40.615 | INFO     | app.main:log_requests:77 - Response status: 200
2026-05-23 18:22:40.615 | INFO     | app.main:log_requests:77 - Response status: 200
2026-05-23 18:22:40.617 | INFO     | app.routers.auth:get_me:53 - Get current user. 2 - Sergey
2026-05-23 18:22:40.617 | INFO     | app.main:log_requests:77 - Response status: 200
2026-05-23 18:22:40.623 | INFO     | app.main:log_requests:69 - Incoming request: POST http://127.0.0.1:8000/frontend-log
2026-05-23 18:22:40.624 | INFO     | app.main:log_requests:69 - Incoming request: POST http://127.0.0.1:8000/frontend-log
2026-05-23 18:22:40.625 | INFO     | app.routers.logs:receive_frontend_logs:10 - [INFO] Me response shape {'keys': ['nickname', 'email', 'avatar_url', 'is_guest', 'is_premium', 'id', 'created_at', 'last_login'], 'isGuest': False}
2026-05-23 18:22:40.625 | INFO     | app.routers.logs:receive_frontend_logs:10 - [INFO] Init user success {'hasUser': True}
2026-05-23 18:22:40.626 | INFO     | app.main:log_requests:77 - Response status: 200
2026-05-23 18:22:40.626 | INFO     | app.main:log_requests:77 - Response status: 200
2026-05-23 18:22:44.396 | INFO     | app.main:log_requests:69 - Incoming request: POST http://127.0.0.1:8000/frontend-log
2026-05-23 18:22:44.397 | INFO     | app.main:log_requests:69 - Incoming request: POST http://127.0.0.1:8000/get_sets
2026-05-23 18:22:44.400 | INFO     | app.routers.logs:receive_frontend_logs:10 - [INFO] Sets screen render start {}
2026-05-23 18:22:44.400 | INFO     | app.routers.get_sets:get_sets:11 - Getting Sets attempt: name='Sergey'
2026-05-23 18:22:44.402 | INFO     | app.main:log_requests:77 - Response status: 200
2026-05-23 18:22:44.410 | INFO     | app.routers.get_sets:get_sets:16 - Getting Sets success: [{'id': 1, 'name': 'Set-1', 'word_ids': [6, 5, 4, 3, 2, 1]}, {'id': 2, 'name': 'Set-2', 'word_ids': [12, 11, 10, 9, 8, 7]}, {'id': 5, 'name': 'Set-3', 'word_ids': [30, 29, 28, 27, 26, 25]}, {'id': 6, 'name': 'Set-4', 'word_ids': [36, 35, 34, 33, 32, 31]}, {'id': 7, 'name': 'Set-5', 'word_ids': [42, 41, 40, 39, 38, 37]}, {'id': 8, 'name': 'Set-6', 'word_ids': [48, 47, 46, 45, 44, 43]}, {'id': 9, 'name': 'Set-7', 'word_ids': [54, 53, 52, 51, 50, 49]}]
2026-05-23 18:22:44.410 | INFO     | app.main:log_requests:77 - Response status: 200
2026-05-23 18:22:44.413 | INFO     | app.main:log_requests:69 - Incoming request: POST http://127.0.0.1:8000/frontend-log
2026-05-23 18:22:44.414 | INFO     | app.routers.logs:receive_frontend_logs:10 - [INFO] Get sets of Sergey request sent {}
2026-05-23 18:22:44.414 | INFO     | app.main:log_requests:77 - Response status: 200
2026-05-23 18:22:45.531 | INFO     | app.main:log_requests:69 - Incoming request: POST http://127.0.0.1:8000/get_words
2026-05-23 18:22:45.531 | INFO     | app.routers.get_words_from_set:get_words:11 - Getting Sets attempt: word_ids=[6, 5, 4, 3, 2, 1]
2026-05-23 18:22:45.532 | INFO     | app.services.set_service:get_words_from_set:128 - [GET WORDS] Start fetching words for IDs: [6, 5, 4, 3, 2, 1]
2026-05-23 18:22:45.533 | INFO     | app.services.set_service:get_words_from_set:131 - [GET WORDS] Fetching words for ID: 6
2026-05-23 18:22:45.536 | INFO     | app.services.set_service:get_words_from_set:139 - [GET WORDS] Found word: id=6, word='seize'
2026-05-23 18:22:45.536 | INFO     | app.services.set_service:get_words_from_set:131 - [GET WORDS] Fetching words for ID: 5
2026-05-23 18:22:45.538 | INFO     | app.services.set_service:get_words_from_set:139 - [GET WORDS] Found word: id=5, word='settle'
2026-05-23 18:22:45.538 | INFO     | app.services.set_service:get_words_from_set:131 - [GET WORDS] Fetching words for ID: 4
2026-05-23 18:22:45.540 | INFO     | app.services.set_service:get_words_from_set:139 - [GET WORDS] Found word: id=4, word='suit'
2026-05-23 18:22:45.540 | INFO     | app.services.set_service:get_words_from_set:131 - [GET WORDS] Fetching words for ID: 3
2026-05-23 18:22:45.543 | INFO     | app.services.set_service:get_words_from_set:139 - [GET WORDS] Found word: id=3, word='request'
2026-05-23 18:22:45.543 | INFO     | app.services.set_service:get_words_from_set:131 - [GET WORDS] Fetching words for ID: 2
2026-05-23 18:22:45.545 | INFO     | app.services.set_service:get_words_from_set:139 - [GET WORDS] Found word: id=2, word='rise'
2026-05-23 18:22:45.545 | INFO     | app.services.set_service:get_words_from_set:131 - [GET WORDS] Fetching words for ID: 1
2026-05-23 18:22:45.547 | INFO     | app.services.set_service:get_words_from_set:139 - [GET WORDS] Found word: id=1, word='enterprise'
2026-05-23 18:22:45.548 | INFO     | app.services.set_service:get_words_from_set:141 - [GET WORDS] Final result list: [{'id': 6, 'word': 'seize'}, {'id': 5, 'word': 'settle'}, {'id': 4, 'word': 'suit'}, {'id': 3, 'word': 'request'}, {'id': 2, 'word': 'rise'}, {'id': 1, 'word': 'enterprise'}]
2026-05-23 18:22:45.549 | INFO     | app.routers.get_words_from_set:get_words:16 - Getting Sets success: [{'id': 6, 'word': 'seize'}, {'id': 5, 'word': 'settle'}, {'id': 4, 'word': 'suit'}, {'id': 3, 'word': 'request'}, {'id': 2, 'word': 'rise'}, {'id': 1, 'word': 'enterprise'}]
2026-05-23 18:22:45.550 | INFO     | app.main:log_requests:77 - Response status: 200
2026-05-23 18:22:45.553 | INFO     | app.main:log_requests:69 - Incoming request: POST http://127.0.0.1:8000/frontend-log
2026-05-23 18:22:45.554 | INFO     | app.routers.logs:receive_frontend_logs:10 - [INFO] Get words from Set-1 request sent {}
2026-05-23 18:22:45.554 | INFO     | app.main:log_requests:77 - Response status: 200
2026-05-23 18:22:46.737 | INFO     | app.main:log_requests:69 - Incoming request: POST http://127.0.0.1:8000/frontend-log
2026-05-23 18:22:46.739 | INFO     | app.main:log_requests:69 - Incoming request: POST http://127.0.0.1:8000/frontend-log
2026-05-23 18:22:46.741 | INFO     | app.main:log_requests:69 - Incoming request: POST http://127.0.0.1:8000/frontend-log
2026-05-23 18:22:46.741 | INFO     | app.main:log_requests:69 - Incoming request: POST http://127.0.0.1:8000/frontend-log
2026-05-23 18:22:46.742 | INFO     | app.main:log_requests:69 - Incoming request: POST http://127.0.0.1:8000/frontend-log
2026-05-23 18:22:46.742 | INFO     | app.main:log_requests:69 - Incoming request: POST http://127.0.0.1:8000/frontend-log
2026-05-23 18:22:46.742 | INFO     | app.routers.logs:receive_frontend_logs:10 - [INFO] Word suit clicked {'word': 'suit'}
2026-05-23 18:22:46.743 | INFO     | app.main:log_requests:77 - Response status: 200
2026-05-23 18:22:46.744 | INFO     | app.routers.logs:receive_frontend_logs:10 - [INFO] Word screen render start {}
2026-05-23 18:22:46.744 | INFO     | app.main:log_requests:77 - Response status: 200
2026-05-23 18:22:46.745 | INFO     | app.routers.logs:receive_frontend_logs:10 - [INFO] Word screen node {'found': True}
2026-05-23 18:22:46.745 | INFO     | app.routers.logs:receive_frontend_logs:10 - [INFO] Word request from the base {}
2026-05-23 18:22:46.745 | INFO     | app.routers.logs:receive_frontend_logs:10 - [INFO] Word request start {'endpoint': '/get_word', 'word': 'suit', 'user_id': 2, 'languge': ''}
2026-05-23 18:22:46.746 | INFO     | app.routers.logs:receive_frontend_logs:10 - [INFO] get_word request shape {'endpoint': '/get_word', 'method': 'POST', 'hasEndpoint': True, 'hasWord': True, 'hasUser': True}
2026-05-23 18:22:46.746 | INFO     | app.main:log_requests:77 - Response status: 200
2026-05-23 18:22:46.746 | INFO     | app.main:log_requests:77 - Response status: 200
2026-05-23 18:22:46.747 | INFO     | app.main:log_requests:77 - Response status: 200
2026-05-23 18:22:46.747 | INFO     | app.main:log_requests:77 - Response status: 200
2026-05-23 18:22:46.748 | INFO     | app.main:log_requests:69 - Incoming request: POST http://127.0.0.1:8000/get_word
2026-05-23 18:22:46.749 | INFO     | app.routers.get_word:get_word:16 - Reading Word attempt: user_id=2 word='suit'
2026-05-23 18:22:46.752 | INFO     | app.routers.get_word:get_word:22 - Reading word success: suit
2026-05-23 18:22:46.753 | INFO     | app.main:log_requests:77 - Response status: 200
2026-05-23 18:22:46.796 | INFO     | app.main:log_requests:69 - Incoming request: POST http://127.0.0.1:8000/frontend-log
2026-05-23 18:22:46.797 | INFO     | app.main:log_requests:69 - Incoming request: POST http://127.0.0.1:8000/frontend-log
2026-05-23 18:22:46.797 | INFO     | app.routers.logs:receive_frontend_logs:10 - [INFO] get_word response shape {'keys': ['word', 'translation', 'part_of_speech', 'transcription', 'examples', 'synonyms', 'antonyms', 'created_at', 'updated_at']}
2026-05-23 18:22:46.798 | INFO     | app.main:log_requests:77 - Response status: 200
2026-05-23 18:22:46.798 | INFO     | app.routers.logs:receive_frontend_logs:10 - [INFO] Word details loaded {'word': 'suit', 'hasData': False}
2026-05-23 18:22:46.798 | INFO     | app.main:log_requests:77 - Response status: 200
2026-05-23 18:22:50.219 | INFO     | app.main:log_requests:69 - Incoming request: POST http://127.0.0.1:8000/frontend-log
2026-05-23 18:22:50.220 | INFO     | app.main:log_requests:69 - Incoming request: POST http://127.0.0.1:8000/get_better_translation
2026-05-23 18:22:50.220 | INFO     | app.routers.logs:receive_frontend_logs:10 - [INFO] get_better_translation request shape {'endpoint': '/get_better_translation', 'method': 'POST', 'hasEndpoint': True, 'hasWord': True}
2026-05-23 18:22:50.220 | INFO     | app.routers.get_word:get_better_translation:29 - Get better word translation attempt: word='suit' source_lang='en' target_lang='ru'
2026-05-23 18:22:50.221 | INFO     | app.main:log_requests:77 - Response status: 200
2026-05-23 18:22:53.084 | SUCCESS  | app.routers.get_word:get_better_translation:38 - Translation success: suit
2026-05-23 18:22:53.084 | INFO     | app.main:log_requests:77 - Response status: 200
2026-05-23 18:22:53.088 | INFO     | app.main:log_requests:69 - Incoming request: POST http://127.0.0.1:8000/frontend-log
2026-05-23 18:22:53.089 | INFO     | app.main:log_requests:69 - Incoming request: POST http://127.0.0.1:8000/frontend-log
2026-05-23 18:22:53.090 | INFO     | app.routers.logs:receive_frontend_logs:10 - [INFO] get_better_translation response shape {'keys': ['word', 'translation', 'transcription', 'part_of_speech']}
2026-05-23 18:22:53.090 | INFO     | app.routers.logs:receive_frontend_logs:10 - [INFO] Better translation result {'result': {'word': 'suit', 'translation': 'noun, verb, м; основной перевод - костюм, иск, набор, комплект, костюм карты, подход, фасон, скафандр | множественное число - suits | формы глагола - suit, suited, suited, suiting | пассивная форма - be suited | фразовые глаголы и коллокации - suit up - надевать костюм, be suited to - быть подходящим для, suit oneself - поступать по своему, suit someone fine - отлично подходить кому-либо, business suit - деловой костюм, bathing suit - купальник | употребление - нейтр и часто в быту, бизнесе, праве и играх; не путать с suit of cards как масть | примеры - This suit fits me well; The proposal suits our needs; He wore a dark suit | related words - match, fit, outfit, set, costume', 'transcription': None, 'part_of_speech': None}}
2026-05-23 18:22:53.091 | INFO     | app.main:log_requests:77 - Response status: 200
2026-05-23 18:22:53.093 | INFO     | app.main:log_requests:77 - Response status: 200
2026-05-23 18:30:30.755 | INFO     | app.main:log_requests:69 - Incoming request: OPTIONS http://127.0.0.1:8000/frontend-log
2026-05-23 18:30:30.756 | INFO     | app.main:log_requests:69 - Incoming request: OPTIONS http://127.0.0.1:8000/frontend-log
2026-05-23 18:30:30.756 | INFO     | app.main:log_requests:77 - Response status: 200
2026-05-23 18:30:30.757 | INFO     | app.main:log_requests:77 - Response status: 200
2026-05-23 18:30:30.757 | INFO     | app.main:log_requests:69 - Incoming request: OPTIONS http://127.0.0.1:8000/frontend-log
2026-05-23 18:30:30.758 | INFO     | app.main:log_requests:69 - Incoming request: GET http://127.0.0.1:8000/me
2026-05-23 18:30:30.760 | INFO     | app.main:log_requests:77 - Response status: 200
2026-05-23 18:30:30.761 | INFO     | app.main:log_requests:69 - Incoming request: POST http://127.0.0.1:8000/frontend-log
2026-05-23 18:30:30.762 | INFO     | app.main:log_requests:69 - Incoming request: POST http://127.0.0.1:8000/frontend-log
2026-05-23 18:30:30.764 | INFO     | app.main:log_requests:69 - Incoming request: POST http://127.0.0.1:8000/frontend-log
2026-05-23 18:30:30.765 | INFO     | app.routers.logs:receive_frontend_logs:10 - [INFO] Translate screen node {'found': True}
2026-05-23 18:30:30.765 | INFO     | app.main:log_requests:77 - Response status: 200
2026-05-23 18:30:30.766 | INFO     | app.routers.logs:receive_frontend_logs:10 - [INFO] Translate screen render start {}
2026-05-23 18:30:30.766 | INFO     | app.routers.auth:get_me:53 - Get current user. 2 - Sergey
2026-05-23 18:30:30.767 | INFO     | app.routers.logs:receive_frontend_logs:10 - [INFO] Me request shape {'endpoint': '/me', 'method': 'GET', 'hasToken': True}
2026-05-23 18:30:30.767 | INFO     | app.main:log_requests:77 - Response status: 200
2026-05-23 18:30:30.767 | INFO     | app.main:log_requests:77 - Response status: 200
2026-05-23 18:30:30.768 | INFO     | app.main:log_requests:77 - Response status: 200
2026-05-23 18:30:30.772 | INFO     | app.main:log_requests:69 - Incoming request: POST http://127.0.0.1:8000/frontend-log
2026-05-23 18:30:30.773 | INFO     | app.main:log_requests:69 - Incoming request: POST http://127.0.0.1:8000/frontend-log
2026-05-23 18:30:30.773 | INFO     | app.routers.logs:receive_frontend_logs:10 - [INFO] Me response shape {'keys': ['nickname', 'email', 'avatar_url', 'is_guest', 'is_premium', 'id', 'created_at', 'last_login'], 'isGuest': False}
2026-05-23 18:30:30.774 | INFO     | app.routers.logs:receive_frontend_logs:10 - [INFO] Init user success {'hasUser': True}
2026-05-23 18:30:30.774 | INFO     | app.main:log_requests:77 - Response status: 200
2026-05-23 18:30:30.775 | INFO     | app.main:log_requests:77 - Response status: 200
2026-05-23 18:30:34.885 | INFO     | app.main:log_requests:69 - Incoming request: OPTIONS http://127.0.0.1:8000/frontend-log
2026-05-23 18:30:34.886 | INFO     | app.main:log_requests:69 - Incoming request: POST http://127.0.0.1:8000/get_sets
2026-05-23 18:30:34.886 | INFO     | app.main:log_requests:77 - Response status: 200
2026-05-23 18:30:34.889 | INFO     | app.routers.get_sets:get_sets:11 - Getting Sets attempt: name='Sergey'
2026-05-23 18:30:34.890 | INFO     | app.main:log_requests:69 - Incoming request: POST http://127.0.0.1:8000/frontend-log
2026-05-23 18:30:34.891 | INFO     | app.routers.logs:receive_frontend_logs:10 - [INFO] Sets screen render start {}
2026-05-23 18:30:34.891 | INFO     | app.main:log_requests:77 - Response status: 200
2026-05-23 18:30:34.899 | INFO     | app.routers.get_sets:get_sets:16 - Getting Sets success: [{'id': 1, 'name': 'Set-1', 'word_ids': [6, 5, 4, 3, 2, 1]}, {'id': 2, 'name': 'Set-2', 'word_ids': [12, 11, 10, 9, 8, 7]}, {'id': 5, 'name': 'Set-3', 'word_ids': [30, 29, 28, 27, 26, 25]}, {'id': 6, 'name': 'Set-4', 'word_ids': [36, 35, 34, 33, 32, 31]}, {'id': 7, 'name': 'Set-5', 'word_ids': [42, 41, 40, 39, 38, 37]}, {'id': 8, 'name': 'Set-6', 'word_ids': [48, 47, 46, 45, 44, 43]}, {'id': 9, 'name': 'Set-7', 'word_ids': [54, 53, 52, 51, 50, 49]}]
2026-05-23 18:30:34.899 | INFO     | app.main:log_requests:77 - Response status: 200
2026-05-23 18:30:34.902 | INFO     | app.main:log_requests:69 - Incoming request: POST http://127.0.0.1:8000/frontend-log
2026-05-23 18:30:34.903 | INFO     | app.routers.logs:receive_frontend_logs:10 - [INFO] Get sets of Sergey request sent {}
2026-05-23 18:30:34.903 | INFO     | app.main:log_requests:77 - Response status: 200
2026-05-23 18:30:36.022 | INFO     | app.main:log_requests:69 - Incoming request: POST http://127.0.0.1:8000/get_words
2026-05-23 18:30:36.024 | INFO     | app.routers.get_words_from_set:get_words:11 - Getting Sets attempt: word_ids=[6, 5, 4, 3, 2, 1]
2026-05-23 18:30:36.025 | INFO     | app.services.set_service:get_words_from_set:128 - [GET WORDS] Start fetching words for IDs: [6, 5, 4, 3, 2, 1]
2026-05-23 18:30:36.025 | INFO     | app.services.set_service:get_words_from_set:131 - [GET WORDS] Fetching words for ID: 6
2026-05-23 18:30:36.027 | INFO     | app.services.set_service:get_words_from_set:139 - [GET WORDS] Found word: id=6, word='seize'
2026-05-23 18:30:36.027 | INFO     | app.services.set_service:get_words_from_set:131 - [GET WORDS] Fetching words for ID: 5
2026-05-23 18:30:36.029 | INFO     | app.services.set_service:get_words_from_set:139 - [GET WORDS] Found word: id=5, word='settle'
2026-05-23 18:30:36.029 | INFO     | app.services.set_service:get_words_from_set:131 - [GET WORDS] Fetching words for ID: 4
2026-05-23 18:30:36.030 | INFO     | app.services.set_service:get_words_from_set:139 - [GET WORDS] Found word: id=4, word='suit'
2026-05-23 18:30:36.030 | INFO     | app.services.set_service:get_words_from_set:131 - [GET WORDS] Fetching words for ID: 3
2026-05-23 18:30:36.032 | INFO     | app.services.set_service:get_words_from_set:139 - [GET WORDS] Found word: id=3, word='request'
2026-05-23 18:30:36.032 | INFO     | app.services.set_service:get_words_from_set:131 - [GET WORDS] Fetching words for ID: 2
2026-05-23 18:30:36.034 | INFO     | app.services.set_service:get_words_from_set:139 - [GET WORDS] Found word: id=2, word='rise'
2026-05-23 18:30:36.034 | INFO     | app.services.set_service:get_words_from_set:131 - [GET WORDS] Fetching words for ID: 1
2026-05-23 18:30:36.035 | INFO     | app.services.set_service:get_words_from_set:139 - [GET WORDS] Found word: id=1, word='enterprise'
2026-05-23 18:30:36.035 | INFO     | app.services.set_service:get_words_from_set:141 - [GET WORDS] Final result list: [{'id': 6, 'word': 'seize'}, {'id': 5, 'word': 'settle'}, {'id': 4, 'word': 'suit'}, {'id': 3, 'word': 'request'}, {'id': 2, 'word': 'rise'}, {'id': 1, 'word': 'enterprise'}]
2026-05-23 18:30:36.036 | INFO     | app.routers.get_words_from_set:get_words:16 - Getting Sets success: [{'id': 6, 'word': 'seize'}, {'id': 5, 'word': 'settle'}, {'id': 4, 'word': 'suit'}, {'id': 3, 'word': 'request'}, {'id': 2, 'word': 'rise'}, {'id': 1, 'word': 'enterprise'}]
2026-05-23 18:30:36.036 | INFO     | app.main:log_requests:77 - Response status: 200
2026-05-23 18:30:36.040 | INFO     | app.main:log_requests:69 - Incoming request: POST http://127.0.0.1:8000/frontend-log
2026-05-23 18:30:36.040 | INFO     | app.routers.logs:receive_frontend_logs:10 - [INFO] Get words from Set-1 request sent {}
2026-05-23 18:30:36.041 | INFO     | app.main:log_requests:77 - Response status: 200
2026-05-23 18:30:37.186 | INFO     | app.main:log_requests:69 - Incoming request: POST http://127.0.0.1:8000/frontend-log
2026-05-23 18:30:37.187 | INFO     | app.main:log_requests:69 - Incoming request: POST http://127.0.0.1:8000/frontend-log
2026-05-23 18:30:37.187 | INFO     | app.main:log_requests:69 - Incoming request: POST http://127.0.0.1:8000/frontend-log
2026-05-23 18:30:37.190 | INFO     | app.routers.logs:receive_frontend_logs:10 - [INFO] Word suit clicked {'word': 'suit'}
2026-05-23 18:30:37.190 | INFO     | app.main:log_requests:69 - Incoming request: POST http://127.0.0.1:8000/frontend-log
2026-05-23 18:30:37.190 | INFO     | app.main:log_requests:69 - Incoming request: POST http://127.0.0.1:8000/frontend-log
2026-05-23 18:30:37.190 | INFO     | app.main:log_requests:69 - Incoming request: POST http://127.0.0.1:8000/frontend-log
2026-05-23 18:30:37.190 | INFO     | app.routers.logs:receive_frontend_logs:10 - [INFO] Word screen render start {}
2026-05-23 18:30:37.191 | INFO     | app.routers.logs:receive_frontend_logs:10 - [INFO] Word screen node {'found': True}
2026-05-23 18:30:37.191 | INFO     | app.main:log_requests:77 - Response status: 200
2026-05-23 18:30:37.191 | INFO     | app.main:log_requests:77 - Response status: 200
2026-05-23 18:30:37.192 | INFO     | app.main:log_requests:77 - Response status: 200
2026-05-23 18:30:37.192 | INFO     | app.routers.logs:receive_frontend_logs:10 - [INFO] Word request from the base {}
2026-05-23 18:30:37.193 | INFO     | app.routers.logs:receive_frontend_logs:10 - [INFO] Word request start {'endpoint': '/get_word', 'word': 'suit', 'user_id': 2, 'languge': ''}
2026-05-23 18:30:37.193 | INFO     | app.routers.logs:receive_frontend_logs:10 - [INFO] get_word request shape {'endpoint': '/get_word', 'method': 'POST', 'hasEndpoint': True, 'hasWord': True, 'hasUser': True}
2026-05-23 18:30:37.193 | INFO     | app.main:log_requests:77 - Response status: 200
2026-05-23 18:30:37.193 | INFO     | app.main:log_requests:77 - Response status: 200
2026-05-23 18:30:37.194 | INFO     | app.main:log_requests:77 - Response status: 200
2026-05-23 18:30:37.197 | INFO     | app.main:log_requests:69 - Incoming request: POST http://127.0.0.1:8000/get_word
2026-05-23 18:30:37.198 | INFO     | app.routers.get_word:get_word:16 - Reading Word attempt: user_id=2 word='suit'
2026-05-23 18:30:37.202 | INFO     | app.routers.get_word:get_word:22 - Reading word success: suit
2026-05-23 18:30:37.202 | INFO     | app.main:log_requests:77 - Response status: 200
2026-05-23 18:30:37.246 | INFO     | app.main:log_requests:69 - Incoming request: POST http://127.0.0.1:8000/frontend-log
2026-05-23 18:30:37.247 | INFO     | app.main:log_requests:69 - Incoming request: POST http://127.0.0.1:8000/frontend-log
2026-05-23 18:30:37.248 | INFO     | app.routers.logs:receive_frontend_logs:10 - [INFO] get_word response shape {'keys': ['word', 'translation', 'part_of_speech', 'transcription', 'examples', 'synonyms', 'antonyms', 'created_at', 'updated_at']}
2026-05-23 18:30:37.248 | INFO     | app.main:log_requests:77 - Response status: 200
2026-05-23 18:30:37.248 | INFO     | app.routers.logs:receive_frontend_logs:10 - [INFO] Word details loaded {'word': 'suit', 'hasData': False}
2026-05-23 18:30:37.249 | INFO     | app.main:log_requests:77 - Response status: 200
2026-05-23 18:30:40.198 | INFO     | app.main:log_requests:69 - Incoming request: POST http://127.0.0.1:8000/frontend-log
2026-05-23 18:30:40.199 | INFO     | app.main:log_requests:69 - Incoming request: OPTIONS http://127.0.0.1:8000/get_better_translation
2026-05-23 18:30:40.199 | INFO     | app.main:log_requests:77 - Response status: 200
2026-05-23 18:30:40.200 | INFO     | app.routers.logs:receive_frontend_logs:10 - [INFO] get_better_translation request shape {'endpoint': '/get_better_translation', 'method': 'POST', 'hasEndpoint': True, 'hasWord': True}
2026-05-23 18:30:40.201 | INFO     | app.main:log_requests:77 - Response status: 200
2026-05-23 18:30:40.203 | INFO     | app.main:log_requests:69 - Incoming request: POST http://127.0.0.1:8000/get_better_translation
2026-05-23 18:30:40.203 | INFO     | app.routers.get_word:get_better_translation:29 - Get better word translation attempt: word='suit' source_lang='en' target_lang='ru'
2026-05-23 18:30:44.143 | SUCCESS  | app.routers.get_word:get_better_translation:38 - Translation success: suit
2026-05-23 18:30:44.144 | INFO     | app.main:log_requests:77 - Response status: 200
2026-05-23 18:30:44.147 | INFO     | app.main:log_requests:69 - Incoming request: POST http://127.0.0.1:8000/frontend-log
2026-05-23 18:30:44.148 | INFO     | app.main:log_requests:69 - Incoming request: POST http://127.0.0.1:8000/frontend-log
2026-05-23 18:30:44.148 | INFO     | app.routers.logs:receive_frontend_logs:10 - [INFO] get_better_translation response shape {'keys': ['word', 'translation', 'transcription', 'part_of_speech']}
2026-05-23 18:30:44.148 | INFO     | app.routers.logs:receive_frontend_logs:10 - [ERROR] Better translation failed {'error': 'res is not defined'}
2026-05-23 18:30:44.148 | INFO     | app.main:log_requests:77 - Response status: 200
2026-05-23 18:30:44.149 | INFO     | app.main:log_requests:77 - Response status: 200
2026-05-23 18:31:32.771 | INFO     | app.main:log_requests:69 - Incoming request: POST http://127.0.0.1:8000/frontend-log
2026-05-23 18:31:32.772 | INFO     | app.main:log_requests:69 - Incoming request: POST http://127.0.0.1:8000/frontend-log
2026-05-23 18:31:32.774 | INFO     | app.routers.logs:receive_frontend_logs:10 - [INFO] Translate screen render start {}
2026-05-23 18:31:32.774 | INFO     | app.main:log_requests:69 - Incoming request: POST http://127.0.0.1:8000/frontend-log
2026-05-23 18:31:32.776 | INFO     | app.main:log_requests:69 - Incoming request: OPTIONS http://127.0.0.1:8000/me
2026-05-23 18:31:32.777 | INFO     | app.main:log_requests:77 - Response status: 200
2026-05-23 18:31:32.778 | INFO     | app.routers.logs:receive_frontend_logs:10 - [INFO] Translate screen node {'found': True}
2026-05-23 18:31:32.778 | INFO     | app.main:log_requests:77 - Response status: 200
2026-05-23 18:31:32.780 | INFO     | app.main:log_requests:77 - Response status: 200
2026-05-23 18:31:32.781 | INFO     | app.routers.logs:receive_frontend_logs:10 - [INFO] Me request shape {'endpoint': '/me', 'method': 'GET', 'hasToken': True}
2026-05-23 18:31:32.782 | INFO     | app.main:log_requests:77 - Response status: 200
2026-05-23 18:31:32.784 | INFO     | app.main:log_requests:69 - Incoming request: GET http://127.0.0.1:8000/me
2026-05-23 18:31:32.787 | INFO     | app.routers.auth:get_me:53 - Get current user. 2 - Sergey
2026-05-23 18:31:32.787 | INFO     | app.main:log_requests:77 - Response status: 200
2026-05-23 18:31:32.830 | INFO     | app.main:log_requests:69 - Incoming request: POST http://127.0.0.1:8000/frontend-log
2026-05-23 18:31:32.831 | INFO     | app.main:log_requests:69 - Incoming request: POST http://127.0.0.1:8000/frontend-log
2026-05-23 18:31:32.831 | INFO     | app.routers.logs:receive_frontend_logs:10 - [INFO] Me response shape {'keys': ['nickname', 'email', 'avatar_url', 'is_guest', 'is_premium', 'id', 'created_at', 'last_login'], 'isGuest': False}
2026-05-23 18:31:32.832 | INFO     | app.routers.logs:receive_frontend_logs:10 - [INFO] Init user success {'hasUser': True}
2026-05-23 18:31:32.832 | INFO     | app.main:log_requests:77 - Response status: 200
2026-05-23 18:31:32.833 | INFO     | app.main:log_requests:77 - Response status: 200
2026-05-23 18:31:38.794 | INFO     | app.main:log_requests:69 - Incoming request: POST http://127.0.0.1:8000/frontend-log
2026-05-23 18:31:38.796 | INFO     | app.main:log_requests:69 - Incoming request: OPTIONS http://127.0.0.1:8000/get_sets
2026-05-23 18:31:38.797 | INFO     | app.routers.logs:receive_frontend_logs:10 - [INFO] Sets screen render start {}
2026-05-23 18:31:38.797 | INFO     | app.main:log_requests:77 - Response status: 200
2026-05-23 18:31:38.798 | INFO     | app.main:log_requests:77 - Response status: 200
2026-05-23 18:31:38.801 | INFO     | app.main:log_requests:69 - Incoming request: POST http://127.0.0.1:8000/get_sets
2026-05-23 18:31:38.802 | INFO     | app.routers.get_sets:get_sets:11 - Getting Sets attempt: name='Sergey'
2026-05-23 18:31:38.810 | INFO     | app.routers.get_sets:get_sets:16 - Getting Sets success: [{'id': 1, 'name': 'Set-1', 'word_ids': [6, 5, 4, 3, 2, 1]}, {'id': 2, 'name': 'Set-2', 'word_ids': [12, 11, 10, 9, 8, 7]}, {'id': 5, 'name': 'Set-3', 'word_ids': [30, 29, 28, 27, 26, 25]}, {'id': 6, 'name': 'Set-4', 'word_ids': [36, 35, 34, 33, 32, 31]}, {'id': 7, 'name': 'Set-5', 'word_ids': [42, 41, 40, 39, 38, 37]}, {'id': 8, 'name': 'Set-6', 'word_ids': [48, 47, 46, 45, 44, 43]}, {'id': 9, 'name': 'Set-7', 'word_ids': [54, 53, 52, 51, 50, 49]}]
2026-05-23 18:31:38.811 | INFO     | app.main:log_requests:77 - Response status: 200
2026-05-23 18:31:38.813 | INFO     | app.main:log_requests:69 - Incoming request: POST http://127.0.0.1:8000/frontend-log
2026-05-23 18:31:38.814 | INFO     | app.routers.logs:receive_frontend_logs:10 - [INFO] Get sets of Sergey request sent {}
2026-05-23 18:31:38.814 | INFO     | app.main:log_requests:77 - Response status: 200
2026-05-23 18:31:39.907 | INFO     | app.main:log_requests:69 - Incoming request: OPTIONS http://127.0.0.1:8000/get_words
2026-05-23 18:31:39.908 | INFO     | app.main:log_requests:77 - Response status: 200
2026-05-23 18:31:39.911 | INFO     | app.main:log_requests:69 - Incoming request: POST http://127.0.0.1:8000/get_words
2026-05-23 18:31:39.912 | INFO     | app.routers.get_words_from_set:get_words:11 - Getting Sets attempt: word_ids=[12, 11, 10, 9, 8, 7]
2026-05-23 18:31:39.912 | INFO     | app.services.set_service:get_words_from_set:128 - [GET WORDS] Start fetching words for IDs: [12, 11, 10, 9, 8, 7]
2026-05-23 18:31:39.912 | INFO     | app.services.set_service:get_words_from_set:131 - [GET WORDS] Fetching words for ID: 12
2026-05-23 18:31:39.914 | INFO     | app.services.set_service:get_words_from_set:139 - [GET WORDS] Found word: id=12, word='prodigy'
2026-05-23 18:31:39.914 | INFO     | app.services.set_service:get_words_from_set:131 - [GET WORDS] Fetching words for ID: 11
2026-05-23 18:31:39.916 | INFO     | app.services.set_service:get_words_from_set:139 - [GET WORDS] Found word: id=11, word='quiet'
2026-05-23 18:31:39.916 | INFO     | app.services.set_service:get_words_from_set:131 - [GET WORDS] Fetching words for ID: 10
2026-05-23 18:31:39.918 | INFO     | app.services.set_service:get_words_from_set:139 - [GET WORDS] Found word: id=10, word='wind'
2026-05-23 18:31:39.918 | INFO     | app.services.set_service:get_words_from_set:131 - [GET WORDS] Fetching words for ID: 9
2026-05-23 18:31:39.920 | INFO     | app.services.set_service:get_words_from_set:139 - [GET WORDS] Found word: id=9, word='cosy'
2026-05-23 18:31:39.920 | INFO     | app.services.set_service:get_words_from_set:131 - [GET WORDS] Fetching words for ID: 8
2026-05-23 18:31:39.921 | INFO     | app.services.set_service:get_words_from_set:139 - [GET WORDS] Found word: id=8, word='fate'
2026-05-23 18:31:39.922 | INFO     | app.services.set_service:get_words_from_set:131 - [GET WORDS] Fetching words for ID: 7
2026-05-23 18:31:39.924 | INFO     | app.services.set_service:get_words_from_set:139 - [GET WORDS] Found word: id=7, word='faforite'
2026-05-23 18:31:39.924 | INFO     | app.services.set_service:get_words_from_set:141 - [GET WORDS] Final result list: [{'id': 12, 'word': 'prodigy'}, {'id': 11, 'word': 'quiet'}, {'id': 10, 'word': 'wind'}, {'id': 9, 'word': 'cosy'}, {'id': 8, 'word': 'fate'}, {'id': 7, 'word': 'faforite'}]
2026-05-23 18:31:39.924 | INFO     | app.routers.get_words_from_set:get_words:16 - Getting Sets success: [{'id': 12, 'word': 'prodigy'}, {'id': 11, 'word': 'quiet'}, {'id': 10, 'word': 'wind'}, {'id': 9, 'word': 'cosy'}, {'id': 8, 'word': 'fate'}, {'id': 7, 'word': 'faforite'}]
2026-05-23 18:31:39.925 | INFO     | app.main:log_requests:77 - Response status: 200
2026-05-23 18:31:39.928 | INFO     | app.main:log_requests:69 - Incoming request: POST http://127.0.0.1:8000/frontend-log
2026-05-23 18:31:39.929 | INFO     | app.routers.logs:receive_frontend_logs:10 - [INFO] Get words from Set-2 request sent {}
2026-05-23 18:31:39.929 | INFO     | app.main:log_requests:77 - Response status: 200
2026-05-23 18:31:43.644 | INFO     | app.main:log_requests:69 - Incoming request: POST http://127.0.0.1:8000/get_words
2026-05-23 18:31:43.645 | INFO     | app.routers.get_words_from_set:get_words:11 - Getting Sets attempt: word_ids=[6, 5, 4, 3, 2, 1]
2026-05-23 18:31:43.647 | INFO     | app.services.set_service:get_words_from_set:128 - [GET WORDS] Start fetching words for IDs: [6, 5, 4, 3, 2, 1]
2026-05-23 18:31:43.648 | INFO     | app.services.set_service:get_words_from_set:131 - [GET WORDS] Fetching words for ID: 6
2026-05-23 18:31:43.650 | INFO     | app.services.set_service:get_words_from_set:139 - [GET WORDS] Found word: id=6, word='seize'
2026-05-23 18:31:43.651 | INFO     | app.services.set_service:get_words_from_set:131 - [GET WORDS] Fetching words for ID: 5
2026-05-23 18:31:43.652 | INFO     | app.services.set_service:get_words_from_set:139 - [GET WORDS] Found word: id=5, word='settle'
2026-05-23 18:31:43.652 | INFO     | app.services.set_service:get_words_from_set:131 - [GET WORDS] Fetching words for ID: 4
2026-05-23 18:31:43.655 | INFO     | app.services.set_service:get_words_from_set:139 - [GET WORDS] Found word: id=4, word='suit'
2026-05-23 18:31:43.655 | INFO     | app.services.set_service:get_words_from_set:131 - [GET WORDS] Fetching words for ID: 3
2026-05-23 18:31:43.656 | INFO     | app.services.set_service:get_words_from_set:139 - [GET WORDS] Found word: id=3, word='request'
2026-05-23 18:31:43.657 | INFO     | app.services.set_service:get_words_from_set:131 - [GET WORDS] Fetching words for ID: 2
2026-05-23 18:31:43.658 | INFO     | app.services.set_service:get_words_from_set:139 - [GET WORDS] Found word: id=2, word='rise'
2026-05-23 18:31:43.658 | INFO     | app.services.set_service:get_words_from_set:131 - [GET WORDS] Fetching words for ID: 1
2026-05-23 18:31:43.660 | INFO     | app.services.set_service:get_words_from_set:139 - [GET WORDS] Found word: id=1, word='enterprise'
2026-05-23 18:31:43.660 | INFO     | app.services.set_service:get_words_from_set:141 - [GET WORDS] Final result list: [{'id': 6, 'word': 'seize'}, {'id': 5, 'word': 'settle'}, {'id': 4, 'word': 'suit'}, {'id': 3, 'word': 'request'}, {'id': 2, 'word': 'rise'}, {'id': 1, 'word': 'enterprise'}]
2026-05-23 18:31:43.660 | INFO     | app.routers.get_words_from_set:get_words:16 - Getting Sets success: [{'id': 6, 'word': 'seize'}, {'id': 5, 'word': 'settle'}, {'id': 4, 'word': 'suit'}, {'id': 3, 'word': 'request'}, {'id': 2, 'word': 'rise'}, {'id': 1, 'word': 'enterprise'}]
2026-05-23 18:31:43.661 | INFO     | app.main:log_requests:77 - Response status: 200
2026-05-23 18:31:43.664 | INFO     | app.main:log_requests:69 - Incoming request: POST http://127.0.0.1:8000/frontend-log
2026-05-23 18:31:43.664 | INFO     | app.routers.logs:receive_frontend_logs:10 - [INFO] Get words from Set-1 request sent {}
2026-05-23 18:31:43.665 | INFO     | app.main:log_requests:77 - Response status: 200
2026-05-23 18:31:44.603 | INFO     | app.main:log_requests:69 - Incoming request: POST http://127.0.0.1:8000/frontend-log
2026-05-23 18:31:44.604 | INFO     | app.main:log_requests:69 - Incoming request: POST http://127.0.0.1:8000/frontend-log
2026-05-23 18:31:44.605 | INFO     | app.routers.logs:receive_frontend_logs:10 - [INFO] Word suit clicked {'word': 'suit'}
2026-05-23 18:31:44.607 | INFO     | app.main:log_requests:69 - Incoming request: POST http://127.0.0.1:8000/frontend-log
2026-05-23 18:31:44.607 | INFO     | app.main:log_requests:69 - Incoming request: POST http://127.0.0.1:8000/frontend-log
2026-05-23 18:31:44.608 | INFO     | app.main:log_requests:69 - Incoming request: POST http://127.0.0.1:8000/frontend-log
2026-05-23 18:31:44.608 | INFO     | app.main:log_requests:69 - Incoming request: POST http://127.0.0.1:8000/frontend-log
2026-05-23 18:31:44.608 | INFO     | app.main:log_requests:77 - Response status: 200
2026-05-23 18:31:44.609 | INFO     | app.routers.logs:receive_frontend_logs:10 - [INFO] Word screen render start {}
2026-05-23 18:31:44.609 | INFO     | app.main:log_requests:77 - Response status: 200
2026-05-23 18:31:44.610 | INFO     | app.routers.logs:receive_frontend_logs:10 - [INFO] Word screen node {'found': True}
2026-05-23 18:31:44.610 | INFO     | app.routers.logs:receive_frontend_logs:10 - [INFO] Word request from the base {}
2026-05-23 18:31:44.611 | INFO     | app.routers.logs:receive_frontend_logs:10 - [INFO] Word request start {'endpoint': '/get_word', 'word': 'suit', 'user_id': 2, 'languge': ''}
2026-05-23 18:31:44.611 | INFO     | app.routers.logs:receive_frontend_logs:10 - [INFO] get_word request shape {'endpoint': '/get_word', 'method': 'POST', 'hasEndpoint': True, 'hasWord': True, 'hasUser': True}
2026-05-23 18:31:44.611 | INFO     | app.main:log_requests:77 - Response status: 200
2026-05-23 18:31:44.612 | INFO     | app.main:log_requests:77 - Response status: 200
2026-05-23 18:31:44.612 | INFO     | app.main:log_requests:77 - Response status: 200
2026-05-23 18:31:44.613 | INFO     | app.main:log_requests:77 - Response status: 200
2026-05-23 18:31:44.614 | INFO     | app.main:log_requests:69 - Incoming request: OPTIONS http://127.0.0.1:8000/get_word
2026-05-23 18:31:44.615 | INFO     | app.main:log_requests:77 - Response status: 200
2026-05-23 18:31:44.617 | INFO     | app.main:log_requests:69 - Incoming request: POST http://127.0.0.1:8000/get_word
2026-05-23 18:31:44.618 | INFO     | app.routers.get_word:get_word:16 - Reading Word attempt: user_id=2 word='suit'
2026-05-23 18:31:44.620 | INFO     | app.routers.get_word:get_word:22 - Reading word success: suit
2026-05-23 18:31:44.620 | INFO     | app.main:log_requests:77 - Response status: 200
2026-05-23 18:31:44.663 | INFO     | app.main:log_requests:69 - Incoming request: POST http://127.0.0.1:8000/frontend-log
2026-05-23 18:31:44.664 | INFO     | app.main:log_requests:69 - Incoming request: POST http://127.0.0.1:8000/frontend-log
2026-05-23 18:31:44.664 | INFO     | app.routers.logs:receive_frontend_logs:10 - [INFO] get_word response shape {'keys': ['word', 'translation', 'part_of_speech', 'transcription', 'examples', 'synonyms', 'antonyms', 'created_at', 'updated_at']}
2026-05-23 18:31:44.665 | INFO     | app.main:log_requests:77 - Response status: 200
2026-05-23 18:31:44.665 | INFO     | app.routers.logs:receive_frontend_logs:10 - [INFO] Word details loaded {'word': 'suit', 'hasData': False}
2026-05-23 18:31:44.666 | INFO     | app.main:log_requests:77 - Response status: 200
2026-05-23 18:31:46.611 | INFO     | app.main:log_requests:69 - Incoming request: POST http://127.0.0.1:8000/frontend-log
2026-05-23 18:31:46.612 | INFO     | app.main:log_requests:69 - Incoming request: POST http://127.0.0.1:8000/get_better_translation
2026-05-23 18:31:46.612 | INFO     | app.routers.logs:receive_frontend_logs:10 - [INFO] get_better_translation request shape {'endpoint': '/get_better_translation', 'method': 'POST', 'hasEndpoint': True, 'hasWord': True}
2026-05-23 18:31:46.613 | INFO     | app.routers.get_word:get_better_translation:29 - Get better word translation attempt: word='suit' source_lang='en' target_lang='ru'
2026-05-23 18:31:46.617 | INFO     | app.main:log_requests:77 - Response status: 200
2026-05-23 18:31:49.636 | SUCCESS  | app.routers.get_word:get_better_translation:38 - Translation success: suit
2026-05-23 18:31:49.636 | INFO     | app.main:log_requests:77 - Response status: 200
2026-05-23 18:31:49.639 | INFO     | app.main:log_requests:69 - Incoming request: POST http://127.0.0.1:8000/frontend-log
2026-05-23 18:31:49.640 | INFO     | app.main:log_requests:69 - Incoming request: POST http://127.0.0.1:8000/frontend-log
2026-05-23 18:31:49.640 | INFO     | app.routers.logs:receive_frontend_logs:10 - [INFO] get_better_translation response shape {'keys': ['word', 'translation', 'transcription', 'part_of_speech']}
2026-05-23 18:31:49.640 | INFO     | app.routers.logs:receive_frontend_logs:10 - [INFO] Better translation result {'result': {'word': 'suit', 'translation': 'noun, verb, suit - костюм, комплект, иск, набор, масть, подходить | suits | suit, suited, suited, suiting | be suited | suit up - одеваться, suit out - экипировать, suit oneself - поступать по своему, suit to - соответствовать, suit with - сочетаться, suit for - подходить для | neutral, common in everyday and legal contexts; as noun often means clothing set or suit in cards | This suit is too tight; The case was filed in court; Red suits her | outfit, ensemble, set, case, match, fit', 'transcription': None, 'part_of_speech': None}}
2026-05-23 18:31:49.641 | INFO     | app.main:log_requests:77 - Response status: 200
2026-05-23 18:31:49.641 | INFO     | app.main:log_requests:77 - Response status: 200
2026-05-23 18:31:59.396 | INFO     | app.main:log_requests:69 - Incoming request: POST http://127.0.0.1:8000/frontend-log
2026-05-23 18:31:59.397 | INFO     | app.main:log_requests:69 - Incoming request: OPTIONS http://127.0.0.1:8000/get_synonyms
2026-05-23 18:31:59.397 | INFO     | app.main:log_requests:77 - Response status: 200
2026-05-23 18:31:59.398 | INFO     | app.routers.logs:receive_frontend_logs:10 - [INFO] get_synonyms request shape {'endpoint': '/get_synonyms', 'method': 'POST', 'hasEndpoint': True, 'hasWord': True, 'hasUser': True}
2026-05-23 18:31:59.398 | INFO     | app.main:log_requests:77 - Response status: 200
2026-05-23 18:31:59.400 | INFO     | app.main:log_requests:69 - Incoming request: POST http://127.0.0.1:8000/get_synonyms
2026-05-23 18:31:59.402 | INFO     | app.routers.get_word:get_synonyms:49 - Get synonyms attempt: user_id=2 word='suit'
2026-05-23 18:32:01.094 | INFO     | app.routers.get_word:get_synonyms:55 - Get synonyms success: suit
2026-05-23 18:32:01.094 | INFO     | app.main:log_requests:77 - Response status: 200
2026-05-23 18:32:01.098 | INFO     | app.main:log_requests:69 - Incoming request: POST http://127.0.0.1:8000/frontend-log
2026-05-23 18:32:01.099 | INFO     | app.routers.logs:receive_frontend_logs:10 - [INFO] get_synonyms response shape {'keys': ['word', 'translation', 'part_of_speech', 'transcription', 'examples', 'synonyms', 'antonyms', 'created_at', 'updated_at']}
2026-05-23 18:32:01.099 | INFO     | app.main:log_requests:77 - Response status: 200
2026-05-23 18:32:05.229 | INFO     | app.main:log_requests:69 - Incoming request: POST http://127.0.0.1:8000/frontend-log
2026-05-23 18:32:05.230 | INFO     | app.main:log_requests:69 - Incoming request: OPTIONS http://127.0.0.1:8000/get_sentences
2026-05-23 18:32:05.230 | INFO     | app.routers.logs:receive_frontend_logs:10 - [INFO] get_sentences request shape {'endpoint': '/get_sentences', 'method': 'POST', 'hasEndpoint': True, 'hasWord': True, 'hasUser': True}
2026-05-23 18:32:05.230 | INFO     | app.main:log_requests:77 - Response status: 200
2026-05-23 18:32:05.231 | INFO     | app.main:log_requests:77 - Response status: 200
2026-05-23 18:32:05.234 | INFO     | app.main:log_requests:69 - Incoming request: POST http://127.0.0.1:8000/get_sentences
2026-05-23 18:32:05.236 | INFO     | app.routers.get_word:get_sentences:91 - Get sentences attempt: user_id=2 word='suit'
2026-05-23 18:32:07.068 | INFO     | app.routers.get_word:get_sentences:97 - Get sentences success: suit
2026-05-23 18:32:07.069 | INFO     | app.main:log_requests:77 - Response status: 200
2026-05-23 18:32:07.111 | INFO     | app.main:log_requests:69 - Incoming request: POST http://127.0.0.1:8000/frontend-log
2026-05-23 18:32:07.112 | INFO     | app.routers.logs:receive_frontend_logs:10 - [INFO] get_sentences response shape {'keys': ['word', 'translation', 'part_of_speech', 'transcription', 'examples', 'synonyms', 'antonyms', 'created_at', 'updated_at']}
2026-05-23 18:32:07.112 | INFO     | app.main:log_requests:77 - Response status: 200
2026-05-23 18:33:20.123 | INFO     | app.main:log_requests:69 - Incoming request: POST http://127.0.0.1:8000/frontend-log
2026-05-23 18:33:20.123 | INFO     | app.main:log_requests:69 - Incoming request: OPTIONS http://127.0.0.1:8000/get_antonyms
2026-05-23 18:33:20.124 | INFO     | app.routers.logs:receive_frontend_logs:10 - [INFO] get_antonyms request shape {'endpoint': '/get_antonyms', 'method': 'POST', 'hasEndpoint': True, 'hasWord': True, 'hasUser': True}
2026-05-23 18:33:20.125 | INFO     | app.main:log_requests:77 - Response status: 200
2026-05-23 18:33:20.125 | INFO     | app.main:log_requests:77 - Response status: 200
2026-05-23 18:33:20.129 | INFO     | app.main:log_requests:69 - Incoming request: POST http://127.0.0.1:8000/get_antonyms
2026-05-23 18:33:20.130 | INFO     | app.routers.get_word:get_antonyms:70 - Get antonyms attempt: user_id=2 word='suit'
2026-05-23 18:33:21.589 | INFO     | app.routers.get_word:get_antonyms:76 - Get antonyms success: suit
2026-05-23 18:33:21.589 | INFO     | app.main:log_requests:77 - Response status: 200
2026-05-23 18:33:21.593 | INFO     | app.main:log_requests:69 - Incoming request: POST http://127.0.0.1:8000/frontend-log
2026-05-23 18:33:21.594 | INFO     | app.routers.logs:receive_frontend_logs:10 - [INFO] get_antonyms response shape {'keys': ['word', 'translation', 'part_of_speech', 'transcription', 'examples', 'synonyms', 'antonyms', 'created_at', 'updated_at']}
2026-05-23 18:33:21.594 | INFO     | app.main:log_requests:77 - Response status: 200
